{
"type": "FeatureCollection",
"name": "grid_c031c38f",
"crs": { "type": "name", "properties": { "name": "urn:ogc:def:crs:OGC:1.3:CRS84" } },
"features": [
{ "type": "Feature", "properties": { "cell_id": 0, "node_count": 0.0, "total_length": 0.0, "avg_degree": 0.0, "poi_count": 0, "text_des": "", "poi_categories": [ ] }, "geometry": { "type": "Polygon", "coordinates": [ [ [ 27.141411389679895, 31.312158021546722 ], [ 27.141411389679895, 31.316662526051225 ], [ 27.136906885175392, 31.316662526051225 ], [ 27.136906885175392, 31.312158021546722 ], [ 27.141411389679895, 31.312158021546722 ] ] ] } },
{ "type": "Feature", "properties": { "cell_id": 1, "node_count": 0.0, "total_length": 0.0, "avg_degree": 0.0, "poi_count": 0, "text_des": "", "poi_categories": [ ] }, "geometry": { "type": "Polygon", "coordinates": [ [ [ 27.141411389679895, 31.316662526051225 ], [ 27.141411389679895, 31.321167030555728 ], [ 27.136906885175392, 31.321167030555728 ], [ 27.136906885175392, 31.316662526051225 ], [ 27.141411389679895, 31.316662526051225 ] ] ] } },
{ "type": "Feature", "properties": { "cell_id": 2, "node_count": 0.0, "total_length": 0.0, "avg_degree": 0.0, "poi_count": 0, "text_des": "", "poi_categories": [ ] }, "geometry": { "type": "Polygon", "coordinates": [ [ [ 27.141411389679895, 31.321167030555731 ], [ 27.141411389679895, 31.325671535060234 ], [ 27.136906885175392, 31.325671535060234 ], [ 27.136906885175392, 31.321167030555731 ], [ 27.141411389679895, 31.321167030555731 ] ] ] } },
{ "type": "Feature", "properties": { "cell_id": 3, "node_count": 0.0, "total_length": 0.0, "avg_degree": 0.0, "poi_count": 0, "text_des": "", "poi_categories": [ ] }, "geometry": { "type": "Polygon", "coordinates": [ [ [ 27.141411389679895, 31.325671535060234 ], [ 27.141411389679895, 31.330176039564737 ], [ 27.136906885175392, 31.330176039564737 ], [ 27.136906885175392, 31.325671535060234 ], [ 27.141411389679895, 31.325671535060234 ] ] ] } },
{ "type": "Feature", "properties": { "cell_id": 4, "node_count": 0.0, "total_length": 0.0, "avg_degree": 0.0, "poi_count": 0, "text_des": "", "poi_categories": [ ] }, "geometry": { "type": "Polygon", "coordinates": [ [ [ 27.141411389679895, 31.330176039564741 ], [ 27.141411389679895, 31.334680544069244 ], [ 27.136906885175392, 31.334680544069244 ], [ 27.136906885175392, 31.330176039564741 ], [ 27.141411389679895, 31.330176039564741 ] ] ] } },
{ "type": "Feature", "properties": { "cell_id": 5, "node_count": 0.0, "total_length": 0.0, "avg_degree": 0.0, "poi_count": 0, "text_des": "", "poi_categories": [ ] }, "geometry": { "type": "Polygon", "coordinates": [ [ [ 27.141411389679895, 31.334680544069244 ], [ 27.141411389679895, 31.339185048573746 ], [ 27.136906885175392, 31.339185048573746 ], [ 27.136906885175392, 31.334680544069244 ], [ 27.141411389679895, 31.334680544069244 ] ] ] } },
{ "type": "Feature", "properties": { "cell_id": 6, "node_count": 0.0, "total_length": 0.0, "avg_degree": 0.0, "poi_count": 0, "text_des": "", "poi_categories": [ ] }, "geometry": { "type": "Polygon", "coordinates": [ [ [ 27.141411389679895, 31.33918504857375 ], [ 27.141411389679895, 31.343689553078253 ], [ 27.136906885175392, 31.343689553078253 ], [ 27.136906885175392, 31.33918504857375 ], [ 27.141411389679895, 31.33918504857375 ] ] ] } },
{ "type": "Feature", "properties": { "cell_id": 7, "node_count": 0.0, "total_length": 0.0, "avg_degree": 0.0, "poi_count": 0, "text_des": "", "poi_categories": [ ] }, "geometry": { "type": "Polygon", "coordinates": [ [ [ 27.141411389679895, 31.343689553078253 ], [ 27.141411389679895, 31.348194057582756 ], [ 27.136906885175392, 31.348194057582756 ], [ 27.136906885175392, 31.343689553078253 ], [ 27.141411389679895, 31.343689553078253 ] ] ] } },
{ "type": "Feature", "properties": { "cell_id": 8, "node_count": 0.0, "total_length": 0.0, "avg_degree": 0.0, "poi_count": 0, "text_des": "", "poi_categories": [ ] }, "geometry": { "type": "Polygon", "coordinates": [ [ [ 27.141411389679895, 31.348194057582759 ], [ 27.141411389679895, 31.352698562087262 ], [ 27.136906885175392, 31.352698562087262 ], [ 27.136906885175392, 31.348194057582759 ], [ 27.141411389679895, 31.348194057582759 ] ] ] } },
{ "type": "Feature", "properties": { "cell_id": 9, "node_count": 0.0, "total_length": 0.0, "avg_degree": 0.0, "poi_count": 0, "text_des": "", "poi_categories": [ ] }, "geometry": { "type": "Polygon", "coordinates": [ [ [ 27.141411389679895, 31.352698562087262 ], [ 27.141411389679895, 31.357203066591765 ], [ 27.136906885175392, 31.357203066591765 ], [ 27.136906885175392, 31.352698562087262 ], [ 27.141411389679895, 31.352698562087262 ] ] ] } },
{ "type": "Feature", "properties": { "cell_id": 10, "node_count": 0.0, "total_length": 0.0, "avg_degree": 0.0, "poi_count": 0, "text_des": "", "poi_categories": [ ] }, "geometry": { "type": "Polygon", "coordinates": [ [ [ 27.141411389679895, 31.357203066591769 ], [ 27.141411389679895, 31.361707571096272 ], [ 27.136906885175392, 31.361707571096272 ], [ 27.136906885175392, 31.357203066591769 ], [ 27.141411389679895, 31.357203066591769 ] ] ] } },
{ "type": "Feature", "properties": { "cell_id": 11, "node_count": 0.0, "total_length": 0.0, "avg_degree": 0.0, "poi_count": 0, "text_des": "", "poi_categories": [ ] }, "geometry": { "type": "Polygon", "coordinates": [ [ [ 27.141411389679895, 31.361707571096272 ], [ 27.141411389679895, 31.366212075600775 ], [ 27.136906885175392, 31.366212075600775 ], [ 27.136906885175392, 31.361707571096272 ], [ 27.141411389679895, 31.361707571096272 ] ] ] } },
{ "type": "Feature", "properties": { "cell_id": 12, "node_count": 0.0, "total_length": 0.0, "avg_degree": 0.0, "poi_count": 0, "text_des": "", "poi_categories": [ ] }, "geometry": { "type": "Polygon", "coordinates": [ [ [ 27.141411389679895, 31.366212075600775 ], [ 27.141411389679895, 31.370716580105277 ], [ 27.136906885175392, 31.370716580105277 ], [ 27.136906885175392, 31.366212075600775 ], [ 27.141411389679895, 31.366212075600775 ] ] ] } },
{ "type": "Feature", "properties": { "cell_id": 13, "node_count": 0.0, "total_length": 0.0, "avg_degree": 0.0, "poi_count": 0, "text_des": "", "poi_categories": [ ] }, "geometry": { "type": "Polygon", "coordinates": [ [ [ 27.141411389679895, 31.370716580105281 ], [ 27.141411389679895, 31.375221084609784 ], [ 27.136906885175392, 31.375221084609784 ], [ 27.136906885175392, 31.370716580105281 ], [ 27.141411389679895, 31.370716580105281 ] ] ] } },
{ "type": "Feature", "properties": { "cell_id": 14, "node_count": 0.0, "total_length": 0.0, "avg_degree": 0.0, "poi_count": 0, "text_des": "", "poi_categories": [ ] }, "geometry": { "type": "Polygon", "coordinates": [ [ [ 27.141411389679895, 31.375221084609784 ], [ 27.141411389679895, 31.379725589114287 ], [ 27.136906885175392, 31.379725589114287 ], [ 27.136906885175392, 31.375221084609784 ], [ 27.141411389679895, 31.375221084609784 ] ] ] } },
{ "type": "Feature", "properties": { "cell_id": 15, "node_count": 0.0, "total_length": 0.0, "avg_degree": 0.0, "poi_count": 0, "text_des": "", "poi_categories": [ ] }, "geometry": { "type": "Polygon", "coordinates": [ [ [ 27.145915894184398, 31.312158021546722 ], [ 27.145915894184398, 31.316662526051225 ], [ 27.141411389679895, 31.316662526051225 ], [ 27.141411389679895, 31.312158021546722 ], [ 27.145915894184398, 31.312158021546722 ] ] ] } },
{ "type": "Feature", "properties": { "cell_id": 16, "node_count": 0.0, "total_length": 0.0, "avg_degree": 0.0, "poi_count": 0, "text_des": "", "poi_categories": [ ] }, "geometry": { "type": "Polygon", "coordinates": [ [ [ 27.145915894184398, 31.316662526051225 ], [ 27.145915894184398, 31.321167030555728 ], [ 27.141411389679895, 31.321167030555728 ], [ 27.141411389679895, 31.316662526051225 ], [ 27.145915894184398, 31.316662526051225 ] ] ] } },
{ "type": "Feature", "properties": { "cell_id": 17, "node_count": 0.0, "total_length": 0.0, "avg_degree": 0.0, "poi_count": 0, "text_des": "", "poi_categories": [ ] }, "geometry": { "type": "Polygon", "coordinates": [ [ [ 27.145915894184398, 31.321167030555731 ], [ 27.145915894184398, 31.325671535060234 ], [ 27.141411389679895, 31.325671535060234 ], [ 27.141411389679895, 31.321167030555731 ], [ 27.145915894184398, 31.321167030555731 ] ] ] } },
{ "type": "Feature", "properties": { "cell_id": 18, "node_count": 0.0, "total_length": 0.0, "avg_degree": 0.0, "poi_count": 0, "text_des": "", "poi_categories": [ ] }, "geometry": { "type": "Polygon", "coordinates": [ [ [ 27.145915894184398, 31.325671535060234 ], [ 27.145915894184398, 31.330176039564737 ], [ 27.141411389679895, 31.330176039564737 ], [ 27.141411389679895, 31.325671535060234 ], [ 27.145915894184398, 31.325671535060234 ] ] ] } },
{ "type": "Feature", "properties": { "cell_id": 19, "node_count": 0.0, "total_length": 0.0, "avg_degree": 0.0, "poi_count": 0, "text_des": "", "poi_categories": [ ] }, "geometry": { "type": "Polygon", "coordinates": [ [ [ 27.145915894184398, 31.330176039564741 ], [ 27.145915894184398, 31.334680544069244 ], [ 27.141411389679895, 31.334680544069244 ], [ 27.141411389679895, 31.330176039564741 ], [ 27.145915894184398, 31.330176039564741 ] ] ] } },
{ "type": "Feature", "properties": { "cell_id": 20, "node_count": 0.0, "total_length": 0.0, "avg_degree": 0.0, "poi_count": 0, "text_des": "", "poi_categories": [ ] }, "geometry": { "type": "Polygon", "coordinates": [ [ [ 27.145915894184398, 31.334680544069244 ], [ 27.145915894184398, 31.339185048573746 ], [ 27.141411389679895, 31.339185048573746 ], [ 27.141411389679895, 31.334680544069244 ], [ 27.145915894184398, 31.334680544069244 ] ] ] } },
{ "type": "Feature", "properties": { "cell_id": 21, "node_count": 0.0, "total_length": 0.0, "avg_degree": 0.0, "poi_count": 0, "text_des": "", "poi_categories": [ ] }, "geometry": { "type": "Polygon", "coordinates": [ [ [ 27.145915894184398, 31.33918504857375 ], [ 27.145915894184398, 31.343689553078253 ], [ 27.141411389679895, 31.343689553078253 ], [ 27.141411389679895, 31.33918504857375 ], [ 27.145915894184398, 31.33918504857375 ] ] ] } },
{ "type": "Feature", "properties": { "cell_id": 22, "node_count": 0.0, "total_length": 0.0, "avg_degree": 0.0, "poi_count": 0, "text_des": "", "poi_categories": [ ] }, "geometry": { "type": "Polygon", "coordinates": [ [ [ 27.145915894184398, 31.343689553078253 ], [ 27.145915894184398, 31.348194057582756 ], [ 27.141411389679895, 31.348194057582756 ], [ 27.141411389679895, 31.343689553078253 ], [ 27.145915894184398, 31.343689553078253 ] ] ] } },
{ "type": "Feature", "properties": { "cell_id": 23, "node_count": 0.0, "total_length": 0.0, "avg_degree": 0.0, "poi_count": 0, "text_des": "", "poi_categories": [ ] }, "geometry": { "type": "Polygon", "coordinates": [ [ [ 27.145915894184398, 31.348194057582759 ], [ 27.145915894184398, 31.352698562087262 ], [ 27.141411389679895, 31.352698562087262 ], [ 27.141411389679895, 31.348194057582759 ], [ 27.145915894184398, 31.348194057582759 ] ] ] } },
{ "type": "Feature", "properties": { "cell_id": 24, "node_count": 0.0, "total_length": 0.0, "avg_degree": 0.0, "poi_count": 0, "text_des": "", "poi_categories": [ ] }, "geometry": { "type": "Polygon", "coordinates": [ [ [ 27.145915894184398, 31.352698562087262 ], [ 27.145915894184398, 31.357203066591765 ], [ 27.141411389679895, 31.357203066591765 ], [ 27.141411389679895, 31.352698562087262 ], [ 27.145915894184398, 31.352698562087262 ] ] ] } },
{ "type": "Feature", "properties": { "cell_id": 25, "node_count": 0.0, "total_length": 0.0, "avg_degree": 0.0, "poi_count": 0, "text_des": "", "poi_categories": [ ] }, "geometry": { "type": "Polygon", "coordinates": [ [ [ 27.145915894184398, 31.357203066591769 ], [ 27.145915894184398, 31.361707571096272 ], [ 27.141411389679895, 31.361707571096272 ], [ 27.141411389679895, 31.357203066591769 ], [ 27.145915894184398, 31.357203066591769 ] ] ] } },
{ "type": "Feature", "properties": { "cell_id": 26, "node_count": 0.0, "total_length": 0.0, "avg_degree": 0.0, "poi_count": 0, "text_des": "", "poi_categories": [ ] }, "geometry": { "type": "Polygon", "coordinates": [ [ [ 27.145915894184398, 31.361707571096272 ], [ 27.145915894184398, 31.366212075600775 ], [ 27.141411389679895, 31.366212075600775 ], [ 27.141411389679895, 31.361707571096272 ], [ 27.145915894184398, 31.361707571096272 ] ] ] } },
{ "type": "Feature", "properties": { "cell_id": 27, "node_count": 0.0, "total_length": 0.0, "avg_degree": 0.0, "poi_count": 0, "text_des": "", "poi_categories": [ ] }, "geometry": { "type": "Polygon", "coordinates": [ [ [ 27.145915894184398, 31.366212075600775 ], [ 27.145915894184398, 31.370716580105277 ], [ 27.141411389679895, 31.370716580105277 ], [ 27.141411389679895, 31.366212075600775 ], [ 27.145915894184398, 31.366212075600775 ] ] ] } },
{ "type": "Feature", "properties": { "cell_id": 28, "node_count": 0.0, "total_length": 0.0, "avg_degree": 0.0, "poi_count": 0, "text_des": "", "poi_categories": [ ] }, "geometry": { "type": "Polygon", "coordinates": [ [ [ 27.145915894184398, 31.370716580105281 ], [ 27.145915894184398, 31.375221084609784 ], [ 27.141411389679895, 31.375221084609784 ], [ 27.141411389679895, 31.370716580105281 ], [ 27.145915894184398, 31.370716580105281 ] ] ] } },
{ "type": "Feature", "properties": { "cell_id": 29, "node_count": 0.0, "total_length": 0.0, "avg_degree": 0.0, "poi_count": 0, "text_des": "", "poi_categories": [ ] }, "geometry": { "type": "Polygon", "coordinates": [ [ [ 27.145915894184398, 31.375221084609784 ], [ 27.145915894184398, 31.379725589114287 ], [ 27.141411389679895, 31.379725589114287 ], [ 27.141411389679895, 31.375221084609784 ], [ 27.145915894184398, 31.375221084609784 ] ] ] } },
{ "type": "Feature", "properties": { "cell_id": 30, "node_count": 0.0, "total_length": 0.0, "avg_degree": 0.0, "poi_count": 0, "text_des": "", "poi_categories": [ ] }, "geometry": { "type": "Polygon", "coordinates": [ [ [ 27.150420398688905, 31.312158021546722 ], [ 27.150420398688905, 31.316662526051225 ], [ 27.145915894184402, 31.316662526051225 ], [ 27.145915894184402, 31.312158021546722 ], [ 27.150420398688905, 31.312158021546722 ] ] ] } },
{ "type": "Feature", "properties": { "cell_id": 31, "node_count": 0.0, "total_length": 0.0, "avg_degree": 0.0, "poi_count": 0, "text_des": "", "poi_categories": [ ] }, "geometry": { "type": "Polygon", "coordinates": [ [ [ 27.150420398688905, 31.316662526051225 ], [ 27.150420398688905, 31.321167030555728 ], [ 27.145915894184402, 31.321167030555728 ], [ 27.145915894184402, 31.316662526051225 ], [ 27.150420398688905, 31.316662526051225 ] ] ] } },
{ "type": "Feature", "properties": { "cell_id": 32, "node_count": 0.0, "total_length": 0.0, "avg_degree": 0.0, "poi_count": 0, "text_des": "", "poi_categories": [ ] }, "geometry": { "type": "Polygon", "coordinates": [ [ [ 27.150420398688905, 31.321167030555731 ], [ 27.150420398688905, 31.325671535060234 ], [ 27.145915894184402, 31.325671535060234 ], [ 27.145915894184402, 31.321167030555731 ], [ 27.150420398688905, 31.321167030555731 ] ] ] } },
{ "type": "Feature", "properties": { "cell_id": 33, "node_count": 0.0, "total_length": 0.0, "avg_degree": 0.0, "poi_count": 0, "text_des": "", "poi_categories": [ ] }, "geometry": { "type": "Polygon", "coordinates": [ [ [ 27.150420398688905, 31.325671535060234 ], [ 27.150420398688905, 31.330176039564737 ], [ 27.145915894184402, 31.330176039564737 ], [ 27.145915894184402, 31.325671535060234 ], [ 27.150420398688905, 31.325671535060234 ] ] ] } },
{ "type": "Feature", "properties": { "cell_id": 34, "node_count": 0.0, "total_length": 0.0, "avg_degree": 0.0, "poi_count": 0, "text_des": "", "poi_categories": [ ] }, "geometry": { "type": "Polygon", "coordinates": [ [ [ 27.150420398688905, 31.330176039564741 ], [ 27.150420398688905, 31.334680544069244 ], [ 27.145915894184402, 31.334680544069244 ], [ 27.145915894184402, 31.330176039564741 ], [ 27.150420398688905, 31.330176039564741 ] ] ] } },
{ "type": "Feature", "properties": { "cell_id": 35, "node_count": 0.0, "total_length": 0.0, "avg_degree": 0.0, "poi_count": 0, "text_des": "", "poi_categories": [ ] }, "geometry": { "type": "Polygon", "coordinates": [ [ [ 27.150420398688905, 31.334680544069244 ], [ 27.150420398688905, 31.339185048573746 ], [ 27.145915894184402, 31.339185048573746 ], [ 27.145915894184402, 31.334680544069244 ], [ 27.150420398688905, 31.334680544069244 ] ] ] } },
{ "type": "Feature", "properties": { "cell_id": 36, "node_count": 0.0, "total_length": 0.0, "avg_degree": 0.0, "poi_count": 0, "text_des": "", "poi_categories": [ ] }, "geometry": { "type": "Polygon", "coordinates": [ [ [ 27.150420398688905, 31.33918504857375 ], [ 27.150420398688905, 31.343689553078253 ], [ 27.145915894184402, 31.343689553078253 ], [ 27.145915894184402, 31.33918504857375 ], [ 27.150420398688905, 31.33918504857375 ] ] ] } },
{ "type": "Feature", "properties": { "cell_id": 37, "node_count": 0.0, "total_length": 0.0, "avg_degree": 0.0, "poi_count": 0, "text_des": "", "poi_categories": [ ] }, "geometry": { "type": "Polygon", "coordinates": [ [ [ 27.150420398688905, 31.343689553078253 ], [ 27.150420398688905, 31.348194057582756 ], [ 27.145915894184402, 31.348194057582756 ], [ 27.145915894184402, 31.343689553078253 ], [ 27.150420398688905, 31.343689553078253 ] ] ] } },
{ "type": "Feature", "properties": { "cell_id": 38, "node_count": 0.0, "total_length": 0.0, "avg_degree": 0.0, "poi_count": 0, "text_des": "", "poi_categories": [ ] }, "geometry": { "type": "Polygon", "coordinates": [ [ [ 27.150420398688905, 31.348194057582759 ], [ 27.150420398688905, 31.352698562087262 ], [ 27.145915894184402, 31.352698562087262 ], [ 27.145915894184402, 31.348194057582759 ], [ 27.150420398688905, 31.348194057582759 ] ] ] } },
{ "type": "Feature", "properties": { "cell_id": 39, "node_count": 0.0, "total_length": 0.0, "avg_degree": 0.0, "poi_count": 0, "text_des": "", "poi_categories": [ ] }, "geometry": { "type": "Polygon", "coordinates": [ [ [ 27.150420398688905, 31.352698562087262 ], [ 27.150420398688905, 31.357203066591765 ], [ 27.145915894184402, 31.357203066591765 ], [ 27.145915894184402, 31.352698562087262 ], [ 27.150420398688905, 31.352698562087262 ] ] ] } },
{ "type": "Feature", "properties": { "cell_id": 40, "node_count": 0.0, "total_length": 0.0, "avg_degree": 0.0, "poi_count": 0, "text_des": "", "poi_categories": [ ] }, "geometry": { "type": "Polygon", "coordinates": [ [ [ 27.150420398688905, 31.357203066591769 ], [ 27.150420398688905, 31.361707571096272 ], [ 27.145915894184402, 31.361707571096272 ], [ 27.145915894184402, 31.357203066591769 ], [ 27.150420398688905, 31.357203066591769 ] ] ] } },
{ "type": "Feature", "properties": { "cell_id": 41, "node_count": 0.0, "total_length": 0.0, "avg_degree": 0.0, "poi_count": 0, "text_des": "", "poi_categories": [ ] }, "geometry": { "type": "Polygon", "coordinates": [ [ [ 27.150420398688905, 31.361707571096272 ], [ 27.150420398688905, 31.366212075600775 ], [ 27.145915894184402, 31.366212075600775 ], [ 27.145915894184402, 31.361707571096272 ], [ 27.150420398688905, 31.361707571096272 ] ] ] } },
{ "type": "Feature", "properties": { "cell_id": 42, "node_count": 0.0, "total_length": 0.0, "avg_degree": 0.0, "poi_count": 0, "text_des": "", "poi_categories": [ ] }, "geometry": { "type": "Polygon", "coordinates": [ [ [ 27.150420398688905, 31.366212075600775 ], [ 27.150420398688905, 31.370716580105277 ], [ 27.145915894184402, 31.370716580105277 ], [ 27.145915894184402, 31.366212075600775 ], [ 27.150420398688905, 31.366212075600775 ] ] ] } },
{ "type": "Feature", "properties": { "cell_id": 43, "node_count": 0.0, "total_length": 0.0, "avg_degree": 0.0, "poi_count": 0, "text_des": "", "poi_categories": [ ] }, "geometry": { "type": "Polygon", "coordinates": [ [ [ 27.150420398688905, 31.370716580105281 ], [ 27.150420398688905, 31.375221084609784 ], [ 27.145915894184402, 31.375221084609784 ], [ 27.145915894184402, 31.370716580105281 ], [ 27.150420398688905, 31.370716580105281 ] ] ] } },
{ "type": "Feature", "properties": { "cell_id": 44, "node_count": 0.0, "total_length": 0.0, "avg_degree": 0.0, "poi_count": 0, "text_des": "", "poi_categories": [ ] }, "geometry": { "type": "Polygon", "coordinates": [ [ [ 27.150420398688905, 31.375221084609784 ], [ 27.150420398688905, 31.379725589114287 ], [ 27.145915894184402, 31.379725589114287 ], [ 27.145915894184402, 31.375221084609784 ], [ 27.150420398688905, 31.375221084609784 ] ] ] } },
{ "type": "Feature", "properties": { "cell_id": 45, "node_count": 0.0, "total_length": 0.0, "avg_degree": 0.0, "poi_count": 0, "text_des": "", "poi_categories": [ ] }, "geometry": { "type": "Polygon", "coordinates": [ [ [ 27.154924903193407, 31.312158021546722 ], [ 27.154924903193407, 31.316662526051225 ], [ 27.150420398688905, 31.316662526051225 ], [ 27.150420398688905, 31.312158021546722 ], [ 27.154924903193407, 31.312158021546722 ] ] ] } },
{ "type": "Feature", "properties": { "cell_id": 46, "node_count": 0.0, "total_length": 0.0, "avg_degree": 0.0, "poi_count": 0, "text_des": "", "poi_categories": [ ] }, "geometry": { "type": "Polygon", "coordinates": [ [ [ 27.154924903193407, 31.316662526051225 ], [ 27.154924903193407, 31.321167030555728 ], [ 27.150420398688905, 31.321167030555728 ], [ 27.150420398688905, 31.316662526051225 ], [ 27.154924903193407, 31.316662526051225 ] ] ] } },
{ "type": "Feature", "properties": { "cell_id": 47, "node_count": 0.0, "total_length": 0.0, "avg_degree": 0.0, "poi_count": 0, "text_des": "", "poi_categories": [ ] }, "geometry": { "type": "Polygon", "coordinates": [ [ [ 27.154924903193407, 31.321167030555731 ], [ 27.154924903193407, 31.325671535060234 ], [ 27.150420398688905, 31.325671535060234 ], [ 27.150420398688905, 31.321167030555731 ], [ 27.154924903193407, 31.321167030555731 ] ] ] } },
{ "type": "Feature", "properties": { "cell_id": 48, "node_count": 0.0, "total_length": 0.0, "avg_degree": 0.0, "poi_count": 0, "text_des": "", "poi_categories": [ ] }, "geometry": { "type": "Polygon", "coordinates": [ [ [ 27.154924903193407, 31.325671535060234 ], [ 27.154924903193407, 31.330176039564737 ], [ 27.150420398688905, 31.330176039564737 ], [ 27.150420398688905, 31.325671535060234 ], [ 27.154924903193407, 31.325671535060234 ] ] ] } },
{ "type": "Feature", "properties": { "cell_id": 49, "node_count": 0.0, "total_length": 0.0, "avg_degree": 0.0, "poi_count": 0, "text_des": "", "poi_categories": [ ] }, "geometry": { "type": "Polygon", "coordinates": [ [ [ 27.154924903193407, 31.330176039564741 ], [ 27.154924903193407, 31.334680544069244 ], [ 27.150420398688905, 31.334680544069244 ], [ 27.150420398688905, 31.330176039564741 ], [ 27.154924903193407, 31.330176039564741 ] ] ] } },
{ "type": "Feature", "properties": { "cell_id": 50, "node_count": 0.0, "total_length": 0.0, "avg_degree": 0.0, "poi_count": 0, "text_des": "", "poi_categories": [ ] }, "geometry": { "type": "Polygon", "coordinates": [ [ [ 27.154924903193407, 31.334680544069244 ], [ 27.154924903193407, 31.339185048573746 ], [ 27.150420398688905, 31.339185048573746 ], [ 27.150420398688905, 31.334680544069244 ], [ 27.154924903193407, 31.334680544069244 ] ] ] } },
{ "type": "Feature", "properties": { "cell_id": 51, "node_count": 0.0, "total_length": 0.0, "avg_degree": 0.0, "poi_count": 0, "text_des": "", "poi_categories": [ ] }, "geometry": { "type": "Polygon", "coordinates": [ [ [ 27.154924903193407, 31.33918504857375 ], [ 27.154924903193407, 31.343689553078253 ], [ 27.150420398688905, 31.343689553078253 ], [ 27.150420398688905, 31.33918504857375 ], [ 27.154924903193407, 31.33918504857375 ] ] ] } },
{ "type": "Feature", "properties": { "cell_id": 52, "node_count": 0.0, "total_length": 0.0, "avg_degree": 0.0, "poi_count": 0, "text_des": "", "poi_categories": [ ] }, "geometry": { "type": "Polygon", "coordinates": [ [ [ 27.154924903193407, 31.343689553078253 ], [ 27.154924903193407, 31.348194057582756 ], [ 27.150420398688905, 31.348194057582756 ], [ 27.150420398688905, 31.343689553078253 ], [ 27.154924903193407, 31.343689553078253 ] ] ] } },
{ "type": "Feature", "properties": { "cell_id": 53, "node_count": 0.0, "total_length": 0.0, "avg_degree": 0.0, "poi_count": 0, "text_des": "", "poi_categories": [ ] }, "geometry": { "type": "Polygon", "coordinates": [ [ [ 27.154924903193407, 31.348194057582759 ], [ 27.154924903193407, 31.352698562087262 ], [ 27.150420398688905, 31.352698562087262 ], [ 27.150420398688905, 31.348194057582759 ], [ 27.154924903193407, 31.348194057582759 ] ] ] } },
{ "type": "Feature", "properties": { "cell_id": 54, "node_count": 0.0, "total_length": 0.0, "avg_degree": 0.0, "poi_count": 0, "text_des": "", "poi_categories": [ ] }, "geometry": { "type": "Polygon", "coordinates": [ [ [ 27.154924903193407, 31.352698562087262 ], [ 27.154924903193407, 31.357203066591765 ], [ 27.150420398688905, 31.357203066591765 ], [ 27.150420398688905, 31.352698562087262 ], [ 27.154924903193407, 31.352698562087262 ] ] ] } },
{ "type": "Feature", "properties": { "cell_id": 55, "node_count": 0.0, "total_length": 0.0, "avg_degree": 0.0, "poi_count": 0, "text_des": "", "poi_categories": [ ] }, "geometry": { "type": "Polygon", "coordinates": [ [ [ 27.154924903193407, 31.357203066591769 ], [ 27.154924903193407, 31.361707571096272 ], [ 27.150420398688905, 31.361707571096272 ], [ 27.150420398688905, 31.357203066591769 ], [ 27.154924903193407, 31.357203066591769 ] ] ] } },
{ "type": "Feature", "properties": { "cell_id": 56, "node_count": 0.0, "total_length": 0.0, "avg_degree": 0.0, "poi_count": 0, "text_des": "", "poi_categories": [ ] }, "geometry": { "type": "Polygon", "coordinates": [ [ [ 27.154924903193407, 31.361707571096272 ], [ 27.154924903193407, 31.366212075600775 ], [ 27.150420398688905, 31.366212075600775 ], [ 27.150420398688905, 31.361707571096272 ], [ 27.154924903193407, 31.361707571096272 ] ] ] } },
{ "type": "Feature", "properties": { "cell_id": 57, "node_count": 0.0, "total_length": 0.0, "avg_degree": 0.0, "poi_count": 0, "text_des": "", "poi_categories": [ ] }, "geometry": { "type": "Polygon", "coordinates": [ [ [ 27.154924903193407, 31.366212075600775 ], [ 27.154924903193407, 31.370716580105277 ], [ 27.150420398688905, 31.370716580105277 ], [ 27.150420398688905, 31.366212075600775 ], [ 27.154924903193407, 31.366212075600775 ] ] ] } },
{ "type": "Feature", "properties": { "cell_id": 58, "node_count": 0.0, "total_length": 0.0, "avg_degree": 0.0, "poi_count": 0, "text_des": "", "poi_categories": [ ] }, "geometry": { "type": "Polygon", "coordinates": [ [ [ 27.154924903193407, 31.370716580105281 ], [ 27.154924903193407, 31.375221084609784 ], [ 27.150420398688905, 31.375221084609784 ], [ 27.150420398688905, 31.370716580105281 ], [ 27.154924903193407, 31.370716580105281 ] ] ] } },
{ "type": "Feature", "properties": { "cell_id": 59, "node_count": 0.0, "total_length": 0.0, "avg_degree": 0.0, "poi_count": 0, "text_des": "", "poi_categories": [ ] }, "geometry": { "type": "Polygon", "coordinates": [ [ [ 27.154924903193407, 31.375221084609784 ], [ 27.154924903193407, 31.379725589114287 ], [ 27.150420398688905, 31.379725589114287 ], [ 27.150420398688905, 31.375221084609784 ], [ 27.154924903193407, 31.375221084609784 ] ] ] } },
{ "type": "Feature", "properties": { "cell_id": 60, "node_count": 0.0, "total_length": 0.0, "avg_degree": 0.0, "poi_count": 0, "text_des": "", "poi_categories": [ ] }, "geometry": { "type": "Polygon", "coordinates": [ [ [ 27.159429407697914, 31.312158021546722 ], [ 27.159429407697914, 31.316662526051225 ], [ 27.154924903193411, 31.316662526051225 ], [ 27.154924903193411, 31.312158021546722 ], [ 27.159429407697914, 31.312158021546722 ] ] ] } },
{ "type": "Feature", "properties": { "cell_id": 61, "node_count": 0.0, "total_length": 0.0, "avg_degree": 0.0, "poi_count": 0, "text_des": "", "poi_categories": [ ] }, "geometry": { "type": "Polygon", "coordinates": [ [ [ 27.159429407697914, 31.316662526051225 ], [ 27.159429407697914, 31.321167030555728 ], [ 27.154924903193411, 31.321167030555728 ], [ 27.154924903193411, 31.316662526051225 ], [ 27.159429407697914, 31.316662526051225 ] ] ] } },
{ "type": "Feature", "properties": { "cell_id": 62, "node_count": 0.0, "total_length": 0.0, "avg_degree": 0.0, "poi_count": 0, "text_des": "", "poi_categories": [ ] }, "geometry": { "type": "Polygon", "coordinates": [ [ [ 27.159429407697914, 31.321167030555731 ], [ 27.159429407697914, 31.325671535060234 ], [ 27.154924903193411, 31.325671535060234 ], [ 27.154924903193411, 31.321167030555731 ], [ 27.159429407697914, 31.321167030555731 ] ] ] } },
{ "type": "Feature", "properties": { "cell_id": 63, "node_count": 0.0, "total_length": 0.0, "avg_degree": 0.0, "poi_count": 0, "text_des": "", "poi_categories": [ ] }, "geometry": { "type": "Polygon", "coordinates": [ [ [ 27.159429407697914, 31.325671535060234 ], [ 27.159429407697914, 31.330176039564737 ], [ 27.154924903193411, 31.330176039564737 ], [ 27.154924903193411, 31.325671535060234 ], [ 27.159429407697914, 31.325671535060234 ] ] ] } },
{ "type": "Feature", "properties": { "cell_id": 64, "node_count": 0.0, "total_length": 0.0, "avg_degree": 0.0, "poi_count": 0, "text_des": "", "poi_categories": [ ] }, "geometry": { "type": "Polygon", "coordinates": [ [ [ 27.159429407697914, 31.330176039564741 ], [ 27.159429407697914, 31.334680544069244 ], [ 27.154924903193411, 31.334680544069244 ], [ 27.154924903193411, 31.330176039564741 ], [ 27.159429407697914, 31.330176039564741 ] ] ] } },
{ "type": "Feature", "properties": { "cell_id": 65, "node_count": 0.0, "total_length": 0.0, "avg_degree": 0.0, "poi_count": 0, "text_des": "", "poi_categories": [ ] }, "geometry": { "type": "Polygon", "coordinates": [ [ [ 27.159429407697914, 31.334680544069244 ], [ 27.159429407697914, 31.339185048573746 ], [ 27.154924903193411, 31.339185048573746 ], [ 27.154924903193411, 31.334680544069244 ], [ 27.159429407697914, 31.334680544069244 ] ] ] } },
{ "type": "Feature", "properties": { "cell_id": 66, "node_count": 0.0, "total_length": 0.0, "avg_degree": 0.0, "poi_count": 0, "text_des": "", "poi_categories": [ ] }, "geometry": { "type": "Polygon", "coordinates": [ [ [ 27.159429407697914, 31.33918504857375 ], [ 27.159429407697914, 31.343689553078253 ], [ 27.154924903193411, 31.343689553078253 ], [ 27.154924903193411, 31.33918504857375 ], [ 27.159429407697914, 31.33918504857375 ] ] ] } },
{ "type": "Feature", "properties": { "cell_id": 67, "node_count": 0.0, "total_length": 0.0, "avg_degree": 0.0, "poi_count": 0, "text_des": "", "poi_categories": [ ] }, "geometry": { "type": "Polygon", "coordinates": [ [ [ 27.159429407697914, 31.343689553078253 ], [ 27.159429407697914, 31.348194057582756 ], [ 27.154924903193411, 31.348194057582756 ], [ 27.154924903193411, 31.343689553078253 ], [ 27.159429407697914, 31.343689553078253 ] ] ] } },
{ "type": "Feature", "properties": { "cell_id": 68, "node_count": 0.0, "total_length": 0.0, "avg_degree": 0.0, "poi_count": 0, "text_des": "", "poi_categories": [ ] }, "geometry": { "type": "Polygon", "coordinates": [ [ [ 27.159429407697914, 31.348194057582759 ], [ 27.159429407697914, 31.352698562087262 ], [ 27.154924903193411, 31.352698562087262 ], [ 27.154924903193411, 31.348194057582759 ], [ 27.159429407697914, 31.348194057582759 ] ] ] } },
{ "type": "Feature", "properties": { "cell_id": 69, "node_count": 0.0, "total_length": 0.0, "avg_degree": 0.0, "poi_count": 0, "text_des": "", "poi_categories": [ ] }, "geometry": { "type": "Polygon", "coordinates": [ [ [ 27.159429407697914, 31.352698562087262 ], [ 27.159429407697914, 31.357203066591765 ], [ 27.154924903193411, 31.357203066591765 ], [ 27.154924903193411, 31.352698562087262 ], [ 27.159429407697914, 31.352698562087262 ] ] ] } },
{ "type": "Feature", "properties": { "cell_id": 70, "node_count": 0.0, "total_length": 0.0, "avg_degree": 0.0, "poi_count": 0, "text_des": "", "poi_categories": [ ] }, "geometry": { "type": "Polygon", "coordinates": [ [ [ 27.159429407697914, 31.357203066591769 ], [ 27.159429407697914, 31.361707571096272 ], [ 27.154924903193411, 31.361707571096272 ], [ 27.154924903193411, 31.357203066591769 ], [ 27.159429407697914, 31.357203066591769 ] ] ] } },
{ "type": "Feature", "properties": { "cell_id": 71, "node_count": 0.0, "total_length": 0.0, "avg_degree": 0.0, "poi_count": 0, "text_des": "", "poi_categories": [ ] }, "geometry": { "type": "Polygon", "coordinates": [ [ [ 27.159429407697914, 31.361707571096272 ], [ 27.159429407697914, 31.366212075600775 ], [ 27.154924903193411, 31.366212075600775 ], [ 27.154924903193411, 31.361707571096272 ], [ 27.159429407697914, 31.361707571096272 ] ] ] } },
{ "type": "Feature", "properties": { "cell_id": 72, "node_count": 0.0, "total_length": 0.0, "avg_degree": 0.0, "poi_count": 0, "text_des": "", "poi_categories": [ ] }, "geometry": { "type": "Polygon", "coordinates": [ [ [ 27.159429407697914, 31.366212075600775 ], [ 27.159429407697914, 31.370716580105277 ], [ 27.154924903193411, 31.370716580105277 ], [ 27.154924903193411, 31.366212075600775 ], [ 27.159429407697914, 31.366212075600775 ] ] ] } },
{ "type": "Feature", "properties": { "cell_id": 73, "node_count": 0.0, "total_length": 0.0, "avg_degree": 0.0, "poi_count": 0, "text_des": "", "poi_categories": [ ] }, "geometry": { "type": "Polygon", "coordinates": [ [ [ 27.159429407697914, 31.370716580105281 ], [ 27.159429407697914, 31.375221084609784 ], [ 27.154924903193411, 31.375221084609784 ], [ 27.154924903193411, 31.370716580105281 ], [ 27.159429407697914, 31.370716580105281 ] ] ] } },
{ "type": "Feature", "properties": { "cell_id": 74, "node_count": 0.0, "total_length": 0.0, "avg_degree": 0.0, "poi_count": 0, "text_des": "", "poi_categories": [ ] }, "geometry": { "type": "Polygon", "coordinates": [ [ [ 27.159429407697914, 31.375221084609784 ], [ 27.159429407697914, 31.379725589114287 ], [ 27.154924903193411, 31.379725589114287 ], [ 27.154924903193411, 31.375221084609784 ], [ 27.159429407697914, 31.375221084609784 ] ] ] } },
{ "type": "Feature", "properties": { "cell_id": 75, "node_count": 0.0, "total_length": 0.0, "avg_degree": 0.0, "poi_count": 0, "text_des": "", "poi_categories": [ ] }, "geometry": { "type": "Polygon", "coordinates": [ [ [ 27.163933912202417, 31.312158021546722 ], [ 27.163933912202417, 31.316662526051225 ], [ 27.159429407697914, 31.316662526051225 ], [ 27.159429407697914, 31.312158021546722 ], [ 27.163933912202417, 31.312158021546722 ] ] ] } },
{ "type": "Feature", "properties": { "cell_id": 76, "node_count": 0.0, "total_length": 0.0, "avg_degree": 0.0, "poi_count": 0, "text_des": "", "poi_categories": [ ] }, "geometry": { "type": "Polygon", "coordinates": [ [ [ 27.163933912202417, 31.316662526051225 ], [ 27.163933912202417, 31.321167030555728 ], [ 27.159429407697914, 31.321167030555728 ], [ 27.159429407697914, 31.316662526051225 ], [ 27.163933912202417, 31.316662526051225 ] ] ] } },
{ "type": "Feature", "properties": { "cell_id": 77, "node_count": 0.0, "total_length": 0.0, "avg_degree": 0.0, "poi_count": 0, "text_des": "", "poi_categories": [ ] }, "geometry": { "type": "Polygon", "coordinates": [ [ [ 27.163933912202417, 31.321167030555731 ], [ 27.163933912202417, 31.325671535060234 ], [ 27.159429407697914, 31.325671535060234 ], [ 27.159429407697914, 31.321167030555731 ], [ 27.163933912202417, 31.321167030555731 ] ] ] } },
{ "type": "Feature", "properties": { "cell_id": 78, "node_count": 0.0, "total_length": 0.0, "avg_degree": 0.0, "poi_count": 0, "text_des": "", "poi_categories": [ ] }, "geometry": { "type": "Polygon", "coordinates": [ [ [ 27.163933912202417, 31.325671535060234 ], [ 27.163933912202417, 31.330176039564737 ], [ 27.159429407697914, 31.330176039564737 ], [ 27.159429407697914, 31.325671535060234 ], [ 27.163933912202417, 31.325671535060234 ] ] ] } },
{ "type": "Feature", "properties": { "cell_id": 79, "node_count": 0.0, "total_length": 0.0, "avg_degree": 0.0, "poi_count": 0, "text_des": "", "poi_categories": [ ] }, "geometry": { "type": "Polygon", "coordinates": [ [ [ 27.163933912202417, 31.330176039564741 ], [ 27.163933912202417, 31.334680544069244 ], [ 27.159429407697914, 31.334680544069244 ], [ 27.159429407697914, 31.330176039564741 ], [ 27.163933912202417, 31.330176039564741 ] ] ] } },
{ "type": "Feature", "properties": { "cell_id": 80, "node_count": 0.0, "total_length": 0.0, "avg_degree": 0.0, "poi_count": 0, "text_des": "", "poi_categories": [ ] }, "geometry": { "type": "Polygon", "coordinates": [ [ [ 27.163933912202417, 31.334680544069244 ], [ 27.163933912202417, 31.339185048573746 ], [ 27.159429407697914, 31.339185048573746 ], [ 27.159429407697914, 31.334680544069244 ], [ 27.163933912202417, 31.334680544069244 ] ] ] } },
{ "type": "Feature", "properties": { "cell_id": 81, "node_count": 0.0, "total_length": 0.0, "avg_degree": 0.0, "poi_count": 0, "text_des": "", "poi_categories": [ ] }, "geometry": { "type": "Polygon", "coordinates": [ [ [ 27.163933912202417, 31.33918504857375 ], [ 27.163933912202417, 31.343689553078253 ], [ 27.159429407697914, 31.343689553078253 ], [ 27.159429407697914, 31.33918504857375 ], [ 27.163933912202417, 31.33918504857375 ] ] ] } },
{ "type": "Feature", "properties": { "cell_id": 82, "node_count": 0.0, "total_length": 0.0, "avg_degree": 0.0, "poi_count": 0, "text_des": "", "poi_categories": [ ] }, "geometry": { "type": "Polygon", "coordinates": [ [ [ 27.163933912202417, 31.343689553078253 ], [ 27.163933912202417, 31.348194057582756 ], [ 27.159429407697914, 31.348194057582756 ], [ 27.159429407697914, 31.343689553078253 ], [ 27.163933912202417, 31.343689553078253 ] ] ] } },
{ "type": "Feature", "properties": { "cell_id": 83, "node_count": 0.0, "total_length": 0.0, "avg_degree": 0.0, "poi_count": 0, "text_des": "", "poi_categories": [ ] }, "geometry": { "type": "Polygon", "coordinates": [ [ [ 27.163933912202417, 31.348194057582759 ], [ 27.163933912202417, 31.352698562087262 ], [ 27.159429407697914, 31.352698562087262 ], [ 27.159429407697914, 31.348194057582759 ], [ 27.163933912202417, 31.348194057582759 ] ] ] } },
{ "type": "Feature", "properties": { "cell_id": 84, "node_count": 0.0, "total_length": 0.0, "avg_degree": 0.0, "poi_count": 0, "text_des": "", "poi_categories": [ ] }, "geometry": { "type": "Polygon", "coordinates": [ [ [ 27.163933912202417, 31.352698562087262 ], [ 27.163933912202417, 31.357203066591765 ], [ 27.159429407697914, 31.357203066591765 ], [ 27.159429407697914, 31.352698562087262 ], [ 27.163933912202417, 31.352698562087262 ] ] ] } },
{ "type": "Feature", "properties": { "cell_id": 85, "node_count": 0.0, "total_length": 0.0, "avg_degree": 0.0, "poi_count": 0, "text_des": "", "poi_categories": [ ] }, "geometry": { "type": "Polygon", "coordinates": [ [ [ 27.163933912202417, 31.357203066591769 ], [ 27.163933912202417, 31.361707571096272 ], [ 27.159429407697914, 31.361707571096272 ], [ 27.159429407697914, 31.357203066591769 ], [ 27.163933912202417, 31.357203066591769 ] ] ] } },
{ "type": "Feature", "properties": { "cell_id": 86, "node_count": 0.0, "total_length": 0.0, "avg_degree": 0.0, "poi_count": 0, "text_des": "", "poi_categories": [ ] }, "geometry": { "type": "Polygon", "coordinates": [ [ [ 27.163933912202417, 31.361707571096272 ], [ 27.163933912202417, 31.366212075600775 ], [ 27.159429407697914, 31.366212075600775 ], [ 27.159429407697914, 31.361707571096272 ], [ 27.163933912202417, 31.361707571096272 ] ] ] } },
{ "type": "Feature", "properties": { "cell_id": 87, "node_count": 0.0, "total_length": 0.0, "avg_degree": 0.0, "poi_count": 0, "text_des": "", "poi_categories": [ ] }, "geometry": { "type": "Polygon", "coordinates": [ [ [ 27.163933912202417, 31.366212075600775 ], [ 27.163933912202417, 31.370716580105277 ], [ 27.159429407697914, 31.370716580105277 ], [ 27.159429407697914, 31.366212075600775 ], [ 27.163933912202417, 31.366212075600775 ] ] ] } },
{ "type": "Feature", "properties": { "cell_id": 88, "node_count": 0.0, "total_length": 0.0, "avg_degree": 0.0, "poi_count": 0, "text_des": "", "poi_categories": [ ] }, "geometry": { "type": "Polygon", "coordinates": [ [ [ 27.163933912202417, 31.370716580105281 ], [ 27.163933912202417, 31.375221084609784 ], [ 27.159429407697914, 31.375221084609784 ], [ 27.159429407697914, 31.370716580105281 ], [ 27.163933912202417, 31.370716580105281 ] ] ] } },
{ "type": "Feature", "properties": { "cell_id": 89, "node_count": 0.0, "total_length": 0.0, "avg_degree": 0.0, "poi_count": 0, "text_des": "", "poi_categories": [ ] }, "geometry": { "type": "Polygon", "coordinates": [ [ [ 27.163933912202417, 31.375221084609784 ], [ 27.163933912202417, 31.379725589114287 ], [ 27.159429407697914, 31.379725589114287 ], [ 27.159429407697914, 31.375221084609784 ], [ 27.163933912202417, 31.375221084609784 ] ] ] } },
{ "type": "Feature", "properties": { "cell_id": 90, "node_count": 0.0, "total_length": 0.0, "avg_degree": 0.0, "poi_count": 0, "text_des": "", "poi_categories": [ ] }, "geometry": { "type": "Polygon", "coordinates": [ [ [ 27.168438416706923, 31.312158021546722 ], [ 27.168438416706923, 31.316662526051225 ], [ 27.16393391220242, 31.316662526051225 ], [ 27.16393391220242, 31.312158021546722 ], [ 27.168438416706923, 31.312158021546722 ] ] ] } },
{ "type": "Feature", "properties": { "cell_id": 91, "node_count": 0.0, "total_length": 0.0, "avg_degree": 0.0, "poi_count": 0, "text_des": "", "poi_categories": [ ] }, "geometry": { "type": "Polygon", "coordinates": [ [ [ 27.168438416706923, 31.316662526051225 ], [ 27.168438416706923, 31.321167030555728 ], [ 27.16393391220242, 31.321167030555728 ], [ 27.16393391220242, 31.316662526051225 ], [ 27.168438416706923, 31.316662526051225 ] ] ] } },
{ "type": "Feature", "properties": { "cell_id": 92, "node_count": 0.0, "total_length": 0.0, "avg_degree": 0.0, "poi_count": 0, "text_des": "", "poi_categories": [ ] }, "geometry": { "type": "Polygon", "coordinates": [ [ [ 27.168438416706923, 31.321167030555731 ], [ 27.168438416706923, 31.325671535060234 ], [ 27.16393391220242, 31.325671535060234 ], [ 27.16393391220242, 31.321167030555731 ], [ 27.168438416706923, 31.321167030555731 ] ] ] } },
{ "type": "Feature", "properties": { "cell_id": 93, "node_count": 0.0, "total_length": 0.0, "avg_degree": 0.0, "poi_count": 0, "text_des": "", "poi_categories": [ ] }, "geometry": { "type": "Polygon", "coordinates": [ [ [ 27.168438416706923, 31.325671535060234 ], [ 27.168438416706923, 31.330176039564737 ], [ 27.16393391220242, 31.330176039564737 ], [ 27.16393391220242, 31.325671535060234 ], [ 27.168438416706923, 31.325671535060234 ] ] ] } },
{ "type": "Feature", "properties": { "cell_id": 94, "node_count": 0.0, "total_length": 0.0, "avg_degree": 0.0, "poi_count": 0, "text_des": "", "poi_categories": [ ] }, "geometry": { "type": "Polygon", "coordinates": [ [ [ 27.168438416706923, 31.330176039564741 ], [ 27.168438416706923, 31.334680544069244 ], [ 27.16393391220242, 31.334680544069244 ], [ 27.16393391220242, 31.330176039564741 ], [ 27.168438416706923, 31.330176039564741 ] ] ] } },
{ "type": "Feature", "properties": { "cell_id": 95, "node_count": 0.0, "total_length": 0.0, "avg_degree": 0.0, "poi_count": 0, "text_des": "", "poi_categories": [ ] }, "geometry": { "type": "Polygon", "coordinates": [ [ [ 27.168438416706923, 31.334680544069244 ], [ 27.168438416706923, 31.339185048573746 ], [ 27.16393391220242, 31.339185048573746 ], [ 27.16393391220242, 31.334680544069244 ], [ 27.168438416706923, 31.334680544069244 ] ] ] } },
{ "type": "Feature", "properties": { "cell_id": 96, "node_count": 0.0, "total_length": 0.0, "avg_degree": 0.0, "poi_count": 0, "text_des": "", "poi_categories": [ ] }, "geometry": { "type": "Polygon", "coordinates": [ [ [ 27.168438416706923, 31.33918504857375 ], [ 27.168438416706923, 31.343689553078253 ], [ 27.16393391220242, 31.343689553078253 ], [ 27.16393391220242, 31.33918504857375 ], [ 27.168438416706923, 31.33918504857375 ] ] ] } },
{ "type": "Feature", "properties": { "cell_id": 97, "node_count": 0.0, "total_length": 0.0, "avg_degree": 0.0, "poi_count": 0, "text_des": "", "poi_categories": [ ] }, "geometry": { "type": "Polygon", "coordinates": [ [ [ 27.168438416706923, 31.343689553078253 ], [ 27.168438416706923, 31.348194057582756 ], [ 27.16393391220242, 31.348194057582756 ], [ 27.16393391220242, 31.343689553078253 ], [ 27.168438416706923, 31.343689553078253 ] ] ] } },
{ "type": "Feature", "properties": { "cell_id": 98, "node_count": 0.0, "total_length": 0.0, "avg_degree": 0.0, "poi_count": 0, "text_des": "", "poi_categories": [ ] }, "geometry": { "type": "Polygon", "coordinates": [ [ [ 27.168438416706923, 31.348194057582759 ], [ 27.168438416706923, 31.352698562087262 ], [ 27.16393391220242, 31.352698562087262 ], [ 27.16393391220242, 31.348194057582759 ], [ 27.168438416706923, 31.348194057582759 ] ] ] } },
{ "type": "Feature", "properties": { "cell_id": 99, "node_count": 0.0, "total_length": 0.0, "avg_degree": 0.0, "poi_count": 0, "text_des": "", "poi_categories": [ ] }, "geometry": { "type": "Polygon", "coordinates": [ [ [ 27.168438416706923, 31.352698562087262 ], [ 27.168438416706923, 31.357203066591765 ], [ 27.16393391220242, 31.357203066591765 ], [ 27.16393391220242, 31.352698562087262 ], [ 27.168438416706923, 31.352698562087262 ] ] ] } },
{ "type": "Feature", "properties": { "cell_id": 100, "node_count": 0.0, "total_length": 0.0, "avg_degree": 0.0, "poi_count": 0, "text_des": "", "poi_categories": [ ] }, "geometry": { "type": "Polygon", "coordinates": [ [ [ 27.168438416706923, 31.357203066591769 ], [ 27.168438416706923, 31.361707571096272 ], [ 27.16393391220242, 31.361707571096272 ], [ 27.16393391220242, 31.357203066591769 ], [ 27.168438416706923, 31.357203066591769 ] ] ] } },
{ "type": "Feature", "properties": { "cell_id": 101, "node_count": 0.0, "total_length": 0.0, "avg_degree": 0.0, "poi_count": 0, "text_des": "", "poi_categories": [ ] }, "geometry": { "type": "Polygon", "coordinates": [ [ [ 27.168438416706923, 31.361707571096272 ], [ 27.168438416706923, 31.366212075600775 ], [ 27.16393391220242, 31.366212075600775 ], [ 27.16393391220242, 31.361707571096272 ], [ 27.168438416706923, 31.361707571096272 ] ] ] } },
{ "type": "Feature", "properties": { "cell_id": 102, "node_count": 0.0, "total_length": 0.0, "avg_degree": 0.0, "poi_count": 0, "text_des": "", "poi_categories": [ ] }, "geometry": { "type": "Polygon", "coordinates": [ [ [ 27.168438416706923, 31.366212075600775 ], [ 27.168438416706923, 31.370716580105277 ], [ 27.16393391220242, 31.370716580105277 ], [ 27.16393391220242, 31.366212075600775 ], [ 27.168438416706923, 31.366212075600775 ] ] ] } },
{ "type": "Feature", "properties": { "cell_id": 103, "node_count": 0.0, "total_length": 0.0, "avg_degree": 0.0, "poi_count": 0, "text_des": "", "poi_categories": [ ] }, "geometry": { "type": "Polygon", "coordinates": [ [ [ 27.168438416706923, 31.370716580105281 ], [ 27.168438416706923, 31.375221084609784 ], [ 27.16393391220242, 31.375221084609784 ], [ 27.16393391220242, 31.370716580105281 ], [ 27.168438416706923, 31.370716580105281 ] ] ] } },
{ "type": "Feature", "properties": { "cell_id": 104, "node_count": 0.0, "total_length": 0.0, "avg_degree": 0.0, "poi_count": 0, "text_des": "", "poi_categories": [ ] }, "geometry": { "type": "Polygon", "coordinates": [ [ [ 27.168438416706923, 31.375221084609784 ], [ 27.168438416706923, 31.379725589114287 ], [ 27.16393391220242, 31.379725589114287 ], [ 27.16393391220242, 31.375221084609784 ], [ 27.168438416706923, 31.375221084609784 ] ] ] } },
{ "type": "Feature", "properties": { "cell_id": 105, "node_count": 0.0, "total_length": 0.0, "avg_degree": 0.0, "poi_count": 0, "text_des": "", "poi_categories": [ ] }, "geometry": { "type": "Polygon", "coordinates": [ [ [ 27.172942921211426, 31.312158021546722 ], [ 27.172942921211426, 31.316662526051225 ], [ 27.168438416706923, 31.316662526051225 ], [ 27.168438416706923, 31.312158021546722 ], [ 27.172942921211426, 31.312158021546722 ] ] ] } },
{ "type": "Feature", "properties": { "cell_id": 106, "node_count": 0.0, "total_length": 0.0, "avg_degree": 0.0, "poi_count": 0, "text_des": "", "poi_categories": [ ] }, "geometry": { "type": "Polygon", "coordinates": [ [ [ 27.172942921211426, 31.316662526051225 ], [ 27.172942921211426, 31.321167030555728 ], [ 27.168438416706923, 31.321167030555728 ], [ 27.168438416706923, 31.316662526051225 ], [ 27.172942921211426, 31.316662526051225 ] ] ] } },
{ "type": "Feature", "properties": { "cell_id": 107, "node_count": 0.0, "total_length": 0.0, "avg_degree": 0.0, "poi_count": 0, "text_des": "", "poi_categories": [ ] }, "geometry": { "type": "Polygon", "coordinates": [ [ [ 27.172942921211426, 31.321167030555731 ], [ 27.172942921211426, 31.325671535060234 ], [ 27.168438416706923, 31.325671535060234 ], [ 27.168438416706923, 31.321167030555731 ], [ 27.172942921211426, 31.321167030555731 ] ] ] } },
{ "type": "Feature", "properties": { "cell_id": 108, "node_count": 0.0, "total_length": 0.0, "avg_degree": 0.0, "poi_count": 0, "text_des": "", "poi_categories": [ ] }, "geometry": { "type": "Polygon", "coordinates": [ [ [ 27.172942921211426, 31.325671535060234 ], [ 27.172942921211426, 31.330176039564737 ], [ 27.168438416706923, 31.330176039564737 ], [ 27.168438416706923, 31.325671535060234 ], [ 27.172942921211426, 31.325671535060234 ] ] ] } },
{ "type": "Feature", "properties": { "cell_id": 109, "node_count": 0.0, "total_length": 0.0, "avg_degree": 0.0, "poi_count": 0, "text_des": "", "poi_categories": [ ] }, "geometry": { "type": "Polygon", "coordinates": [ [ [ 27.172942921211426, 31.330176039564741 ], [ 27.172942921211426, 31.334680544069244 ], [ 27.168438416706923, 31.334680544069244 ], [ 27.168438416706923, 31.330176039564741 ], [ 27.172942921211426, 31.330176039564741 ] ] ] } },
{ "type": "Feature", "properties": { "cell_id": 110, "node_count": 0.0, "total_length": 0.0, "avg_degree": 0.0, "poi_count": 0, "text_des": "", "poi_categories": [ ] }, "geometry": { "type": "Polygon", "coordinates": [ [ [ 27.172942921211426, 31.334680544069244 ], [ 27.172942921211426, 31.339185048573746 ], [ 27.168438416706923, 31.339185048573746 ], [ 27.168438416706923, 31.334680544069244 ], [ 27.172942921211426, 31.334680544069244 ] ] ] } },
{ "type": "Feature", "properties": { "cell_id": 111, "node_count": 0.0, "total_length": 0.0, "avg_degree": 0.0, "poi_count": 0, "text_des": "", "poi_categories": [ ] }, "geometry": { "type": "Polygon", "coordinates": [ [ [ 27.172942921211426, 31.33918504857375 ], [ 27.172942921211426, 31.343689553078253 ], [ 27.168438416706923, 31.343689553078253 ], [ 27.168438416706923, 31.33918504857375 ], [ 27.172942921211426, 31.33918504857375 ] ] ] } },
{ "type": "Feature", "properties": { "cell_id": 112, "node_count": 0.0, "total_length": 0.0, "avg_degree": 0.0, "poi_count": 0, "text_des": "", "poi_categories": [ ] }, "geometry": { "type": "Polygon", "coordinates": [ [ [ 27.172942921211426, 31.343689553078253 ], [ 27.172942921211426, 31.348194057582756 ], [ 27.168438416706923, 31.348194057582756 ], [ 27.168438416706923, 31.343689553078253 ], [ 27.172942921211426, 31.343689553078253 ] ] ] } },
{ "type": "Feature", "properties": { "cell_id": 113, "node_count": 0.0, "total_length": 0.0, "avg_degree": 0.0, "poi_count": 0, "text_des": "", "poi_categories": [ ] }, "geometry": { "type": "Polygon", "coordinates": [ [ [ 27.172942921211426, 31.348194057582759 ], [ 27.172942921211426, 31.352698562087262 ], [ 27.168438416706923, 31.352698562087262 ], [ 27.168438416706923, 31.348194057582759 ], [ 27.172942921211426, 31.348194057582759 ] ] ] } },
{ "type": "Feature", "properties": { "cell_id": 114, "node_count": 0.0, "total_length": 0.0, "avg_degree": 0.0, "poi_count": 0, "text_des": "", "poi_categories": [ ] }, "geometry": { "type": "Polygon", "coordinates": [ [ [ 27.172942921211426, 31.352698562087262 ], [ 27.172942921211426, 31.357203066591765 ], [ 27.168438416706923, 31.357203066591765 ], [ 27.168438416706923, 31.352698562087262 ], [ 27.172942921211426, 31.352698562087262 ] ] ] } },
{ "type": "Feature", "properties": { "cell_id": 115, "node_count": 0.0, "total_length": 0.0, "avg_degree": 0.0, "poi_count": 0, "text_des": "", "poi_categories": [ ] }, "geometry": { "type": "Polygon", "coordinates": [ [ [ 27.172942921211426, 31.357203066591769 ], [ 27.172942921211426, 31.361707571096272 ], [ 27.168438416706923, 31.361707571096272 ], [ 27.168438416706923, 31.357203066591769 ], [ 27.172942921211426, 31.357203066591769 ] ] ] } },
{ "type": "Feature", "properties": { "cell_id": 116, "node_count": 0.0, "total_length": 0.0, "avg_degree": 0.0, "poi_count": 0, "text_des": "", "poi_categories": [ ] }, "geometry": { "type": "Polygon", "coordinates": [ [ [ 27.172942921211426, 31.361707571096272 ], [ 27.172942921211426, 31.366212075600775 ], [ 27.168438416706923, 31.366212075600775 ], [ 27.168438416706923, 31.361707571096272 ], [ 27.172942921211426, 31.361707571096272 ] ] ] } },
{ "type": "Feature", "properties": { "cell_id": 117, "node_count": 0.0, "total_length": 0.0, "avg_degree": 0.0, "poi_count": 0, "text_des": "", "poi_categories": [ ] }, "geometry": { "type": "Polygon", "coordinates": [ [ [ 27.172942921211426, 31.366212075600775 ], [ 27.172942921211426, 31.370716580105277 ], [ 27.168438416706923, 31.370716580105277 ], [ 27.168438416706923, 31.366212075600775 ], [ 27.172942921211426, 31.366212075600775 ] ] ] } },
{ "type": "Feature", "properties": { "cell_id": 118, "node_count": 0.0, "total_length": 0.0, "avg_degree": 0.0, "poi_count": 0, "text_des": "", "poi_categories": [ ] }, "geometry": { "type": "Polygon", "coordinates": [ [ [ 27.172942921211426, 31.370716580105281 ], [ 27.172942921211426, 31.375221084609784 ], [ 27.168438416706923, 31.375221084609784 ], [ 27.168438416706923, 31.370716580105281 ], [ 27.172942921211426, 31.370716580105281 ] ] ] } },
{ "type": "Feature", "properties": { "cell_id": 119, "node_count": 0.0, "total_length": 0.0, "avg_degree": 0.0, "poi_count": 0, "text_des": "", "poi_categories": [ ] }, "geometry": { "type": "Polygon", "coordinates": [ [ [ 27.172942921211426, 31.375221084609784 ], [ 27.172942921211426, 31.379725589114287 ], [ 27.168438416706923, 31.379725589114287 ], [ 27.168438416706923, 31.375221084609784 ], [ 27.172942921211426, 31.375221084609784 ] ] ] } },
{ "type": "Feature", "properties": { "cell_id": 120, "node_count": 0.0, "total_length": 0.0, "avg_degree": 0.0, "poi_count": 0, "text_des": "", "poi_categories": [ ] }, "geometry": { "type": "Polygon", "coordinates": [ [ [ 27.177447425715933, 31.312158021546722 ], [ 27.177447425715933, 31.316662526051225 ], [ 27.17294292121143, 31.316662526051225 ], [ 27.17294292121143, 31.312158021546722 ], [ 27.177447425715933, 31.312158021546722 ] ] ] } },
{ "type": "Feature", "properties": { "cell_id": 121, "node_count": 0.0, "total_length": 0.0, "avg_degree": 0.0, "poi_count": 0, "text_des": "", "poi_categories": [ ] }, "geometry": { "type": "Polygon", "coordinates": [ [ [ 27.177447425715933, 31.316662526051225 ], [ 27.177447425715933, 31.321167030555728 ], [ 27.17294292121143, 31.321167030555728 ], [ 27.17294292121143, 31.316662526051225 ], [ 27.177447425715933, 31.316662526051225 ] ] ] } },
{ "type": "Feature", "properties": { "cell_id": 122, "node_count": 0.0, "total_length": 0.0, "avg_degree": 0.0, "poi_count": 0, "text_des": "", "poi_categories": [ ] }, "geometry": { "type": "Polygon", "coordinates": [ [ [ 27.177447425715933, 31.321167030555731 ], [ 27.177447425715933, 31.325671535060234 ], [ 27.17294292121143, 31.325671535060234 ], [ 27.17294292121143, 31.321167030555731 ], [ 27.177447425715933, 31.321167030555731 ] ] ] } },
{ "type": "Feature", "properties": { "cell_id": 123, "node_count": 0.0, "total_length": 0.0, "avg_degree": 0.0, "poi_count": 0, "text_des": "", "poi_categories": [ ] }, "geometry": { "type": "Polygon", "coordinates": [ [ [ 27.177447425715933, 31.325671535060234 ], [ 27.177447425715933, 31.330176039564737 ], [ 27.17294292121143, 31.330176039564737 ], [ 27.17294292121143, 31.325671535060234 ], [ 27.177447425715933, 31.325671535060234 ] ] ] } },
{ "type": "Feature", "properties": { "cell_id": 124, "node_count": 0.0, "total_length": 0.0, "avg_degree": 0.0, "poi_count": 0, "text_des": "", "poi_categories": [ ] }, "geometry": { "type": "Polygon", "coordinates": [ [ [ 27.177447425715933, 31.330176039564741 ], [ 27.177447425715933, 31.334680544069244 ], [ 27.17294292121143, 31.334680544069244 ], [ 27.17294292121143, 31.330176039564741 ], [ 27.177447425715933, 31.330176039564741 ] ] ] } },
{ "type": "Feature", "properties": { "cell_id": 125, "node_count": 0.0, "total_length": 0.0, "avg_degree": 0.0, "poi_count": 0, "text_des": "", "poi_categories": [ ] }, "geometry": { "type": "Polygon", "coordinates": [ [ [ 27.177447425715933, 31.334680544069244 ], [ 27.177447425715933, 31.339185048573746 ], [ 27.17294292121143, 31.339185048573746 ], [ 27.17294292121143, 31.334680544069244 ], [ 27.177447425715933, 31.334680544069244 ] ] ] } },
{ "type": "Feature", "properties": { "cell_id": 126, "node_count": 0.0, "total_length": 0.0, "avg_degree": 0.0, "poi_count": 0, "text_des": "", "poi_categories": [ ] }, "geometry": { "type": "Polygon", "coordinates": [ [ [ 27.177447425715933, 31.33918504857375 ], [ 27.177447425715933, 31.343689553078253 ], [ 27.17294292121143, 31.343689553078253 ], [ 27.17294292121143, 31.33918504857375 ], [ 27.177447425715933, 31.33918504857375 ] ] ] } },
{ "type": "Feature", "properties": { "cell_id": 127, "node_count": 0.0, "total_length": 0.0, "avg_degree": 0.0, "poi_count": 0, "text_des": "", "poi_categories": [ ] }, "geometry": { "type": "Polygon", "coordinates": [ [ [ 27.177447425715933, 31.343689553078253 ], [ 27.177447425715933, 31.348194057582756 ], [ 27.17294292121143, 31.348194057582756 ], [ 27.17294292121143, 31.343689553078253 ], [ 27.177447425715933, 31.343689553078253 ] ] ] } },
{ "type": "Feature", "properties": { "cell_id": 128, "node_count": 0.0, "total_length": 0.0, "avg_degree": 0.0, "poi_count": 0, "text_des": "", "poi_categories": [ ] }, "geometry": { "type": "Polygon", "coordinates": [ [ [ 27.177447425715933, 31.348194057582759 ], [ 27.177447425715933, 31.352698562087262 ], [ 27.17294292121143, 31.352698562087262 ], [ 27.17294292121143, 31.348194057582759 ], [ 27.177447425715933, 31.348194057582759 ] ] ] } },
{ "type": "Feature", "properties": { "cell_id": 129, "node_count": 0.0, "total_length": 0.0, "avg_degree": 0.0, "poi_count": 0, "text_des": "", "poi_categories": [ ] }, "geometry": { "type": "Polygon", "coordinates": [ [ [ 27.177447425715933, 31.352698562087262 ], [ 27.177447425715933, 31.357203066591765 ], [ 27.17294292121143, 31.357203066591765 ], [ 27.17294292121143, 31.352698562087262 ], [ 27.177447425715933, 31.352698562087262 ] ] ] } },
{ "type": "Feature", "properties": { "cell_id": 130, "node_count": 0.0, "total_length": 0.0, "avg_degree": 0.0, "poi_count": 0, "text_des": "", "poi_categories": [ ] }, "geometry": { "type": "Polygon", "coordinates": [ [ [ 27.177447425715933, 31.357203066591769 ], [ 27.177447425715933, 31.361707571096272 ], [ 27.17294292121143, 31.361707571096272 ], [ 27.17294292121143, 31.357203066591769 ], [ 27.177447425715933, 31.357203066591769 ] ] ] } },
{ "type": "Feature", "properties": { "cell_id": 131, "node_count": 0.0, "total_length": 0.0, "avg_degree": 0.0, "poi_count": 0, "text_des": "", "poi_categories": [ ] }, "geometry": { "type": "Polygon", "coordinates": [ [ [ 27.177447425715933, 31.361707571096272 ], [ 27.177447425715933, 31.366212075600775 ], [ 27.17294292121143, 31.366212075600775 ], [ 27.17294292121143, 31.361707571096272 ], [ 27.177447425715933, 31.361707571096272 ] ] ] } },
{ "type": "Feature", "properties": { "cell_id": 132, "node_count": 0.0, "total_length": 0.0, "avg_degree": 0.0, "poi_count": 0, "text_des": "", "poi_categories": [ ] }, "geometry": { "type": "Polygon", "coordinates": [ [ [ 27.177447425715933, 31.366212075600775 ], [ 27.177447425715933, 31.370716580105277 ], [ 27.17294292121143, 31.370716580105277 ], [ 27.17294292121143, 31.366212075600775 ], [ 27.177447425715933, 31.366212075600775 ] ] ] } },
{ "type": "Feature", "properties": { "cell_id": 133, "node_count": 0.0, "total_length": 0.0, "avg_degree": 0.0, "poi_count": 0, "text_des": "", "poi_categories": [ ] }, "geometry": { "type": "Polygon", "coordinates": [ [ [ 27.177447425715933, 31.370716580105281 ], [ 27.177447425715933, 31.375221084609784 ], [ 27.17294292121143, 31.375221084609784 ], [ 27.17294292121143, 31.370716580105281 ], [ 27.177447425715933, 31.370716580105281 ] ] ] } },
{ "type": "Feature", "properties": { "cell_id": 134, "node_count": 0.0, "total_length": 0.0, "avg_degree": 0.0, "poi_count": 0, "text_des": "", "poi_categories": [ ] }, "geometry": { "type": "Polygon", "coordinates": [ [ [ 27.177447425715933, 31.375221084609784 ], [ 27.177447425715933, 31.379725589114287 ], [ 27.17294292121143, 31.379725589114287 ], [ 27.17294292121143, 31.375221084609784 ], [ 27.177447425715933, 31.375221084609784 ] ] ] } },
{ "type": "Feature", "properties": { "cell_id": 135, "node_count": 0.0, "total_length": 0.0, "avg_degree": 0.0, "poi_count": 0, "text_des": "", "poi_categories": [ ] }, "geometry": { "type": "Polygon", "coordinates": [ [ [ 27.181951930220436, 31.312158021546722 ], [ 27.181951930220436, 31.316662526051225 ], [ 27.177447425715933, 31.316662526051225 ], [ 27.177447425715933, 31.312158021546722 ], [ 27.181951930220436, 31.312158021546722 ] ] ] } },
{ "type": "Feature", "properties": { "cell_id": 136, "node_count": 0.0, "total_length": 0.0, "avg_degree": 0.0, "poi_count": 0, "text_des": "", "poi_categories": [ ] }, "geometry": { "type": "Polygon", "coordinates": [ [ [ 27.181951930220436, 31.316662526051225 ], [ 27.181951930220436, 31.321167030555728 ], [ 27.177447425715933, 31.321167030555728 ], [ 27.177447425715933, 31.316662526051225 ], [ 27.181951930220436, 31.316662526051225 ] ] ] } },
{ "type": "Feature", "properties": { "cell_id": 137, "node_count": 0.0, "total_length": 0.0, "avg_degree": 0.0, "poi_count": 0, "text_des": "", "poi_categories": [ ] }, "geometry": { "type": "Polygon", "coordinates": [ [ [ 27.181951930220436, 31.321167030555731 ], [ 27.181951930220436, 31.325671535060234 ], [ 27.177447425715933, 31.325671535060234 ], [ 27.177447425715933, 31.321167030555731 ], [ 27.181951930220436, 31.321167030555731 ] ] ] } },
{ "type": "Feature", "properties": { "cell_id": 138, "node_count": 0.0, "total_length": 0.0, "avg_degree": 0.0, "poi_count": 0, "text_des": "", "poi_categories": [ ] }, "geometry": { "type": "Polygon", "coordinates": [ [ [ 27.181951930220436, 31.325671535060234 ], [ 27.181951930220436, 31.330176039564737 ], [ 27.177447425715933, 31.330176039564737 ], [ 27.177447425715933, 31.325671535060234 ], [ 27.181951930220436, 31.325671535060234 ] ] ] } },
{ "type": "Feature", "properties": { "cell_id": 139, "node_count": 0.0, "total_length": 0.0, "avg_degree": 0.0, "poi_count": 0, "text_des": "", "poi_categories": [ ] }, "geometry": { "type": "Polygon", "coordinates": [ [ [ 27.181951930220436, 31.330176039564741 ], [ 27.181951930220436, 31.334680544069244 ], [ 27.177447425715933, 31.334680544069244 ], [ 27.177447425715933, 31.330176039564741 ], [ 27.181951930220436, 31.330176039564741 ] ] ] } },
{ "type": "Feature", "properties": { "cell_id": 140, "node_count": 0.0, "total_length": 0.0, "avg_degree": 0.0, "poi_count": 0, "text_des": "", "poi_categories": [ ] }, "geometry": { "type": "Polygon", "coordinates": [ [ [ 27.181951930220436, 31.334680544069244 ], [ 27.181951930220436, 31.339185048573746 ], [ 27.177447425715933, 31.339185048573746 ], [ 27.177447425715933, 31.334680544069244 ], [ 27.181951930220436, 31.334680544069244 ] ] ] } },
{ "type": "Feature", "properties": { "cell_id": 141, "node_count": 0.0, "total_length": 0.0, "avg_degree": 0.0, "poi_count": 0, "text_des": "", "poi_categories": [ ] }, "geometry": { "type": "Polygon", "coordinates": [ [ [ 27.181951930220436, 31.33918504857375 ], [ 27.181951930220436, 31.343689553078253 ], [ 27.177447425715933, 31.343689553078253 ], [ 27.177447425715933, 31.33918504857375 ], [ 27.181951930220436, 31.33918504857375 ] ] ] } },
{ "type": "Feature", "properties": { "cell_id": 142, "node_count": 0.0, "total_length": 0.0, "avg_degree": 0.0, "poi_count": 0, "text_des": "", "poi_categories": [ ] }, "geometry": { "type": "Polygon", "coordinates": [ [ [ 27.181951930220436, 31.343689553078253 ], [ 27.181951930220436, 31.348194057582756 ], [ 27.177447425715933, 31.348194057582756 ], [ 27.177447425715933, 31.343689553078253 ], [ 27.181951930220436, 31.343689553078253 ] ] ] } },
{ "type": "Feature", "properties": { "cell_id": 143, "node_count": 0.0, "total_length": 0.0, "avg_degree": 0.0, "poi_count": 0, "text_des": "", "poi_categories": [ ] }, "geometry": { "type": "Polygon", "coordinates": [ [ [ 27.181951930220436, 31.348194057582759 ], [ 27.181951930220436, 31.352698562087262 ], [ 27.177447425715933, 31.352698562087262 ], [ 27.177447425715933, 31.348194057582759 ], [ 27.181951930220436, 31.348194057582759 ] ] ] } },
{ "type": "Feature", "properties": { "cell_id": 144, "node_count": 0.0, "total_length": 0.0, "avg_degree": 0.0, "poi_count": 0, "text_des": "", "poi_categories": [ ] }, "geometry": { "type": "Polygon", "coordinates": [ [ [ 27.181951930220436, 31.352698562087262 ], [ 27.181951930220436, 31.357203066591765 ], [ 27.177447425715933, 31.357203066591765 ], [ 27.177447425715933, 31.352698562087262 ], [ 27.181951930220436, 31.352698562087262 ] ] ] } },
{ "type": "Feature", "properties": { "cell_id": 145, "node_count": 0.0, "total_length": 0.0, "avg_degree": 0.0, "poi_count": 0, "text_des": "", "poi_categories": [ ] }, "geometry": { "type": "Polygon", "coordinates": [ [ [ 27.181951930220436, 31.357203066591769 ], [ 27.181951930220436, 31.361707571096272 ], [ 27.177447425715933, 31.361707571096272 ], [ 27.177447425715933, 31.357203066591769 ], [ 27.181951930220436, 31.357203066591769 ] ] ] } },
{ "type": "Feature", "properties": { "cell_id": 146, "node_count": 0.0, "total_length": 0.0, "avg_degree": 0.0, "poi_count": 0, "text_des": "", "poi_categories": [ ] }, "geometry": { "type": "Polygon", "coordinates": [ [ [ 27.181951930220436, 31.361707571096272 ], [ 27.181951930220436, 31.366212075600775 ], [ 27.177447425715933, 31.366212075600775 ], [ 27.177447425715933, 31.361707571096272 ], [ 27.181951930220436, 31.361707571096272 ] ] ] } },
{ "type": "Feature", "properties": { "cell_id": 147, "node_count": 0.0, "total_length": 0.0, "avg_degree": 0.0, "poi_count": 0, "text_des": "", "poi_categories": [ ] }, "geometry": { "type": "Polygon", "coordinates": [ [ [ 27.181951930220436, 31.366212075600775 ], [ 27.181951930220436, 31.370716580105277 ], [ 27.177447425715933, 31.370716580105277 ], [ 27.177447425715933, 31.366212075600775 ], [ 27.181951930220436, 31.366212075600775 ] ] ] } },
{ "type": "Feature", "properties": { "cell_id": 148, "node_count": 0.0, "total_length": 0.0, "avg_degree": 0.0, "poi_count": 0, "text_des": "", "poi_categories": [ ] }, "geometry": { "type": "Polygon", "coordinates": [ [ [ 27.181951930220436, 31.370716580105281 ], [ 27.181951930220436, 31.375221084609784 ], [ 27.177447425715933, 31.375221084609784 ], [ 27.177447425715933, 31.370716580105281 ], [ 27.181951930220436, 31.370716580105281 ] ] ] } },
{ "type": "Feature", "properties": { "cell_id": 149, "node_count": 0.0, "total_length": 0.0, "avg_degree": 0.0, "poi_count": 0, "text_des": "", "poi_categories": [ ] }, "geometry": { "type": "Polygon", "coordinates": [ [ [ 27.181951930220436, 31.375221084609784 ], [ 27.181951930220436, 31.379725589114287 ], [ 27.177447425715933, 31.379725589114287 ], [ 27.177447425715933, 31.375221084609784 ], [ 27.181951930220436, 31.375221084609784 ] ] ] } },
{ "type": "Feature", "properties": { "cell_id": 150, "node_count": 0.0, "total_length": 0.0, "avg_degree": 0.0, "poi_count": 0, "text_des": "", "poi_categories": [ ] }, "geometry": { "type": "Polygon", "coordinates": [ [ [ 27.186456434724942, 31.312158021546722 ], [ 27.186456434724942, 31.316662526051225 ], [ 27.181951930220439, 31.316662526051225 ], [ 27.181951930220439, 31.312158021546722 ], [ 27.186456434724942, 31.312158021546722 ] ] ] } },
{ "type": "Feature", "properties": { "cell_id": 151, "node_count": 0.0, "total_length": 0.0, "avg_degree": 0.0, "poi_count": 0, "text_des": "", "poi_categories": [ ] }, "geometry": { "type": "Polygon", "coordinates": [ [ [ 27.186456434724942, 31.316662526051225 ], [ 27.186456434724942, 31.321167030555728 ], [ 27.181951930220439, 31.321167030555728 ], [ 27.181951930220439, 31.316662526051225 ], [ 27.186456434724942, 31.316662526051225 ] ] ] } },
{ "type": "Feature", "properties": { "cell_id": 152, "node_count": 0.0, "total_length": 0.0, "avg_degree": 0.0, "poi_count": 0, "text_des": "", "poi_categories": [ ] }, "geometry": { "type": "Polygon", "coordinates": [ [ [ 27.186456434724942, 31.321167030555731 ], [ 27.186456434724942, 31.325671535060234 ], [ 27.181951930220439, 31.325671535060234 ], [ 27.181951930220439, 31.321167030555731 ], [ 27.186456434724942, 31.321167030555731 ] ] ] } },
{ "type": "Feature", "properties": { "cell_id": 153, "node_count": 0.0, "total_length": 0.0, "avg_degree": 0.0, "poi_count": 0, "text_des": "", "poi_categories": [ ] }, "geometry": { "type": "Polygon", "coordinates": [ [ [ 27.186456434724942, 31.325671535060234 ], [ 27.186456434724942, 31.330176039564737 ], [ 27.181951930220439, 31.330176039564737 ], [ 27.181951930220439, 31.325671535060234 ], [ 27.186456434724942, 31.325671535060234 ] ] ] } },
{ "type": "Feature", "properties": { "cell_id": 154, "node_count": 0.0, "total_length": 0.0, "avg_degree": 0.0, "poi_count": 0, "text_des": "", "poi_categories": [ ] }, "geometry": { "type": "Polygon", "coordinates": [ [ [ 27.186456434724942, 31.330176039564741 ], [ 27.186456434724942, 31.334680544069244 ], [ 27.181951930220439, 31.334680544069244 ], [ 27.181951930220439, 31.330176039564741 ], [ 27.186456434724942, 31.330176039564741 ] ] ] } },
{ "type": "Feature", "properties": { "cell_id": 155, "node_count": 0.0, "total_length": 0.0, "avg_degree": 0.0, "poi_count": 0, "text_des": "", "poi_categories": [ ] }, "geometry": { "type": "Polygon", "coordinates": [ [ [ 27.186456434724942, 31.334680544069244 ], [ 27.186456434724942, 31.339185048573746 ], [ 27.181951930220439, 31.339185048573746 ], [ 27.181951930220439, 31.334680544069244 ], [ 27.186456434724942, 31.334680544069244 ] ] ] } },
{ "type": "Feature", "properties": { "cell_id": 156, "node_count": 0.0, "total_length": 0.0, "avg_degree": 0.0, "poi_count": 0, "text_des": "", "poi_categories": [ ] }, "geometry": { "type": "Polygon", "coordinates": [ [ [ 27.186456434724942, 31.33918504857375 ], [ 27.186456434724942, 31.343689553078253 ], [ 27.181951930220439, 31.343689553078253 ], [ 27.181951930220439, 31.33918504857375 ], [ 27.186456434724942, 31.33918504857375 ] ] ] } },
{ "type": "Feature", "properties": { "cell_id": 157, "node_count": 0.0, "total_length": 0.0, "avg_degree": 0.0, "poi_count": 0, "text_des": "", "poi_categories": [ ] }, "geometry": { "type": "Polygon", "coordinates": [ [ [ 27.186456434724942, 31.343689553078253 ], [ 27.186456434724942, 31.348194057582756 ], [ 27.181951930220439, 31.348194057582756 ], [ 27.181951930220439, 31.343689553078253 ], [ 27.186456434724942, 31.343689553078253 ] ] ] } },
{ "type": "Feature", "properties": { "cell_id": 158, "node_count": 0.0, "total_length": 0.0, "avg_degree": 0.0, "poi_count": 0, "text_des": "", "poi_categories": [ ] }, "geometry": { "type": "Polygon", "coordinates": [ [ [ 27.186456434724942, 31.348194057582759 ], [ 27.186456434724942, 31.352698562087262 ], [ 27.181951930220439, 31.352698562087262 ], [ 27.181951930220439, 31.348194057582759 ], [ 27.186456434724942, 31.348194057582759 ] ] ] } },
{ "type": "Feature", "properties": { "cell_id": 159, "node_count": 0.0, "total_length": 0.0, "avg_degree": 0.0, "poi_count": 0, "text_des": "", "poi_categories": [ ] }, "geometry": { "type": "Polygon", "coordinates": [ [ [ 27.186456434724942, 31.352698562087262 ], [ 27.186456434724942, 31.357203066591765 ], [ 27.181951930220439, 31.357203066591765 ], [ 27.181951930220439, 31.352698562087262 ], [ 27.186456434724942, 31.352698562087262 ] ] ] } },
{ "type": "Feature", "properties": { "cell_id": 160, "node_count": 0.0, "total_length": 0.0, "avg_degree": 0.0, "poi_count": 0, "text_des": "", "poi_categories": [ ] }, "geometry": { "type": "Polygon", "coordinates": [ [ [ 27.186456434724942, 31.357203066591769 ], [ 27.186456434724942, 31.361707571096272 ], [ 27.181951930220439, 31.361707571096272 ], [ 27.181951930220439, 31.357203066591769 ], [ 27.186456434724942, 31.357203066591769 ] ] ] } },
{ "type": "Feature", "properties": { "cell_id": 161, "node_count": 0.0, "total_length": 0.0, "avg_degree": 0.0, "poi_count": 0, "text_des": "", "poi_categories": [ ] }, "geometry": { "type": "Polygon", "coordinates": [ [ [ 27.186456434724942, 31.361707571096272 ], [ 27.186456434724942, 31.366212075600775 ], [ 27.181951930220439, 31.366212075600775 ], [ 27.181951930220439, 31.361707571096272 ], [ 27.186456434724942, 31.361707571096272 ] ] ] } },
{ "type": "Feature", "properties": { "cell_id": 162, "node_count": 0.0, "total_length": 0.0, "avg_degree": 0.0, "poi_count": 0, "text_des": "", "poi_categories": [ ] }, "geometry": { "type": "Polygon", "coordinates": [ [ [ 27.186456434724942, 31.366212075600775 ], [ 27.186456434724942, 31.370716580105277 ], [ 27.181951930220439, 31.370716580105277 ], [ 27.181951930220439, 31.366212075600775 ], [ 27.186456434724942, 31.366212075600775 ] ] ] } },
{ "type": "Feature", "properties": { "cell_id": 163, "node_count": 0.0, "total_length": 0.0, "avg_degree": 0.0, "poi_count": 0, "text_des": "", "poi_categories": [ ] }, "geometry": { "type": "Polygon", "coordinates": [ [ [ 27.186456434724942, 31.370716580105281 ], [ 27.186456434724942, 31.375221084609784 ], [ 27.181951930220439, 31.375221084609784 ], [ 27.181951930220439, 31.370716580105281 ], [ 27.186456434724942, 31.370716580105281 ] ] ] } },
{ "type": "Feature", "properties": { "cell_id": 164, "node_count": 0.0, "total_length": 0.0, "avg_degree": 0.0, "poi_count": 0, "text_des": "", "poi_categories": [ ] }, "geometry": { "type": "Polygon", "coordinates": [ [ [ 27.186456434724942, 31.375221084609784 ], [ 27.186456434724942, 31.379725589114287 ], [ 27.181951930220439, 31.379725589114287 ], [ 27.181951930220439, 31.375221084609784 ], [ 27.186456434724942, 31.375221084609784 ] ] ] } },
{ "type": "Feature", "properties": { "cell_id": 165, "node_count": 0.0, "total_length": 0.0, "avg_degree": 0.0, "poi_count": 0, "text_des": "", "poi_categories": [ ] }, "geometry": { "type": "Polygon", "coordinates": [ [ [ 27.190960939229445, 31.312158021546722 ], [ 27.190960939229445, 31.316662526051225 ], [ 27.186456434724942, 31.316662526051225 ], [ 27.186456434724942, 31.312158021546722 ], [ 27.190960939229445, 31.312158021546722 ] ] ] } },
{ "type": "Feature", "properties": { "cell_id": 166, "node_count": 0.0, "total_length": 0.0, "avg_degree": 0.0, "poi_count": 0, "text_des": "", "poi_categories": [ ] }, "geometry": { "type": "Polygon", "coordinates": [ [ [ 27.190960939229445, 31.316662526051225 ], [ 27.190960939229445, 31.321167030555728 ], [ 27.186456434724942, 31.321167030555728 ], [ 27.186456434724942, 31.316662526051225 ], [ 27.190960939229445, 31.316662526051225 ] ] ] } },
{ "type": "Feature", "properties": { "cell_id": 167, "node_count": 0.0, "total_length": 0.0, "avg_degree": 0.0, "poi_count": 0, "text_des": "", "poi_categories": [ ] }, "geometry": { "type": "Polygon", "coordinates": [ [ [ 27.190960939229445, 31.321167030555731 ], [ 27.190960939229445, 31.325671535060234 ], [ 27.186456434724942, 31.325671535060234 ], [ 27.186456434724942, 31.321167030555731 ], [ 27.190960939229445, 31.321167030555731 ] ] ] } },
{ "type": "Feature", "properties": { "cell_id": 168, "node_count": 0.0, "total_length": 0.0, "avg_degree": 0.0, "poi_count": 0, "text_des": "", "poi_categories": [ ] }, "geometry": { "type": "Polygon", "coordinates": [ [ [ 27.190960939229445, 31.325671535060234 ], [ 27.190960939229445, 31.330176039564737 ], [ 27.186456434724942, 31.330176039564737 ], [ 27.186456434724942, 31.325671535060234 ], [ 27.190960939229445, 31.325671535060234 ] ] ] } },
{ "type": "Feature", "properties": { "cell_id": 169, "node_count": 0.0, "total_length": 0.0, "avg_degree": 0.0, "poi_count": 0, "text_des": "", "poi_categories": [ ] }, "geometry": { "type": "Polygon", "coordinates": [ [ [ 27.190960939229445, 31.330176039564741 ], [ 27.190960939229445, 31.334680544069244 ], [ 27.186456434724942, 31.334680544069244 ], [ 27.186456434724942, 31.330176039564741 ], [ 27.190960939229445, 31.330176039564741 ] ] ] } },
{ "type": "Feature", "properties": { "cell_id": 170, "node_count": 0.0, "total_length": 0.0, "avg_degree": 0.0, "poi_count": 0, "text_des": "", "poi_categories": [ ] }, "geometry": { "type": "Polygon", "coordinates": [ [ [ 27.190960939229445, 31.334680544069244 ], [ 27.190960939229445, 31.339185048573746 ], [ 27.186456434724942, 31.339185048573746 ], [ 27.186456434724942, 31.334680544069244 ], [ 27.190960939229445, 31.334680544069244 ] ] ] } },
{ "type": "Feature", "properties": { "cell_id": 171, "node_count": 0.0, "total_length": 0.0, "avg_degree": 0.0, "poi_count": 0, "text_des": "", "poi_categories": [ ] }, "geometry": { "type": "Polygon", "coordinates": [ [ [ 27.190960939229445, 31.33918504857375 ], [ 27.190960939229445, 31.343689553078253 ], [ 27.186456434724942, 31.343689553078253 ], [ 27.186456434724942, 31.33918504857375 ], [ 27.190960939229445, 31.33918504857375 ] ] ] } },
{ "type": "Feature", "properties": { "cell_id": 172, "node_count": 0.0, "total_length": 0.0, "avg_degree": 0.0, "poi_count": 0, "text_des": "", "poi_categories": [ ] }, "geometry": { "type": "Polygon", "coordinates": [ [ [ 27.190960939229445, 31.343689553078253 ], [ 27.190960939229445, 31.348194057582756 ], [ 27.186456434724942, 31.348194057582756 ], [ 27.186456434724942, 31.343689553078253 ], [ 27.190960939229445, 31.343689553078253 ] ] ] } },
{ "type": "Feature", "properties": { "cell_id": 173, "node_count": 0.0, "total_length": 0.0, "avg_degree": 0.0, "poi_count": 0, "text_des": "", "poi_categories": [ ] }, "geometry": { "type": "Polygon", "coordinates": [ [ [ 27.190960939229445, 31.348194057582759 ], [ 27.190960939229445, 31.352698562087262 ], [ 27.186456434724942, 31.352698562087262 ], [ 27.186456434724942, 31.348194057582759 ], [ 27.190960939229445, 31.348194057582759 ] ] ] } },
{ "type": "Feature", "properties": { "cell_id": 174, "node_count": 0.0, "total_length": 0.0, "avg_degree": 0.0, "poi_count": 0, "text_des": "", "poi_categories": [ ] }, "geometry": { "type": "Polygon", "coordinates": [ [ [ 27.190960939229445, 31.352698562087262 ], [ 27.190960939229445, 31.357203066591765 ], [ 27.186456434724942, 31.357203066591765 ], [ 27.186456434724942, 31.352698562087262 ], [ 27.190960939229445, 31.352698562087262 ] ] ] } },
{ "type": "Feature", "properties": { "cell_id": 175, "node_count": 0.0, "total_length": 0.0, "avg_degree": 0.0, "poi_count": 0, "text_des": "", "poi_categories": [ ] }, "geometry": { "type": "Polygon", "coordinates": [ [ [ 27.190960939229445, 31.357203066591769 ], [ 27.190960939229445, 31.361707571096272 ], [ 27.186456434724942, 31.361707571096272 ], [ 27.186456434724942, 31.357203066591769 ], [ 27.190960939229445, 31.357203066591769 ] ] ] } },
{ "type": "Feature", "properties": { "cell_id": 176, "node_count": 0.0, "total_length": 0.0, "avg_degree": 0.0, "poi_count": 0, "text_des": "", "poi_categories": [ ] }, "geometry": { "type": "Polygon", "coordinates": [ [ [ 27.190960939229445, 31.361707571096272 ], [ 27.190960939229445, 31.366212075600775 ], [ 27.186456434724942, 31.366212075600775 ], [ 27.186456434724942, 31.361707571096272 ], [ 27.190960939229445, 31.361707571096272 ] ] ] } },
{ "type": "Feature", "properties": { "cell_id": 177, "node_count": 0.0, "total_length": 0.0, "avg_degree": 0.0, "poi_count": 0, "text_des": "", "poi_categories": [ ] }, "geometry": { "type": "Polygon", "coordinates": [ [ [ 27.190960939229445, 31.366212075600775 ], [ 27.190960939229445, 31.370716580105277 ], [ 27.186456434724942, 31.370716580105277 ], [ 27.186456434724942, 31.366212075600775 ], [ 27.190960939229445, 31.366212075600775 ] ] ] } },
{ "type": "Feature", "properties": { "cell_id": 178, "node_count": 0.0, "total_length": 0.0, "avg_degree": 0.0, "poi_count": 0, "text_des": "", "poi_categories": [ ] }, "geometry": { "type": "Polygon", "coordinates": [ [ [ 27.190960939229445, 31.370716580105281 ], [ 27.190960939229445, 31.375221084609784 ], [ 27.186456434724942, 31.375221084609784 ], [ 27.186456434724942, 31.370716580105281 ], [ 27.190960939229445, 31.370716580105281 ] ] ] } },
{ "type": "Feature", "properties": { "cell_id": 179, "node_count": 0.0, "total_length": 0.0, "avg_degree": 0.0, "poi_count": 0, "text_des": "", "poi_categories": [ ] }, "geometry": { "type": "Polygon", "coordinates": [ [ [ 27.190960939229445, 31.375221084609784 ], [ 27.190960939229445, 31.379725589114287 ], [ 27.186456434724942, 31.379725589114287 ], [ 27.186456434724942, 31.375221084609784 ], [ 27.190960939229445, 31.375221084609784 ] ] ] } },
{ "type": "Feature", "properties": { "cell_id": 180, "node_count": 0.0, "total_length": 0.0, "avg_degree": 0.0, "poi_count": 0, "text_des": "", "poi_categories": [ ] }, "geometry": { "type": "Polygon", "coordinates": [ [ [ 27.195465443733948, 31.312158021546722 ], [ 27.195465443733948, 31.316662526051225 ], [ 27.190960939229445, 31.316662526051225 ], [ 27.190960939229445, 31.312158021546722 ], [ 27.195465443733948, 31.312158021546722 ] ] ] } },
{ "type": "Feature", "properties": { "cell_id": 181, "node_count": 0.0, "total_length": 0.0, "avg_degree": 0.0, "poi_count": 0, "text_des": "", "poi_categories": [ ] }, "geometry": { "type": "Polygon", "coordinates": [ [ [ 27.195465443733948, 31.316662526051225 ], [ 27.195465443733948, 31.321167030555728 ], [ 27.190960939229445, 31.321167030555728 ], [ 27.190960939229445, 31.316662526051225 ], [ 27.195465443733948, 31.316662526051225 ] ] ] } },
{ "type": "Feature", "properties": { "cell_id": 182, "node_count": 0.0, "total_length": 0.0, "avg_degree": 0.0, "poi_count": 0, "text_des": "", "poi_categories": [ ] }, "geometry": { "type": "Polygon", "coordinates": [ [ [ 27.195465443733948, 31.321167030555731 ], [ 27.195465443733948, 31.325671535060234 ], [ 27.190960939229445, 31.325671535060234 ], [ 27.190960939229445, 31.321167030555731 ], [ 27.195465443733948, 31.321167030555731 ] ] ] } },
{ "type": "Feature", "properties": { "cell_id": 183, "node_count": 0.0, "total_length": 0.0, "avg_degree": 0.0, "poi_count": 0, "text_des": "", "poi_categories": [ ] }, "geometry": { "type": "Polygon", "coordinates": [ [ [ 27.195465443733948, 31.325671535060234 ], [ 27.195465443733948, 31.330176039564737 ], [ 27.190960939229445, 31.330176039564737 ], [ 27.190960939229445, 31.325671535060234 ], [ 27.195465443733948, 31.325671535060234 ] ] ] } },
{ "type": "Feature", "properties": { "cell_id": 184, "node_count": 0.0, "total_length": 0.0, "avg_degree": 0.0, "poi_count": 0, "text_des": "", "poi_categories": [ ] }, "geometry": { "type": "Polygon", "coordinates": [ [ [ 27.195465443733948, 31.330176039564741 ], [ 27.195465443733948, 31.334680544069244 ], [ 27.190960939229445, 31.334680544069244 ], [ 27.190960939229445, 31.330176039564741 ], [ 27.195465443733948, 31.330176039564741 ] ] ] } },
{ "type": "Feature", "properties": { "cell_id": 185, "node_count": 0.0, "total_length": 0.0, "avg_degree": 0.0, "poi_count": 0, "text_des": "", "poi_categories": [ ] }, "geometry": { "type": "Polygon", "coordinates": [ [ [ 27.195465443733948, 31.334680544069244 ], [ 27.195465443733948, 31.339185048573746 ], [ 27.190960939229445, 31.339185048573746 ], [ 27.190960939229445, 31.334680544069244 ], [ 27.195465443733948, 31.334680544069244 ] ] ] } },
{ "type": "Feature", "properties": { "cell_id": 186, "node_count": 0.0, "total_length": 0.0, "avg_degree": 0.0, "poi_count": 0, "text_des": "", "poi_categories": [ ] }, "geometry": { "type": "Polygon", "coordinates": [ [ [ 27.195465443733948, 31.33918504857375 ], [ 27.195465443733948, 31.343689553078253 ], [ 27.190960939229445, 31.343689553078253 ], [ 27.190960939229445, 31.33918504857375 ], [ 27.195465443733948, 31.33918504857375 ] ] ] } },
{ "type": "Feature", "properties": { "cell_id": 187, "node_count": 0.0, "total_length": 0.0, "avg_degree": 0.0, "poi_count": 0, "text_des": "", "poi_categories": [ ] }, "geometry": { "type": "Polygon", "coordinates": [ [ [ 27.195465443733948, 31.343689553078253 ], [ 27.195465443733948, 31.348194057582756 ], [ 27.190960939229445, 31.348194057582756 ], [ 27.190960939229445, 31.343689553078253 ], [ 27.195465443733948, 31.343689553078253 ] ] ] } },
{ "type": "Feature", "properties": { "cell_id": 188, "node_count": 0.0, "total_length": 0.0, "avg_degree": 0.0, "poi_count": 0, "text_des": "", "poi_categories": [ ] }, "geometry": { "type": "Polygon", "coordinates": [ [ [ 27.195465443733948, 31.348194057582759 ], [ 27.195465443733948, 31.352698562087262 ], [ 27.190960939229445, 31.352698562087262 ], [ 27.190960939229445, 31.348194057582759 ], [ 27.195465443733948, 31.348194057582759 ] ] ] } },
{ "type": "Feature", "properties": { "cell_id": 189, "node_count": 0.0, "total_length": 0.0, "avg_degree": 0.0, "poi_count": 0, "text_des": "", "poi_categories": [ ] }, "geometry": { "type": "Polygon", "coordinates": [ [ [ 27.195465443733948, 31.352698562087262 ], [ 27.195465443733948, 31.357203066591765 ], [ 27.190960939229445, 31.357203066591765 ], [ 27.190960939229445, 31.352698562087262 ], [ 27.195465443733948, 31.352698562087262 ] ] ] } },
{ "type": "Feature", "properties": { "cell_id": 190, "node_count": 0.0, "total_length": 0.0, "avg_degree": 0.0, "poi_count": 0, "text_des": "", "poi_categories": [ ] }, "geometry": { "type": "Polygon", "coordinates": [ [ [ 27.195465443733948, 31.357203066591769 ], [ 27.195465443733948, 31.361707571096272 ], [ 27.190960939229445, 31.361707571096272 ], [ 27.190960939229445, 31.357203066591769 ], [ 27.195465443733948, 31.357203066591769 ] ] ] } },
{ "type": "Feature", "properties": { "cell_id": 191, "node_count": 0.0, "total_length": 0.0, "avg_degree": 0.0, "poi_count": 0, "text_des": "", "poi_categories": [ ] }, "geometry": { "type": "Polygon", "coordinates": [ [ [ 27.195465443733948, 31.361707571096272 ], [ 27.195465443733948, 31.366212075600775 ], [ 27.190960939229445, 31.366212075600775 ], [ 27.190960939229445, 31.361707571096272 ], [ 27.195465443733948, 31.361707571096272 ] ] ] } },
{ "type": "Feature", "properties": { "cell_id": 192, "node_count": 0.0, "total_length": 0.0, "avg_degree": 0.0, "poi_count": 0, "text_des": "", "poi_categories": [ ] }, "geometry": { "type": "Polygon", "coordinates": [ [ [ 27.195465443733948, 31.366212075600775 ], [ 27.195465443733948, 31.370716580105277 ], [ 27.190960939229445, 31.370716580105277 ], [ 27.190960939229445, 31.366212075600775 ], [ 27.195465443733948, 31.366212075600775 ] ] ] } },
{ "type": "Feature", "properties": { "cell_id": 193, "node_count": 0.0, "total_length": 0.0, "avg_degree": 0.0, "poi_count": 0, "text_des": "", "poi_categories": [ ] }, "geometry": { "type": "Polygon", "coordinates": [ [ [ 27.195465443733948, 31.370716580105281 ], [ 27.195465443733948, 31.375221084609784 ], [ 27.190960939229445, 31.375221084609784 ], [ 27.190960939229445, 31.370716580105281 ], [ 27.195465443733948, 31.370716580105281 ] ] ] } },
{ "type": "Feature", "properties": { "cell_id": 194, "node_count": 0.0, "total_length": 0.0, "avg_degree": 0.0, "poi_count": 0, "text_des": "", "poi_categories": [ ] }, "geometry": { "type": "Polygon", "coordinates": [ [ [ 27.195465443733948, 31.375221084609784 ], [ 27.195465443733948, 31.379725589114287 ], [ 27.190960939229445, 31.379725589114287 ], [ 27.190960939229445, 31.375221084609784 ], [ 27.195465443733948, 31.375221084609784 ] ] ] } },
{ "type": "Feature", "properties": { "cell_id": 195, "node_count": 0.0, "total_length": 0.0, "avg_degree": 0.0, "poi_count": 0, "text_des": "", "poi_categories": [ ] }, "geometry": { "type": "Polygon", "coordinates": [ [ [ 27.199969948238454, 31.312158021546722 ], [ 27.199969948238454, 31.316662526051225 ], [ 27.195465443733951, 31.316662526051225 ], [ 27.195465443733951, 31.312158021546722 ], [ 27.199969948238454, 31.312158021546722 ] ] ] } },
{ "type": "Feature", "properties": { "cell_id": 196, "node_count": 0.0, "total_length": 0.0, "avg_degree": 0.0, "poi_count": 0, "text_des": "", "poi_categories": [ ] }, "geometry": { "type": "Polygon", "coordinates": [ [ [ 27.199969948238454, 31.316662526051225 ], [ 27.199969948238454, 31.321167030555728 ], [ 27.195465443733951, 31.321167030555728 ], [ 27.195465443733951, 31.316662526051225 ], [ 27.199969948238454, 31.316662526051225 ] ] ] } },
{ "type": "Feature", "properties": { "cell_id": 197, "node_count": 0.0, "total_length": 0.0, "avg_degree": 0.0, "poi_count": 0, "text_des": "", "poi_categories": [ ] }, "geometry": { "type": "Polygon", "coordinates": [ [ [ 27.199969948238454, 31.321167030555731 ], [ 27.199969948238454, 31.325671535060234 ], [ 27.195465443733951, 31.325671535060234 ], [ 27.195465443733951, 31.321167030555731 ], [ 27.199969948238454, 31.321167030555731 ] ] ] } },
{ "type": "Feature", "properties": { "cell_id": 198, "node_count": 0.0, "total_length": 0.0, "avg_degree": 0.0, "poi_count": 0, "text_des": "", "poi_categories": [ ] }, "geometry": { "type": "Polygon", "coordinates": [ [ [ 27.199969948238454, 31.325671535060234 ], [ 27.199969948238454, 31.330176039564737 ], [ 27.195465443733951, 31.330176039564737 ], [ 27.195465443733951, 31.325671535060234 ], [ 27.199969948238454, 31.325671535060234 ] ] ] } },
{ "type": "Feature", "properties": { "cell_id": 199, "node_count": 0.0, "total_length": 0.0, "avg_degree": 0.0, "poi_count": 0, "text_des": "", "poi_categories": [ ] }, "geometry": { "type": "Polygon", "coordinates": [ [ [ 27.199969948238454, 31.330176039564741 ], [ 27.199969948238454, 31.334680544069244 ], [ 27.195465443733951, 31.334680544069244 ], [ 27.195465443733951, 31.330176039564741 ], [ 27.199969948238454, 31.330176039564741 ] ] ] } },
{ "type": "Feature", "properties": { "cell_id": 200, "node_count": 0.0, "total_length": 0.0, "avg_degree": 0.0, "poi_count": 0, "text_des": "", "poi_categories": [ ] }, "geometry": { "type": "Polygon", "coordinates": [ [ [ 27.199969948238454, 31.334680544069244 ], [ 27.199969948238454, 31.339185048573746 ], [ 27.195465443733951, 31.339185048573746 ], [ 27.195465443733951, 31.334680544069244 ], [ 27.199969948238454, 31.334680544069244 ] ] ] } },
{ "type": "Feature", "properties": { "cell_id": 201, "node_count": 0.0, "total_length": 0.0, "avg_degree": 0.0, "poi_count": 0, "text_des": "", "poi_categories": [ ] }, "geometry": { "type": "Polygon", "coordinates": [ [ [ 27.199969948238454, 31.33918504857375 ], [ 27.199969948238454, 31.343689553078253 ], [ 27.195465443733951, 31.343689553078253 ], [ 27.195465443733951, 31.33918504857375 ], [ 27.199969948238454, 31.33918504857375 ] ] ] } },
{ "type": "Feature", "properties": { "cell_id": 202, "node_count": 0.0, "total_length": 0.0, "avg_degree": 0.0, "poi_count": 0, "text_des": "", "poi_categories": [ ] }, "geometry": { "type": "Polygon", "coordinates": [ [ [ 27.199969948238454, 31.343689553078253 ], [ 27.199969948238454, 31.348194057582756 ], [ 27.195465443733951, 31.348194057582756 ], [ 27.195465443733951, 31.343689553078253 ], [ 27.199969948238454, 31.343689553078253 ] ] ] } },
{ "type": "Feature", "properties": { "cell_id": 203, "node_count": 0.0, "total_length": 0.0, "avg_degree": 0.0, "poi_count": 0, "text_des": "", "poi_categories": [ ] }, "geometry": { "type": "Polygon", "coordinates": [ [ [ 27.199969948238454, 31.348194057582759 ], [ 27.199969948238454, 31.352698562087262 ], [ 27.195465443733951, 31.352698562087262 ], [ 27.195465443733951, 31.348194057582759 ], [ 27.199969948238454, 31.348194057582759 ] ] ] } },
{ "type": "Feature", "properties": { "cell_id": 204, "node_count": 0.0, "total_length": 0.0, "avg_degree": 0.0, "poi_count": 0, "text_des": "", "poi_categories": [ ] }, "geometry": { "type": "Polygon", "coordinates": [ [ [ 27.199969948238454, 31.352698562087262 ], [ 27.199969948238454, 31.357203066591765 ], [ 27.195465443733951, 31.357203066591765 ], [ 27.195465443733951, 31.352698562087262 ], [ 27.199969948238454, 31.352698562087262 ] ] ] } },
{ "type": "Feature", "properties": { "cell_id": 205, "node_count": 0.0, "total_length": 0.0, "avg_degree": 0.0, "poi_count": 0, "text_des": "", "poi_categories": [ ] }, "geometry": { "type": "Polygon", "coordinates": [ [ [ 27.199969948238454, 31.357203066591769 ], [ 27.199969948238454, 31.361707571096272 ], [ 27.195465443733951, 31.361707571096272 ], [ 27.195465443733951, 31.357203066591769 ], [ 27.199969948238454, 31.357203066591769 ] ] ] } },
{ "type": "Feature", "properties": { "cell_id": 206, "node_count": 0.0, "total_length": 0.0, "avg_degree": 0.0, "poi_count": 0, "text_des": "", "poi_categories": [ ] }, "geometry": { "type": "Polygon", "coordinates": [ [ [ 27.199969948238454, 31.361707571096272 ], [ 27.199969948238454, 31.366212075600775 ], [ 27.195465443733951, 31.366212075600775 ], [ 27.195465443733951, 31.361707571096272 ], [ 27.199969948238454, 31.361707571096272 ] ] ] } },
{ "type": "Feature", "properties": { "cell_id": 207, "node_count": 0.0, "total_length": 0.0, "avg_degree": 0.0, "poi_count": 0, "text_des": "", "poi_categories": [ ] }, "geometry": { "type": "Polygon", "coordinates": [ [ [ 27.199969948238454, 31.366212075600775 ], [ 27.199969948238454, 31.370716580105277 ], [ 27.195465443733951, 31.370716580105277 ], [ 27.195465443733951, 31.366212075600775 ], [ 27.199969948238454, 31.366212075600775 ] ] ] } },
{ "type": "Feature", "properties": { "cell_id": 208, "node_count": 0.0, "total_length": 0.0, "avg_degree": 0.0, "poi_count": 0, "text_des": "", "poi_categories": [ ] }, "geometry": { "type": "Polygon", "coordinates": [ [ [ 27.199969948238454, 31.370716580105281 ], [ 27.199969948238454, 31.375221084609784 ], [ 27.195465443733951, 31.375221084609784 ], [ 27.195465443733951, 31.370716580105281 ], [ 27.199969948238454, 31.370716580105281 ] ] ] } },
{ "type": "Feature", "properties": { "cell_id": 209, "node_count": 0.0, "total_length": 0.0, "avg_degree": 0.0, "poi_count": 0, "text_des": "", "poi_categories": [ ] }, "geometry": { "type": "Polygon", "coordinates": [ [ [ 27.199969948238454, 31.375221084609784 ], [ 27.199969948238454, 31.379725589114287 ], [ 27.195465443733951, 31.379725589114287 ], [ 27.195465443733951, 31.375221084609784 ], [ 27.199969948238454, 31.375221084609784 ] ] ] } },
{ "type": "Feature", "properties": { "cell_id": 210, "node_count": 0.0, "total_length": 0.0, "avg_degree": 0.0, "poi_count": 0, "text_des": "", "poi_categories": [ ] }, "geometry": { "type": "Polygon", "coordinates": [ [ [ 27.204474452742957, 31.312158021546722 ], [ 27.204474452742957, 31.316662526051225 ], [ 27.199969948238454, 31.316662526051225 ], [ 27.199969948238454, 31.312158021546722 ], [ 27.204474452742957, 31.312158021546722 ] ] ] } },
{ "type": "Feature", "properties": { "cell_id": 211, "node_count": 0.0, "total_length": 0.0, "avg_degree": 0.0, "poi_count": 0, "text_des": "", "poi_categories": [ ] }, "geometry": { "type": "Polygon", "coordinates": [ [ [ 27.204474452742957, 31.316662526051225 ], [ 27.204474452742957, 31.321167030555728 ], [ 27.199969948238454, 31.321167030555728 ], [ 27.199969948238454, 31.316662526051225 ], [ 27.204474452742957, 31.316662526051225 ] ] ] } },
{ "type": "Feature", "properties": { "cell_id": 212, "node_count": 0.0, "total_length": 0.0, "avg_degree": 0.0, "poi_count": 0, "text_des": "", "poi_categories": [ ] }, "geometry": { "type": "Polygon", "coordinates": [ [ [ 27.204474452742957, 31.321167030555731 ], [ 27.204474452742957, 31.325671535060234 ], [ 27.199969948238454, 31.325671535060234 ], [ 27.199969948238454, 31.321167030555731 ], [ 27.204474452742957, 31.321167030555731 ] ] ] } },
{ "type": "Feature", "properties": { "cell_id": 213, "node_count": 0.0, "total_length": 0.0, "avg_degree": 0.0, "poi_count": 0, "text_des": "", "poi_categories": [ ] }, "geometry": { "type": "Polygon", "coordinates": [ [ [ 27.204474452742957, 31.325671535060234 ], [ 27.204474452742957, 31.330176039564737 ], [ 27.199969948238454, 31.330176039564737 ], [ 27.199969948238454, 31.325671535060234 ], [ 27.204474452742957, 31.325671535060234 ] ] ] } },
{ "type": "Feature", "properties": { "cell_id": 214, "node_count": 0.0, "total_length": 0.0, "avg_degree": 0.0, "poi_count": 0, "text_des": "", "poi_categories": [ ] }, "geometry": { "type": "Polygon", "coordinates": [ [ [ 27.204474452742957, 31.330176039564741 ], [ 27.204474452742957, 31.334680544069244 ], [ 27.199969948238454, 31.334680544069244 ], [ 27.199969948238454, 31.330176039564741 ], [ 27.204474452742957, 31.330176039564741 ] ] ] } },
{ "type": "Feature", "properties": { "cell_id": 215, "node_count": 0.0, "total_length": 0.0, "avg_degree": 0.0, "poi_count": 0, "text_des": "", "poi_categories": [ ] }, "geometry": { "type": "Polygon", "coordinates": [ [ [ 27.204474452742957, 31.334680544069244 ], [ 27.204474452742957, 31.339185048573746 ], [ 27.199969948238454, 31.339185048573746 ], [ 27.199969948238454, 31.334680544069244 ], [ 27.204474452742957, 31.334680544069244 ] ] ] } },
{ "type": "Feature", "properties": { "cell_id": 216, "node_count": 0.0, "total_length": 0.0, "avg_degree": 0.0, "poi_count": 0, "text_des": "", "poi_categories": [ ] }, "geometry": { "type": "Polygon", "coordinates": [ [ [ 27.204474452742957, 31.33918504857375 ], [ 27.204474452742957, 31.343689553078253 ], [ 27.199969948238454, 31.343689553078253 ], [ 27.199969948238454, 31.33918504857375 ], [ 27.204474452742957, 31.33918504857375 ] ] ] } },
{ "type": "Feature", "properties": { "cell_id": 217, "node_count": 0.0, "total_length": 0.0, "avg_degree": 0.0, "poi_count": 0, "text_des": "", "poi_categories": [ ] }, "geometry": { "type": "Polygon", "coordinates": [ [ [ 27.204474452742957, 31.343689553078253 ], [ 27.204474452742957, 31.348194057582756 ], [ 27.199969948238454, 31.348194057582756 ], [ 27.199969948238454, 31.343689553078253 ], [ 27.204474452742957, 31.343689553078253 ] ] ] } },
{ "type": "Feature", "properties": { "cell_id": 218, "node_count": 0.0, "total_length": 0.0, "avg_degree": 0.0, "poi_count": 0, "text_des": "", "poi_categories": [ ] }, "geometry": { "type": "Polygon", "coordinates": [ [ [ 27.204474452742957, 31.348194057582759 ], [ 27.204474452742957, 31.352698562087262 ], [ 27.199969948238454, 31.352698562087262 ], [ 27.199969948238454, 31.348194057582759 ], [ 27.204474452742957, 31.348194057582759 ] ] ] } },
{ "type": "Feature", "properties": { "cell_id": 219, "node_count": 0.0, "total_length": 0.0, "avg_degree": 0.0, "poi_count": 0, "text_des": "", "poi_categories": [ ] }, "geometry": { "type": "Polygon", "coordinates": [ [ [ 27.204474452742957, 31.352698562087262 ], [ 27.204474452742957, 31.357203066591765 ], [ 27.199969948238454, 31.357203066591765 ], [ 27.199969948238454, 31.352698562087262 ], [ 27.204474452742957, 31.352698562087262 ] ] ] } },
{ "type": "Feature", "properties": { "cell_id": 220, "node_count": 0.0, "total_length": 0.0, "avg_degree": 0.0, "poi_count": 0, "text_des": "", "poi_categories": [ ] }, "geometry": { "type": "Polygon", "coordinates": [ [ [ 27.204474452742957, 31.357203066591769 ], [ 27.204474452742957, 31.361707571096272 ], [ 27.199969948238454, 31.361707571096272 ], [ 27.199969948238454, 31.357203066591769 ], [ 27.204474452742957, 31.357203066591769 ] ] ] } },
{ "type": "Feature", "properties": { "cell_id": 221, "node_count": 0.0, "total_length": 0.0, "avg_degree": 0.0, "poi_count": 0, "text_des": "", "poi_categories": [ ] }, "geometry": { "type": "Polygon", "coordinates": [ [ [ 27.204474452742957, 31.361707571096272 ], [ 27.204474452742957, 31.366212075600775 ], [ 27.199969948238454, 31.366212075600775 ], [ 27.199969948238454, 31.361707571096272 ], [ 27.204474452742957, 31.361707571096272 ] ] ] } },
{ "type": "Feature", "properties": { "cell_id": 222, "node_count": 0.0, "total_length": 0.0, "avg_degree": 0.0, "poi_count": 0, "text_des": "", "poi_categories": [ ] }, "geometry": { "type": "Polygon", "coordinates": [ [ [ 27.204474452742957, 31.366212075600775 ], [ 27.204474452742957, 31.370716580105277 ], [ 27.199969948238454, 31.370716580105277 ], [ 27.199969948238454, 31.366212075600775 ], [ 27.204474452742957, 31.366212075600775 ] ] ] } },
{ "type": "Feature", "properties": { "cell_id": 223, "node_count": 0.0, "total_length": 0.0, "avg_degree": 0.0, "poi_count": 0, "text_des": "", "poi_categories": [ ] }, "geometry": { "type": "Polygon", "coordinates": [ [ [ 27.204474452742957, 31.370716580105281 ], [ 27.204474452742957, 31.375221084609784 ], [ 27.199969948238454, 31.375221084609784 ], [ 27.199969948238454, 31.370716580105281 ], [ 27.204474452742957, 31.370716580105281 ] ] ] } },
{ "type": "Feature", "properties": { "cell_id": 224, "node_count": 0.0, "total_length": 0.0, "avg_degree": 0.0, "poi_count": 0, "text_des": "", "poi_categories": [ ] }, "geometry": { "type": "Polygon", "coordinates": [ [ [ 27.204474452742957, 31.375221084609784 ], [ 27.204474452742957, 31.379725589114287 ], [ 27.199969948238454, 31.379725589114287 ], [ 27.199969948238454, 31.375221084609784 ], [ 27.204474452742957, 31.375221084609784 ] ] ] } },
{ "type": "Feature", "properties": { "cell_id": 225, "node_count": 0.0, "total_length": 0.0, "avg_degree": 0.0, "poi_count": 0, "text_des": "", "poi_categories": [ ] }, "geometry": { "type": "Polygon", "coordinates": [ [ [ 27.208978957247464, 31.312158021546722 ], [ 27.208978957247464, 31.316662526051225 ], [ 27.204474452742961, 31.316662526051225 ], [ 27.204474452742961, 31.312158021546722 ], [ 27.208978957247464, 31.312158021546722 ] ] ] } },
{ "type": "Feature", "properties": { "cell_id": 226, "node_count": 0.0, "total_length": 0.0, "avg_degree": 0.0, "poi_count": 0, "text_des": "", "poi_categories": [ ] }, "geometry": { "type": "Polygon", "coordinates": [ [ [ 27.208978957247464, 31.316662526051225 ], [ 27.208978957247464, 31.321167030555728 ], [ 27.204474452742961, 31.321167030555728 ], [ 27.204474452742961, 31.316662526051225 ], [ 27.208978957247464, 31.316662526051225 ] ] ] } },
{ "type": "Feature", "properties": { "cell_id": 227, "node_count": 0.0, "total_length": 0.0, "avg_degree": 0.0, "poi_count": 0, "text_des": "", "poi_categories": [ ] }, "geometry": { "type": "Polygon", "coordinates": [ [ [ 27.208978957247464, 31.321167030555731 ], [ 27.208978957247464, 31.325671535060234 ], [ 27.204474452742961, 31.325671535060234 ], [ 27.204474452742961, 31.321167030555731 ], [ 27.208978957247464, 31.321167030555731 ] ] ] } },
{ "type": "Feature", "properties": { "cell_id": 228, "node_count": 0.0, "total_length": 0.0, "avg_degree": 0.0, "poi_count": 0, "text_des": "", "poi_categories": [ ] }, "geometry": { "type": "Polygon", "coordinates": [ [ [ 27.208978957247464, 31.325671535060234 ], [ 27.208978957247464, 31.330176039564737 ], [ 27.204474452742961, 31.330176039564737 ], [ 27.204474452742961, 31.325671535060234 ], [ 27.208978957247464, 31.325671535060234 ] ] ] } },
{ "type": "Feature", "properties": { "cell_id": 229, "node_count": 0.0, "total_length": 0.0, "avg_degree": 0.0, "poi_count": 0, "text_des": "", "poi_categories": [ ] }, "geometry": { "type": "Polygon", "coordinates": [ [ [ 27.208978957247464, 31.330176039564741 ], [ 27.208978957247464, 31.334680544069244 ], [ 27.204474452742961, 31.334680544069244 ], [ 27.204474452742961, 31.330176039564741 ], [ 27.208978957247464, 31.330176039564741 ] ] ] } },
{ "type": "Feature", "properties": { "cell_id": 230, "node_count": 0.0, "total_length": 0.0, "avg_degree": 0.0, "poi_count": 0, "text_des": "", "poi_categories": [ ] }, "geometry": { "type": "Polygon", "coordinates": [ [ [ 27.208978957247464, 31.334680544069244 ], [ 27.208978957247464, 31.339185048573746 ], [ 27.204474452742961, 31.339185048573746 ], [ 27.204474452742961, 31.334680544069244 ], [ 27.208978957247464, 31.334680544069244 ] ] ] } },
{ "type": "Feature", "properties": { "cell_id": 231, "node_count": 0.0, "total_length": 0.0, "avg_degree": 0.0, "poi_count": 0, "text_des": "", "poi_categories": [ ] }, "geometry": { "type": "Polygon", "coordinates": [ [ [ 27.208978957247464, 31.33918504857375 ], [ 27.208978957247464, 31.343689553078253 ], [ 27.204474452742961, 31.343689553078253 ], [ 27.204474452742961, 31.33918504857375 ], [ 27.208978957247464, 31.33918504857375 ] ] ] } },
{ "type": "Feature", "properties": { "cell_id": 232, "node_count": 0.0, "total_length": 0.0, "avg_degree": 0.0, "poi_count": 0, "text_des": "", "poi_categories": [ ] }, "geometry": { "type": "Polygon", "coordinates": [ [ [ 27.208978957247464, 31.343689553078253 ], [ 27.208978957247464, 31.348194057582756 ], [ 27.204474452742961, 31.348194057582756 ], [ 27.204474452742961, 31.343689553078253 ], [ 27.208978957247464, 31.343689553078253 ] ] ] } },
{ "type": "Feature", "properties": { "cell_id": 233, "node_count": 0.0, "total_length": 0.0, "avg_degree": 0.0, "poi_count": 0, "text_des": "", "poi_categories": [ ] }, "geometry": { "type": "Polygon", "coordinates": [ [ [ 27.208978957247464, 31.348194057582759 ], [ 27.208978957247464, 31.352698562087262 ], [ 27.204474452742961, 31.352698562087262 ], [ 27.204474452742961, 31.348194057582759 ], [ 27.208978957247464, 31.348194057582759 ] ] ] } },
{ "type": "Feature", "properties": { "cell_id": 234, "node_count": 0.0, "total_length": 0.0, "avg_degree": 0.0, "poi_count": 0, "text_des": "", "poi_categories": [ ] }, "geometry": { "type": "Polygon", "coordinates": [ [ [ 27.208978957247464, 31.352698562087262 ], [ 27.208978957247464, 31.357203066591765 ], [ 27.204474452742961, 31.357203066591765 ], [ 27.204474452742961, 31.352698562087262 ], [ 27.208978957247464, 31.352698562087262 ] ] ] } },
{ "type": "Feature", "properties": { "cell_id": 235, "node_count": 0.0, "total_length": 0.0, "avg_degree": 0.0, "poi_count": 0, "text_des": "", "poi_categories": [ ] }, "geometry": { "type": "Polygon", "coordinates": [ [ [ 27.208978957247464, 31.357203066591769 ], [ 27.208978957247464, 31.361707571096272 ], [ 27.204474452742961, 31.361707571096272 ], [ 27.204474452742961, 31.357203066591769 ], [ 27.208978957247464, 31.357203066591769 ] ] ] } },
{ "type": "Feature", "properties": { "cell_id": 236, "node_count": 0.0, "total_length": 0.0, "avg_degree": 0.0, "poi_count": 0, "text_des": "", "poi_categories": [ ] }, "geometry": { "type": "Polygon", "coordinates": [ [ [ 27.208978957247464, 31.361707571096272 ], [ 27.208978957247464, 31.366212075600775 ], [ 27.204474452742961, 31.366212075600775 ], [ 27.204474452742961, 31.361707571096272 ], [ 27.208978957247464, 31.361707571096272 ] ] ] } },
{ "type": "Feature", "properties": { "cell_id": 237, "node_count": 0.0, "total_length": 0.0, "avg_degree": 0.0, "poi_count": 0, "text_des": "", "poi_categories": [ ] }, "geometry": { "type": "Polygon", "coordinates": [ [ [ 27.208978957247464, 31.366212075600775 ], [ 27.208978957247464, 31.370716580105277 ], [ 27.204474452742961, 31.370716580105277 ], [ 27.204474452742961, 31.366212075600775 ], [ 27.208978957247464, 31.366212075600775 ] ] ] } },
{ "type": "Feature", "properties": { "cell_id": 238, "node_count": 0.0, "total_length": 0.0, "avg_degree": 0.0, "poi_count": 0, "text_des": "", "poi_categories": [ ] }, "geometry": { "type": "Polygon", "coordinates": [ [ [ 27.208978957247464, 31.370716580105281 ], [ 27.208978957247464, 31.375221084609784 ], [ 27.204474452742961, 31.375221084609784 ], [ 27.204474452742961, 31.370716580105281 ], [ 27.208978957247464, 31.370716580105281 ] ] ] } },
{ "type": "Feature", "properties": { "cell_id": 239, "node_count": 0.0, "total_length": 0.0, "avg_degree": 0.0, "poi_count": 0, "text_des": "", "poi_categories": [ ] }, "geometry": { "type": "Polygon", "coordinates": [ [ [ 27.208978957247464, 31.375221084609784 ], [ 27.208978957247464, 31.379725589114287 ], [ 27.204474452742961, 31.379725589114287 ], [ 27.204474452742961, 31.375221084609784 ], [ 27.208978957247464, 31.375221084609784 ] ] ] } },
{ "type": "Feature", "properties": { "cell_id": 240, "node_count": 0.0, "total_length": 0.0, "avg_degree": 0.0, "poi_count": 0, "text_des": "", "poi_categories": [ ] }, "geometry": { "type": "Polygon", "coordinates": [ [ [ 27.213483461751967, 31.312158021546722 ], [ 27.213483461751967, 31.316662526051225 ], [ 27.208978957247464, 31.316662526051225 ], [ 27.208978957247464, 31.312158021546722 ], [ 27.213483461751967, 31.312158021546722 ] ] ] } },
{ "type": "Feature", "properties": { "cell_id": 241, "node_count": 0.0, "total_length": 0.0, "avg_degree": 0.0, "poi_count": 0, "text_des": "", "poi_categories": [ ] }, "geometry": { "type": "Polygon", "coordinates": [ [ [ 27.213483461751967, 31.316662526051225 ], [ 27.213483461751967, 31.321167030555728 ], [ 27.208978957247464, 31.321167030555728 ], [ 27.208978957247464, 31.316662526051225 ], [ 27.213483461751967, 31.316662526051225 ] ] ] } },
{ "type": "Feature", "properties": { "cell_id": 242, "node_count": 0.0, "total_length": 0.0, "avg_degree": 0.0, "poi_count": 0, "text_des": "", "poi_categories": [ ] }, "geometry": { "type": "Polygon", "coordinates": [ [ [ 27.213483461751967, 31.321167030555731 ], [ 27.213483461751967, 31.325671535060234 ], [ 27.208978957247464, 31.325671535060234 ], [ 27.208978957247464, 31.321167030555731 ], [ 27.213483461751967, 31.321167030555731 ] ] ] } },
{ "type": "Feature", "properties": { "cell_id": 243, "node_count": 0.0, "total_length": 0.0, "avg_degree": 0.0, "poi_count": 0, "text_des": "", "poi_categories": [ ] }, "geometry": { "type": "Polygon", "coordinates": [ [ [ 27.213483461751967, 31.325671535060234 ], [ 27.213483461751967, 31.330176039564737 ], [ 27.208978957247464, 31.330176039564737 ], [ 27.208978957247464, 31.325671535060234 ], [ 27.213483461751967, 31.325671535060234 ] ] ] } },
{ "type": "Feature", "properties": { "cell_id": 244, "node_count": 0.0, "total_length": 0.0, "avg_degree": 0.0, "poi_count": 0, "text_des": "", "poi_categories": [ ] }, "geometry": { "type": "Polygon", "coordinates": [ [ [ 27.213483461751967, 31.330176039564741 ], [ 27.213483461751967, 31.334680544069244 ], [ 27.208978957247464, 31.334680544069244 ], [ 27.208978957247464, 31.330176039564741 ], [ 27.213483461751967, 31.330176039564741 ] ] ] } },
{ "type": "Feature", "properties": { "cell_id": 245, "node_count": 0.0, "total_length": 0.0, "avg_degree": 0.0, "poi_count": 0, "text_des": "", "poi_categories": [ ] }, "geometry": { "type": "Polygon", "coordinates": [ [ [ 27.213483461751967, 31.334680544069244 ], [ 27.213483461751967, 31.339185048573746 ], [ 27.208978957247464, 31.339185048573746 ], [ 27.208978957247464, 31.334680544069244 ], [ 27.213483461751967, 31.334680544069244 ] ] ] } },
{ "type": "Feature", "properties": { "cell_id": 246, "node_count": 0.0, "total_length": 0.0, "avg_degree": 0.0, "poi_count": 0, "text_des": "", "poi_categories": [ ] }, "geometry": { "type": "Polygon", "coordinates": [ [ [ 27.213483461751967, 31.33918504857375 ], [ 27.213483461751967, 31.343689553078253 ], [ 27.208978957247464, 31.343689553078253 ], [ 27.208978957247464, 31.33918504857375 ], [ 27.213483461751967, 31.33918504857375 ] ] ] } },
{ "type": "Feature", "properties": { "cell_id": 247, "node_count": 0.0, "total_length": 0.0, "avg_degree": 0.0, "poi_count": 0, "text_des": "", "poi_categories": [ ] }, "geometry": { "type": "Polygon", "coordinates": [ [ [ 27.213483461751967, 31.343689553078253 ], [ 27.213483461751967, 31.348194057582756 ], [ 27.208978957247464, 31.348194057582756 ], [ 27.208978957247464, 31.343689553078253 ], [ 27.213483461751967, 31.343689553078253 ] ] ] } },
{ "type": "Feature", "properties": { "cell_id": 248, "node_count": 0.0, "total_length": 0.0, "avg_degree": 0.0, "poi_count": 0, "text_des": "", "poi_categories": [ ] }, "geometry": { "type": "Polygon", "coordinates": [ [ [ 27.213483461751967, 31.348194057582759 ], [ 27.213483461751967, 31.352698562087262 ], [ 27.208978957247464, 31.352698562087262 ], [ 27.208978957247464, 31.348194057582759 ], [ 27.213483461751967, 31.348194057582759 ] ] ] } },
{ "type": "Feature", "properties": { "cell_id": 249, "node_count": 0.0, "total_length": 0.0, "avg_degree": 0.0, "poi_count": 0, "text_des": "", "poi_categories": [ ] }, "geometry": { "type": "Polygon", "coordinates": [ [ [ 27.213483461751967, 31.352698562087262 ], [ 27.213483461751967, 31.357203066591765 ], [ 27.208978957247464, 31.357203066591765 ], [ 27.208978957247464, 31.352698562087262 ], [ 27.213483461751967, 31.352698562087262 ] ] ] } },
{ "type": "Feature", "properties": { "cell_id": 250, "node_count": 0.0, "total_length": 0.0, "avg_degree": 0.0, "poi_count": 0, "text_des": "", "poi_categories": [ ] }, "geometry": { "type": "Polygon", "coordinates": [ [ [ 27.213483461751967, 31.357203066591769 ], [ 27.213483461751967, 31.361707571096272 ], [ 27.208978957247464, 31.361707571096272 ], [ 27.208978957247464, 31.357203066591769 ], [ 27.213483461751967, 31.357203066591769 ] ] ] } },
{ "type": "Feature", "properties": { "cell_id": 251, "node_count": 0.0, "total_length": 0.0, "avg_degree": 0.0, "poi_count": 0, "text_des": "", "poi_categories": [ ] }, "geometry": { "type": "Polygon", "coordinates": [ [ [ 27.213483461751967, 31.361707571096272 ], [ 27.213483461751967, 31.366212075600775 ], [ 27.208978957247464, 31.366212075600775 ], [ 27.208978957247464, 31.361707571096272 ], [ 27.213483461751967, 31.361707571096272 ] ] ] } },
{ "type": "Feature", "properties": { "cell_id": 252, "node_count": 0.0, "total_length": 0.0, "avg_degree": 0.0, "poi_count": 0, "text_des": "", "poi_categories": [ ] }, "geometry": { "type": "Polygon", "coordinates": [ [ [ 27.213483461751967, 31.366212075600775 ], [ 27.213483461751967, 31.370716580105277 ], [ 27.208978957247464, 31.370716580105277 ], [ 27.208978957247464, 31.366212075600775 ], [ 27.213483461751967, 31.366212075600775 ] ] ] } },
{ "type": "Feature", "properties": { "cell_id": 253, "node_count": 0.0, "total_length": 0.0, "avg_degree": 0.0, "poi_count": 0, "text_des": "", "poi_categories": [ ] }, "geometry": { "type": "Polygon", "coordinates": [ [ [ 27.213483461751967, 31.370716580105281 ], [ 27.213483461751967, 31.375221084609784 ], [ 27.208978957247464, 31.375221084609784 ], [ 27.208978957247464, 31.370716580105281 ], [ 27.213483461751967, 31.370716580105281 ] ] ] } },
{ "type": "Feature", "properties": { "cell_id": 254, "node_count": 0.0, "total_length": 0.0, "avg_degree": 0.0, "poi_count": 0, "text_des": "", "poi_categories": [ ] }, "geometry": { "type": "Polygon", "coordinates": [ [ [ 27.213483461751967, 31.375221084609784 ], [ 27.213483461751967, 31.379725589114287 ], [ 27.208978957247464, 31.379725589114287 ], [ 27.208978957247464, 31.375221084609784 ], [ 27.213483461751967, 31.375221084609784 ] ] ] } },
{ "type": "Feature", "properties": { "cell_id": 255, "node_count": 0.0, "total_length": 0.0, "avg_degree": 0.0, "poi_count": 0, "text_des": "", "poi_categories": [ ] }, "geometry": { "type": "Polygon", "coordinates": [ [ [ 27.217987966256473, 31.312158021546722 ], [ 27.217987966256473, 31.316662526051225 ], [ 27.21348346175197, 31.316662526051225 ], [ 27.21348346175197, 31.312158021546722 ], [ 27.217987966256473, 31.312158021546722 ] ] ] } },
{ "type": "Feature", "properties": { "cell_id": 256, "node_count": 0.0, "total_length": 0.0, "avg_degree": 0.0, "poi_count": 0, "text_des": "", "poi_categories": [ ] }, "geometry": { "type": "Polygon", "coordinates": [ [ [ 27.217987966256473, 31.316662526051225 ], [ 27.217987966256473, 31.321167030555728 ], [ 27.21348346175197, 31.321167030555728 ], [ 27.21348346175197, 31.316662526051225 ], [ 27.217987966256473, 31.316662526051225 ] ] ] } },
{ "type": "Feature", "properties": { "cell_id": 257, "node_count": 0.0, "total_length": 0.0, "avg_degree": 0.0, "poi_count": 0, "text_des": "", "poi_categories": [ ] }, "geometry": { "type": "Polygon", "coordinates": [ [ [ 27.217987966256473, 31.321167030555731 ], [ 27.217987966256473, 31.325671535060234 ], [ 27.21348346175197, 31.325671535060234 ], [ 27.21348346175197, 31.321167030555731 ], [ 27.217987966256473, 31.321167030555731 ] ] ] } },
{ "type": "Feature", "properties": { "cell_id": 258, "node_count": 0.0, "total_length": 0.0, "avg_degree": 0.0, "poi_count": 0, "text_des": "", "poi_categories": [ ] }, "geometry": { "type": "Polygon", "coordinates": [ [ [ 27.217987966256473, 31.325671535060234 ], [ 27.217987966256473, 31.330176039564737 ], [ 27.21348346175197, 31.330176039564737 ], [ 27.21348346175197, 31.325671535060234 ], [ 27.217987966256473, 31.325671535060234 ] ] ] } },
{ "type": "Feature", "properties": { "cell_id": 259, "node_count": 0.0, "total_length": 0.0, "avg_degree": 0.0, "poi_count": 0, "text_des": "", "poi_categories": [ ] }, "geometry": { "type": "Polygon", "coordinates": [ [ [ 27.217987966256473, 31.330176039564741 ], [ 27.217987966256473, 31.334680544069244 ], [ 27.21348346175197, 31.334680544069244 ], [ 27.21348346175197, 31.330176039564741 ], [ 27.217987966256473, 31.330176039564741 ] ] ] } },
{ "type": "Feature", "properties": { "cell_id": 260, "node_count": 0.0, "total_length": 0.0, "avg_degree": 0.0, "poi_count": 0, "text_des": "", "poi_categories": [ ] }, "geometry": { "type": "Polygon", "coordinates": [ [ [ 27.217987966256473, 31.334680544069244 ], [ 27.217987966256473, 31.339185048573746 ], [ 27.21348346175197, 31.339185048573746 ], [ 27.21348346175197, 31.334680544069244 ], [ 27.217987966256473, 31.334680544069244 ] ] ] } },
{ "type": "Feature", "properties": { "cell_id": 261, "node_count": 0.0, "total_length": 0.0, "avg_degree": 0.0, "poi_count": 0, "text_des": "", "poi_categories": [ ] }, "geometry": { "type": "Polygon", "coordinates": [ [ [ 27.217987966256473, 31.33918504857375 ], [ 27.217987966256473, 31.343689553078253 ], [ 27.21348346175197, 31.343689553078253 ], [ 27.21348346175197, 31.33918504857375 ], [ 27.217987966256473, 31.33918504857375 ] ] ] } },
{ "type": "Feature", "properties": { "cell_id": 262, "node_count": 0.0, "total_length": 0.0, "avg_degree": 0.0, "poi_count": 0, "text_des": "", "poi_categories": [ ] }, "geometry": { "type": "Polygon", "coordinates": [ [ [ 27.217987966256473, 31.343689553078253 ], [ 27.217987966256473, 31.348194057582756 ], [ 27.21348346175197, 31.348194057582756 ], [ 27.21348346175197, 31.343689553078253 ], [ 27.217987966256473, 31.343689553078253 ] ] ] } },
{ "type": "Feature", "properties": { "cell_id": 263, "node_count": 0.0, "total_length": 0.0, "avg_degree": 0.0, "poi_count": 0, "text_des": "", "poi_categories": [ ] }, "geometry": { "type": "Polygon", "coordinates": [ [ [ 27.217987966256473, 31.348194057582759 ], [ 27.217987966256473, 31.352698562087262 ], [ 27.21348346175197, 31.352698562087262 ], [ 27.21348346175197, 31.348194057582759 ], [ 27.217987966256473, 31.348194057582759 ] ] ] } },
{ "type": "Feature", "properties": { "cell_id": 264, "node_count": 0.0, "total_length": 0.0, "avg_degree": 0.0, "poi_count": 0, "text_des": "", "poi_categories": [ ] }, "geometry": { "type": "Polygon", "coordinates": [ [ [ 27.217987966256473, 31.352698562087262 ], [ 27.217987966256473, 31.357203066591765 ], [ 27.21348346175197, 31.357203066591765 ], [ 27.21348346175197, 31.352698562087262 ], [ 27.217987966256473, 31.352698562087262 ] ] ] } },
{ "type": "Feature", "properties": { "cell_id": 265, "node_count": 0.0, "total_length": 0.0, "avg_degree": 0.0, "poi_count": 0, "text_des": "", "poi_categories": [ ] }, "geometry": { "type": "Polygon", "coordinates": [ [ [ 27.217987966256473, 31.357203066591769 ], [ 27.217987966256473, 31.361707571096272 ], [ 27.21348346175197, 31.361707571096272 ], [ 27.21348346175197, 31.357203066591769 ], [ 27.217987966256473, 31.357203066591769 ] ] ] } },
{ "type": "Feature", "properties": { "cell_id": 266, "node_count": 0.0, "total_length": 0.0, "avg_degree": 0.0, "poi_count": 0, "text_des": "", "poi_categories": [ ] }, "geometry": { "type": "Polygon", "coordinates": [ [ [ 27.217987966256473, 31.361707571096272 ], [ 27.217987966256473, 31.366212075600775 ], [ 27.21348346175197, 31.366212075600775 ], [ 27.21348346175197, 31.361707571096272 ], [ 27.217987966256473, 31.361707571096272 ] ] ] } },
{ "type": "Feature", "properties": { "cell_id": 267, "node_count": 0.0, "total_length": 0.0, "avg_degree": 0.0, "poi_count": 0, "text_des": "", "poi_categories": [ ] }, "geometry": { "type": "Polygon", "coordinates": [ [ [ 27.217987966256473, 31.366212075600775 ], [ 27.217987966256473, 31.370716580105277 ], [ 27.21348346175197, 31.370716580105277 ], [ 27.21348346175197, 31.366212075600775 ], [ 27.217987966256473, 31.366212075600775 ] ] ] } },
{ "type": "Feature", "properties": { "cell_id": 268, "node_count": 0.0, "total_length": 0.0, "avg_degree": 0.0, "poi_count": 0, "text_des": "", "poi_categories": [ ] }, "geometry": { "type": "Polygon", "coordinates": [ [ [ 27.217987966256473, 31.370716580105281 ], [ 27.217987966256473, 31.375221084609784 ], [ 27.21348346175197, 31.375221084609784 ], [ 27.21348346175197, 31.370716580105281 ], [ 27.217987966256473, 31.370716580105281 ] ] ] } },
{ "type": "Feature", "properties": { "cell_id": 269, "node_count": 0.0, "total_length": 0.0, "avg_degree": 0.0, "poi_count": 0, "text_des": "", "poi_categories": [ ] }, "geometry": { "type": "Polygon", "coordinates": [ [ [ 27.217987966256473, 31.375221084609784 ], [ 27.217987966256473, 31.379725589114287 ], [ 27.21348346175197, 31.379725589114287 ], [ 27.21348346175197, 31.375221084609784 ], [ 27.217987966256473, 31.375221084609784 ] ] ] } },
{ "type": "Feature", "properties": { "cell_id": 270, "node_count": 0.0, "total_length": 0.0, "avg_degree": 0.0, "poi_count": 0, "text_des": "", "poi_categories": [ ] }, "geometry": { "type": "Polygon", "coordinates": [ [ [ 27.222492470760976, 31.312158021546722 ], [ 27.222492470760976, 31.316662526051225 ], [ 27.217987966256473, 31.316662526051225 ], [ 27.217987966256473, 31.312158021546722 ], [ 27.222492470760976, 31.312158021546722 ] ] ] } },
{ "type": "Feature", "properties": { "cell_id": 271, "node_count": 0.0, "total_length": 0.0, "avg_degree": 0.0, "poi_count": 0, "text_des": "", "poi_categories": [ ] }, "geometry": { "type": "Polygon", "coordinates": [ [ [ 27.222492470760976, 31.316662526051225 ], [ 27.222492470760976, 31.321167030555728 ], [ 27.217987966256473, 31.321167030555728 ], [ 27.217987966256473, 31.316662526051225 ], [ 27.222492470760976, 31.316662526051225 ] ] ] } },
{ "type": "Feature", "properties": { "cell_id": 272, "node_count": 0.0, "total_length": 0.0, "avg_degree": 0.0, "poi_count": 0, "text_des": "", "poi_categories": [ ] }, "geometry": { "type": "Polygon", "coordinates": [ [ [ 27.222492470760976, 31.321167030555731 ], [ 27.222492470760976, 31.325671535060234 ], [ 27.217987966256473, 31.325671535060234 ], [ 27.217987966256473, 31.321167030555731 ], [ 27.222492470760976, 31.321167030555731 ] ] ] } },
{ "type": "Feature", "properties": { "cell_id": 273, "node_count": 0.0, "total_length": 0.0, "avg_degree": 0.0, "poi_count": 0, "text_des": "", "poi_categories": [ ] }, "geometry": { "type": "Polygon", "coordinates": [ [ [ 27.222492470760976, 31.325671535060234 ], [ 27.222492470760976, 31.330176039564737 ], [ 27.217987966256473, 31.330176039564737 ], [ 27.217987966256473, 31.325671535060234 ], [ 27.222492470760976, 31.325671535060234 ] ] ] } },
{ "type": "Feature", "properties": { "cell_id": 274, "node_count": 0.0, "total_length": 0.0, "avg_degree": 0.0, "poi_count": 0, "text_des": "", "poi_categories": [ ] }, "geometry": { "type": "Polygon", "coordinates": [ [ [ 27.222492470760976, 31.330176039564741 ], [ 27.222492470760976, 31.334680544069244 ], [ 27.217987966256473, 31.334680544069244 ], [ 27.217987966256473, 31.330176039564741 ], [ 27.222492470760976, 31.330176039564741 ] ] ] } },
{ "type": "Feature", "properties": { "cell_id": 275, "node_count": 0.0, "total_length": 0.0, "avg_degree": 0.0, "poi_count": 0, "text_des": "", "poi_categories": [ ] }, "geometry": { "type": "Polygon", "coordinates": [ [ [ 27.222492470760976, 31.334680544069244 ], [ 27.222492470760976, 31.339185048573746 ], [ 27.217987966256473, 31.339185048573746 ], [ 27.217987966256473, 31.334680544069244 ], [ 27.222492470760976, 31.334680544069244 ] ] ] } },
{ "type": "Feature", "properties": { "cell_id": 276, "node_count": 0.0, "total_length": 0.0, "avg_degree": 0.0, "poi_count": 0, "text_des": "", "poi_categories": [ ] }, "geometry": { "type": "Polygon", "coordinates": [ [ [ 27.222492470760976, 31.33918504857375 ], [ 27.222492470760976, 31.343689553078253 ], [ 27.217987966256473, 31.343689553078253 ], [ 27.217987966256473, 31.33918504857375 ], [ 27.222492470760976, 31.33918504857375 ] ] ] } },
{ "type": "Feature", "properties": { "cell_id": 277, "node_count": 0.0, "total_length": 0.0, "avg_degree": 0.0, "poi_count": 0, "text_des": "", "poi_categories": [ ] }, "geometry": { "type": "Polygon", "coordinates": [ [ [ 27.222492470760976, 31.343689553078253 ], [ 27.222492470760976, 31.348194057582756 ], [ 27.217987966256473, 31.348194057582756 ], [ 27.217987966256473, 31.343689553078253 ], [ 27.222492470760976, 31.343689553078253 ] ] ] } },
{ "type": "Feature", "properties": { "cell_id": 278, "node_count": 0.0, "total_length": 0.0, "avg_degree": 0.0, "poi_count": 0, "text_des": "", "poi_categories": [ ] }, "geometry": { "type": "Polygon", "coordinates": [ [ [ 27.222492470760976, 31.348194057582759 ], [ 27.222492470760976, 31.352698562087262 ], [ 27.217987966256473, 31.352698562087262 ], [ 27.217987966256473, 31.348194057582759 ], [ 27.222492470760976, 31.348194057582759 ] ] ] } },
{ "type": "Feature", "properties": { "cell_id": 279, "node_count": 0.0, "total_length": 0.0, "avg_degree": 0.0, "poi_count": 0, "text_des": "", "poi_categories": [ ] }, "geometry": { "type": "Polygon", "coordinates": [ [ [ 27.222492470760976, 31.352698562087262 ], [ 27.222492470760976, 31.357203066591765 ], [ 27.217987966256473, 31.357203066591765 ], [ 27.217987966256473, 31.352698562087262 ], [ 27.222492470760976, 31.352698562087262 ] ] ] } },
{ "type": "Feature", "properties": { "cell_id": 280, "node_count": 0.0, "total_length": 0.0, "avg_degree": 0.0, "poi_count": 0, "text_des": "", "poi_categories": [ ] }, "geometry": { "type": "Polygon", "coordinates": [ [ [ 27.222492470760976, 31.357203066591769 ], [ 27.222492470760976, 31.361707571096272 ], [ 27.217987966256473, 31.361707571096272 ], [ 27.217987966256473, 31.357203066591769 ], [ 27.222492470760976, 31.357203066591769 ] ] ] } },
{ "type": "Feature", "properties": { "cell_id": 281, "node_count": 0.0, "total_length": 0.0, "avg_degree": 0.0, "poi_count": 0, "text_des": "", "poi_categories": [ ] }, "geometry": { "type": "Polygon", "coordinates": [ [ [ 27.222492470760976, 31.361707571096272 ], [ 27.222492470760976, 31.366212075600775 ], [ 27.217987966256473, 31.366212075600775 ], [ 27.217987966256473, 31.361707571096272 ], [ 27.222492470760976, 31.361707571096272 ] ] ] } },
{ "type": "Feature", "properties": { "cell_id": 282, "node_count": 0.0, "total_length": 0.0, "avg_degree": 0.0, "poi_count": 0, "text_des": "", "poi_categories": [ ] }, "geometry": { "type": "Polygon", "coordinates": [ [ [ 27.222492470760976, 31.366212075600775 ], [ 27.222492470760976, 31.370716580105277 ], [ 27.217987966256473, 31.370716580105277 ], [ 27.217987966256473, 31.366212075600775 ], [ 27.222492470760976, 31.366212075600775 ] ] ] } },
{ "type": "Feature", "properties": { "cell_id": 283, "node_count": 0.0, "total_length": 0.0, "avg_degree": 0.0, "poi_count": 0, "text_des": "", "poi_categories": [ ] }, "geometry": { "type": "Polygon", "coordinates": [ [ [ 27.222492470760976, 31.370716580105281 ], [ 27.222492470760976, 31.375221084609784 ], [ 27.217987966256473, 31.375221084609784 ], [ 27.217987966256473, 31.370716580105281 ], [ 27.222492470760976, 31.370716580105281 ] ] ] } },
{ "type": "Feature", "properties": { "cell_id": 284, "node_count": 0.0, "total_length": 0.0, "avg_degree": 0.0, "poi_count": 0, "text_des": "", "poi_categories": [ ] }, "geometry": { "type": "Polygon", "coordinates": [ [ [ 27.222492470760976, 31.375221084609784 ], [ 27.222492470760976, 31.379725589114287 ], [ 27.217987966256473, 31.379725589114287 ], [ 27.217987966256473, 31.375221084609784 ], [ 27.222492470760976, 31.375221084609784 ] ] ] } },
{ "type": "Feature", "properties": { "cell_id": 285, "node_count": 0.0, "total_length": 0.0, "avg_degree": 0.0, "poi_count": 0, "text_des": "", "poi_categories": [ ] }, "geometry": { "type": "Polygon", "coordinates": [ [ [ 27.226996975265482, 31.312158021546722 ], [ 27.226996975265482, 31.316662526051225 ], [ 27.222492470760979, 31.316662526051225 ], [ 27.222492470760979, 31.312158021546722 ], [ 27.226996975265482, 31.312158021546722 ] ] ] } },
{ "type": "Feature", "properties": { "cell_id": 286, "node_count": 0.0, "total_length": 0.0, "avg_degree": 0.0, "poi_count": 0, "text_des": "", "poi_categories": [ ] }, "geometry": { "type": "Polygon", "coordinates": [ [ [ 27.226996975265482, 31.316662526051225 ], [ 27.226996975265482, 31.321167030555728 ], [ 27.222492470760979, 31.321167030555728 ], [ 27.222492470760979, 31.316662526051225 ], [ 27.226996975265482, 31.316662526051225 ] ] ] } },
{ "type": "Feature", "properties": { "cell_id": 287, "node_count": 0.0, "total_length": 0.0, "avg_degree": 0.0, "poi_count": 0, "text_des": "", "poi_categories": [ ] }, "geometry": { "type": "Polygon", "coordinates": [ [ [ 27.226996975265482, 31.321167030555731 ], [ 27.226996975265482, 31.325671535060234 ], [ 27.222492470760979, 31.325671535060234 ], [ 27.222492470760979, 31.321167030555731 ], [ 27.226996975265482, 31.321167030555731 ] ] ] } },
{ "type": "Feature", "properties": { "cell_id": 288, "node_count": 0.0, "total_length": 0.0, "avg_degree": 0.0, "poi_count": 0, "text_des": "", "poi_categories": [ ] }, "geometry": { "type": "Polygon", "coordinates": [ [ [ 27.226996975265482, 31.325671535060234 ], [ 27.226996975265482, 31.330176039564737 ], [ 27.222492470760979, 31.330176039564737 ], [ 27.222492470760979, 31.325671535060234 ], [ 27.226996975265482, 31.325671535060234 ] ] ] } },
{ "type": "Feature", "properties": { "cell_id": 289, "node_count": 0.0, "total_length": 0.0, "avg_degree": 0.0, "poi_count": 0, "text_des": "", "poi_categories": [ ] }, "geometry": { "type": "Polygon", "coordinates": [ [ [ 27.226996975265482, 31.330176039564741 ], [ 27.226996975265482, 31.334680544069244 ], [ 27.222492470760979, 31.334680544069244 ], [ 27.222492470760979, 31.330176039564741 ], [ 27.226996975265482, 31.330176039564741 ] ] ] } },
{ "type": "Feature", "properties": { "cell_id": 290, "node_count": 0.0, "total_length": 0.0, "avg_degree": 0.0, "poi_count": 0, "text_des": "", "poi_categories": [ ] }, "geometry": { "type": "Polygon", "coordinates": [ [ [ 27.226996975265482, 31.334680544069244 ], [ 27.226996975265482, 31.339185048573746 ], [ 27.222492470760979, 31.339185048573746 ], [ 27.222492470760979, 31.334680544069244 ], [ 27.226996975265482, 31.334680544069244 ] ] ] } },
{ "type": "Feature", "properties": { "cell_id": 291, "node_count": 0.0, "total_length": 0.0, "avg_degree": 0.0, "poi_count": 0, "text_des": "", "poi_categories": [ ] }, "geometry": { "type": "Polygon", "coordinates": [ [ [ 27.226996975265482, 31.33918504857375 ], [ 27.226996975265482, 31.343689553078253 ], [ 27.222492470760979, 31.343689553078253 ], [ 27.222492470760979, 31.33918504857375 ], [ 27.226996975265482, 31.33918504857375 ] ] ] } },
{ "type": "Feature", "properties": { "cell_id": 292, "node_count": 0.0, "total_length": 0.0, "avg_degree": 0.0, "poi_count": 0, "text_des": "", "poi_categories": [ ] }, "geometry": { "type": "Polygon", "coordinates": [ [ [ 27.226996975265482, 31.343689553078253 ], [ 27.226996975265482, 31.348194057582756 ], [ 27.222492470760979, 31.348194057582756 ], [ 27.222492470760979, 31.343689553078253 ], [ 27.226996975265482, 31.343689553078253 ] ] ] } },
{ "type": "Feature", "properties": { "cell_id": 293, "node_count": 0.0, "total_length": 0.0, "avg_degree": 0.0, "poi_count": 0, "text_des": "", "poi_categories": [ ] }, "geometry": { "type": "Polygon", "coordinates": [ [ [ 27.226996975265482, 31.348194057582759 ], [ 27.226996975265482, 31.352698562087262 ], [ 27.222492470760979, 31.352698562087262 ], [ 27.222492470760979, 31.348194057582759 ], [ 27.226996975265482, 31.348194057582759 ] ] ] } },
{ "type": "Feature", "properties": { "cell_id": 294, "node_count": 0.0, "total_length": 0.0, "avg_degree": 0.0, "poi_count": 0, "text_des": "", "poi_categories": [ ] }, "geometry": { "type": "Polygon", "coordinates": [ [ [ 27.226996975265482, 31.352698562087262 ], [ 27.226996975265482, 31.357203066591765 ], [ 27.222492470760979, 31.357203066591765 ], [ 27.222492470760979, 31.352698562087262 ], [ 27.226996975265482, 31.352698562087262 ] ] ] } },
{ "type": "Feature", "properties": { "cell_id": 295, "node_count": 0.0, "total_length": 0.0, "avg_degree": 0.0, "poi_count": 0, "text_des": "", "poi_categories": [ ] }, "geometry": { "type": "Polygon", "coordinates": [ [ [ 27.226996975265482, 31.357203066591769 ], [ 27.226996975265482, 31.361707571096272 ], [ 27.222492470760979, 31.361707571096272 ], [ 27.222492470760979, 31.357203066591769 ], [ 27.226996975265482, 31.357203066591769 ] ] ] } },
{ "type": "Feature", "properties": { "cell_id": 296, "node_count": 0.0, "total_length": 0.0, "avg_degree": 0.0, "poi_count": 0, "text_des": "", "poi_categories": [ ] }, "geometry": { "type": "Polygon", "coordinates": [ [ [ 27.226996975265482, 31.361707571096272 ], [ 27.226996975265482, 31.366212075600775 ], [ 27.222492470760979, 31.366212075600775 ], [ 27.222492470760979, 31.361707571096272 ], [ 27.226996975265482, 31.361707571096272 ] ] ] } },
{ "type": "Feature", "properties": { "cell_id": 297, "node_count": 0.0, "total_length": 0.0, "avg_degree": 0.0, "poi_count": 0, "text_des": "", "poi_categories": [ ] }, "geometry": { "type": "Polygon", "coordinates": [ [ [ 27.226996975265482, 31.366212075600775 ], [ 27.226996975265482, 31.370716580105277 ], [ 27.222492470760979, 31.370716580105277 ], [ 27.222492470760979, 31.366212075600775 ], [ 27.226996975265482, 31.366212075600775 ] ] ] } },
{ "type": "Feature", "properties": { "cell_id": 298, "node_count": 0.0, "total_length": 0.0, "avg_degree": 0.0, "poi_count": 0, "text_des": "", "poi_categories": [ ] }, "geometry": { "type": "Polygon", "coordinates": [ [ [ 27.226996975265482, 31.370716580105281 ], [ 27.226996975265482, 31.375221084609784 ], [ 27.222492470760979, 31.375221084609784 ], [ 27.222492470760979, 31.370716580105281 ], [ 27.226996975265482, 31.370716580105281 ] ] ] } },
{ "type": "Feature", "properties": { "cell_id": 299, "node_count": 0.0, "total_length": 0.0, "avg_degree": 0.0, "poi_count": 0, "text_des": "", "poi_categories": [ ] }, "geometry": { "type": "Polygon", "coordinates": [ [ [ 27.226996975265482, 31.375221084609784 ], [ 27.226996975265482, 31.379725589114287 ], [ 27.222492470760979, 31.379725589114287 ], [ 27.222492470760979, 31.375221084609784 ], [ 27.226996975265482, 31.375221084609784 ] ] ] } },
{ "type": "Feature", "properties": { "cell_id": 300, "node_count": 0.0, "total_length": 0.0, "avg_degree": 0.0, "poi_count": 0, "text_des": "", "poi_categories": [ ] }, "geometry": { "type": "Polygon", "coordinates": [ [ [ 27.231501479769985, 31.312158021546722 ], [ 27.231501479769985, 31.316662526051225 ], [ 27.226996975265482, 31.316662526051225 ], [ 27.226996975265482, 31.312158021546722 ], [ 27.231501479769985, 31.312158021546722 ] ] ] } },
{ "type": "Feature", "properties": { "cell_id": 301, "node_count": 0.0, "total_length": 0.0, "avg_degree": 0.0, "poi_count": 0, "text_des": "", "poi_categories": [ ] }, "geometry": { "type": "Polygon", "coordinates": [ [ [ 27.231501479769985, 31.316662526051225 ], [ 27.231501479769985, 31.321167030555728 ], [ 27.226996975265482, 31.321167030555728 ], [ 27.226996975265482, 31.316662526051225 ], [ 27.231501479769985, 31.316662526051225 ] ] ] } },
{ "type": "Feature", "properties": { "cell_id": 302, "node_count": 0.0, "total_length": 0.0, "avg_degree": 0.0, "poi_count": 0, "text_des": "", "poi_categories": [ ] }, "geometry": { "type": "Polygon", "coordinates": [ [ [ 27.231501479769985, 31.321167030555731 ], [ 27.231501479769985, 31.325671535060234 ], [ 27.226996975265482, 31.325671535060234 ], [ 27.226996975265482, 31.321167030555731 ], [ 27.231501479769985, 31.321167030555731 ] ] ] } },
{ "type": "Feature", "properties": { "cell_id": 303, "node_count": 0.0, "total_length": 0.0, "avg_degree": 0.0, "poi_count": 0, "text_des": "", "poi_categories": [ ] }, "geometry": { "type": "Polygon", "coordinates": [ [ [ 27.231501479769985, 31.325671535060234 ], [ 27.231501479769985, 31.330176039564737 ], [ 27.226996975265482, 31.330176039564737 ], [ 27.226996975265482, 31.325671535060234 ], [ 27.231501479769985, 31.325671535060234 ] ] ] } },
{ "type": "Feature", "properties": { "cell_id": 304, "node_count": 0.0, "total_length": 0.0, "avg_degree": 0.0, "poi_count": 0, "text_des": "", "poi_categories": [ ] }, "geometry": { "type": "Polygon", "coordinates": [ [ [ 27.231501479769985, 31.330176039564741 ], [ 27.231501479769985, 31.334680544069244 ], [ 27.226996975265482, 31.334680544069244 ], [ 27.226996975265482, 31.330176039564741 ], [ 27.231501479769985, 31.330176039564741 ] ] ] } },
{ "type": "Feature", "properties": { "cell_id": 305, "node_count": 0.0, "total_length": 0.0, "avg_degree": 0.0, "poi_count": 0, "text_des": "", "poi_categories": [ ] }, "geometry": { "type": "Polygon", "coordinates": [ [ [ 27.231501479769985, 31.334680544069244 ], [ 27.231501479769985, 31.339185048573746 ], [ 27.226996975265482, 31.339185048573746 ], [ 27.226996975265482, 31.334680544069244 ], [ 27.231501479769985, 31.334680544069244 ] ] ] } },
{ "type": "Feature", "properties": { "cell_id": 306, "node_count": 0.0, "total_length": 0.0, "avg_degree": 0.0, "poi_count": 0, "text_des": "", "poi_categories": [ ] }, "geometry": { "type": "Polygon", "coordinates": [ [ [ 27.231501479769985, 31.33918504857375 ], [ 27.231501479769985, 31.343689553078253 ], [ 27.226996975265482, 31.343689553078253 ], [ 27.226996975265482, 31.33918504857375 ], [ 27.231501479769985, 31.33918504857375 ] ] ] } },
{ "type": "Feature", "properties": { "cell_id": 307, "node_count": 0.0, "total_length": 0.0, "avg_degree": 0.0, "poi_count": 0, "text_des": "", "poi_categories": [ ] }, "geometry": { "type": "Polygon", "coordinates": [ [ [ 27.231501479769985, 31.343689553078253 ], [ 27.231501479769985, 31.348194057582756 ], [ 27.226996975265482, 31.348194057582756 ], [ 27.226996975265482, 31.343689553078253 ], [ 27.231501479769985, 31.343689553078253 ] ] ] } },
{ "type": "Feature", "properties": { "cell_id": 308, "node_count": 0.0, "total_length": 0.0, "avg_degree": 0.0, "poi_count": 0, "text_des": "", "poi_categories": [ ] }, "geometry": { "type": "Polygon", "coordinates": [ [ [ 27.231501479769985, 31.348194057582759 ], [ 27.231501479769985, 31.352698562087262 ], [ 27.226996975265482, 31.352698562087262 ], [ 27.226996975265482, 31.348194057582759 ], [ 27.231501479769985, 31.348194057582759 ] ] ] } },
{ "type": "Feature", "properties": { "cell_id": 309, "node_count": 0.0, "total_length": 0.0, "avg_degree": 0.0, "poi_count": 0, "text_des": "", "poi_categories": [ ] }, "geometry": { "type": "Polygon", "coordinates": [ [ [ 27.231501479769985, 31.352698562087262 ], [ 27.231501479769985, 31.357203066591765 ], [ 27.226996975265482, 31.357203066591765 ], [ 27.226996975265482, 31.352698562087262 ], [ 27.231501479769985, 31.352698562087262 ] ] ] } },
{ "type": "Feature", "properties": { "cell_id": 310, "node_count": 0.0, "total_length": 0.0, "avg_degree": 0.0, "poi_count": 0, "text_des": "", "poi_categories": [ ] }, "geometry": { "type": "Polygon", "coordinates": [ [ [ 27.231501479769985, 31.357203066591769 ], [ 27.231501479769985, 31.361707571096272 ], [ 27.226996975265482, 31.361707571096272 ], [ 27.226996975265482, 31.357203066591769 ], [ 27.231501479769985, 31.357203066591769 ] ] ] } },
{ "type": "Feature", "properties": { "cell_id": 311, "node_count": 0.0, "total_length": 0.0, "avg_degree": 0.0, "poi_count": 0, "text_des": "", "poi_categories": [ ] }, "geometry": { "type": "Polygon", "coordinates": [ [ [ 27.231501479769985, 31.361707571096272 ], [ 27.231501479769985, 31.366212075600775 ], [ 27.226996975265482, 31.366212075600775 ], [ 27.226996975265482, 31.361707571096272 ], [ 27.231501479769985, 31.361707571096272 ] ] ] } },
{ "type": "Feature", "properties": { "cell_id": 312, "node_count": 0.0, "total_length": 0.0, "avg_degree": 0.0, "poi_count": 0, "text_des": "", "poi_categories": [ ] }, "geometry": { "type": "Polygon", "coordinates": [ [ [ 27.231501479769985, 31.366212075600775 ], [ 27.231501479769985, 31.370716580105277 ], [ 27.226996975265482, 31.370716580105277 ], [ 27.226996975265482, 31.366212075600775 ], [ 27.231501479769985, 31.366212075600775 ] ] ] } },
{ "type": "Feature", "properties": { "cell_id": 313, "node_count": 0.0, "total_length": 0.0, "avg_degree": 0.0, "poi_count": 0, "text_des": "", "poi_categories": [ ] }, "geometry": { "type": "Polygon", "coordinates": [ [ [ 27.231501479769985, 31.370716580105281 ], [ 27.231501479769985, 31.375221084609784 ], [ 27.226996975265482, 31.375221084609784 ], [ 27.226996975265482, 31.370716580105281 ], [ 27.231501479769985, 31.370716580105281 ] ] ] } },
{ "type": "Feature", "properties": { "cell_id": 314, "node_count": 0.0, "total_length": 0.0, "avg_degree": 0.0, "poi_count": 0, "text_des": "", "poi_categories": [ ] }, "geometry": { "type": "Polygon", "coordinates": [ [ [ 27.231501479769985, 31.375221084609784 ], [ 27.231501479769985, 31.379725589114287 ], [ 27.226996975265482, 31.379725589114287 ], [ 27.226996975265482, 31.375221084609784 ], [ 27.231501479769985, 31.375221084609784 ] ] ] } },
{ "type": "Feature", "properties": { "cell_id": 315, "node_count": 0.0, "total_length": 0.0, "avg_degree": 0.0, "poi_count": 0, "text_des": "", "poi_categories": [ ] }, "geometry": { "type": "Polygon", "coordinates": [ [ [ 27.236005984274488, 31.312158021546722 ], [ 27.236005984274488, 31.316662526051225 ], [ 27.231501479769985, 31.316662526051225 ], [ 27.231501479769985, 31.312158021546722 ], [ 27.236005984274488, 31.312158021546722 ] ] ] } },
{ "type": "Feature", "properties": { "cell_id": 316, "node_count": 0.0, "total_length": 0.0, "avg_degree": 0.0, "poi_count": 0, "text_des": "", "poi_categories": [ ] }, "geometry": { "type": "Polygon", "coordinates": [ [ [ 27.236005984274488, 31.316662526051225 ], [ 27.236005984274488, 31.321167030555728 ], [ 27.231501479769985, 31.321167030555728 ], [ 27.231501479769985, 31.316662526051225 ], [ 27.236005984274488, 31.316662526051225 ] ] ] } },
{ "type": "Feature", "properties": { "cell_id": 317, "node_count": 0.0, "total_length": 0.0, "avg_degree": 0.0, "poi_count": 0, "text_des": "", "poi_categories": [ ] }, "geometry": { "type": "Polygon", "coordinates": [ [ [ 27.236005984274488, 31.321167030555731 ], [ 27.236005984274488, 31.325671535060234 ], [ 27.231501479769985, 31.325671535060234 ], [ 27.231501479769985, 31.321167030555731 ], [ 27.236005984274488, 31.321167030555731 ] ] ] } },
{ "type": "Feature", "properties": { "cell_id": 318, "node_count": 0.0, "total_length": 0.0, "avg_degree": 0.0, "poi_count": 0, "text_des": "", "poi_categories": [ ] }, "geometry": { "type": "Polygon", "coordinates": [ [ [ 27.236005984274488, 31.325671535060234 ], [ 27.236005984274488, 31.330176039564737 ], [ 27.231501479769985, 31.330176039564737 ], [ 27.231501479769985, 31.325671535060234 ], [ 27.236005984274488, 31.325671535060234 ] ] ] } },
{ "type": "Feature", "properties": { "cell_id": 319, "node_count": 0.0, "total_length": 0.0, "avg_degree": 0.0, "poi_count": 0, "text_des": "", "poi_categories": [ ] }, "geometry": { "type": "Polygon", "coordinates": [ [ [ 27.236005984274488, 31.330176039564741 ], [ 27.236005984274488, 31.334680544069244 ], [ 27.231501479769985, 31.334680544069244 ], [ 27.231501479769985, 31.330176039564741 ], [ 27.236005984274488, 31.330176039564741 ] ] ] } },
{ "type": "Feature", "properties": { "cell_id": 320, "node_count": 0.0, "total_length": 0.0, "avg_degree": 0.0, "poi_count": 0, "text_des": "", "poi_categories": [ ] }, "geometry": { "type": "Polygon", "coordinates": [ [ [ 27.236005984274488, 31.334680544069244 ], [ 27.236005984274488, 31.339185048573746 ], [ 27.231501479769985, 31.339185048573746 ], [ 27.231501479769985, 31.334680544069244 ], [ 27.236005984274488, 31.334680544069244 ] ] ] } },
{ "type": "Feature", "properties": { "cell_id": 321, "node_count": 0.0, "total_length": 0.0, "avg_degree": 0.0, "poi_count": 0, "text_des": "", "poi_categories": [ ] }, "geometry": { "type": "Polygon", "coordinates": [ [ [ 27.236005984274488, 31.33918504857375 ], [ 27.236005984274488, 31.343689553078253 ], [ 27.231501479769985, 31.343689553078253 ], [ 27.231501479769985, 31.33918504857375 ], [ 27.236005984274488, 31.33918504857375 ] ] ] } },
{ "type": "Feature", "properties": { "cell_id": 322, "node_count": 0.0, "total_length": 0.0, "avg_degree": 0.0, "poi_count": 0, "text_des": "", "poi_categories": [ ] }, "geometry": { "type": "Polygon", "coordinates": [ [ [ 27.236005984274488, 31.343689553078253 ], [ 27.236005984274488, 31.348194057582756 ], [ 27.231501479769985, 31.348194057582756 ], [ 27.231501479769985, 31.343689553078253 ], [ 27.236005984274488, 31.343689553078253 ] ] ] } },
{ "type": "Feature", "properties": { "cell_id": 323, "node_count": 0.0, "total_length": 0.0, "avg_degree": 0.0, "poi_count": 0, "text_des": "", "poi_categories": [ ] }, "geometry": { "type": "Polygon", "coordinates": [ [ [ 27.236005984274488, 31.348194057582759 ], [ 27.236005984274488, 31.352698562087262 ], [ 27.231501479769985, 31.352698562087262 ], [ 27.231501479769985, 31.348194057582759 ], [ 27.236005984274488, 31.348194057582759 ] ] ] } },
{ "type": "Feature", "properties": { "cell_id": 324, "node_count": 0.0, "total_length": 0.0, "avg_degree": 0.0, "poi_count": 0, "text_des": "", "poi_categories": [ ] }, "geometry": { "type": "Polygon", "coordinates": [ [ [ 27.236005984274488, 31.352698562087262 ], [ 27.236005984274488, 31.357203066591765 ], [ 27.231501479769985, 31.357203066591765 ], [ 27.231501479769985, 31.352698562087262 ], [ 27.236005984274488, 31.352698562087262 ] ] ] } },
{ "type": "Feature", "properties": { "cell_id": 325, "node_count": 0.0, "total_length": 0.0, "avg_degree": 0.0, "poi_count": 0, "text_des": "", "poi_categories": [ ] }, "geometry": { "type": "Polygon", "coordinates": [ [ [ 27.236005984274488, 31.357203066591769 ], [ 27.236005984274488, 31.361707571096272 ], [ 27.231501479769985, 31.361707571096272 ], [ 27.231501479769985, 31.357203066591769 ], [ 27.236005984274488, 31.357203066591769 ] ] ] } },
{ "type": "Feature", "properties": { "cell_id": 326, "node_count": 0.0, "total_length": 0.0, "avg_degree": 0.0, "poi_count": 0, "text_des": "", "poi_categories": [ ] }, "geometry": { "type": "Polygon", "coordinates": [ [ [ 27.236005984274488, 31.361707571096272 ], [ 27.236005984274488, 31.366212075600775 ], [ 27.231501479769985, 31.366212075600775 ], [ 27.231501479769985, 31.361707571096272 ], [ 27.236005984274488, 31.361707571096272 ] ] ] } },
{ "type": "Feature", "properties": { "cell_id": 327, "node_count": 0.0, "total_length": 0.0, "avg_degree": 0.0, "poi_count": 0, "text_des": "", "poi_categories": [ ] }, "geometry": { "type": "Polygon", "coordinates": [ [ [ 27.236005984274488, 31.366212075600775 ], [ 27.236005984274488, 31.370716580105277 ], [ 27.231501479769985, 31.370716580105277 ], [ 27.231501479769985, 31.366212075600775 ], [ 27.236005984274488, 31.366212075600775 ] ] ] } },
{ "type": "Feature", "properties": { "cell_id": 328, "node_count": 0.0, "total_length": 0.0, "avg_degree": 0.0, "poi_count": 0, "text_des": "", "poi_categories": [ ] }, "geometry": { "type": "Polygon", "coordinates": [ [ [ 27.236005984274488, 31.370716580105281 ], [ 27.236005984274488, 31.375221084609784 ], [ 27.231501479769985, 31.375221084609784 ], [ 27.231501479769985, 31.370716580105281 ], [ 27.236005984274488, 31.370716580105281 ] ] ] } },
{ "type": "Feature", "properties": { "cell_id": 329, "node_count": 0.0, "total_length": 0.0, "avg_degree": 0.0, "poi_count": 0, "text_des": "", "poi_categories": [ ] }, "geometry": { "type": "Polygon", "coordinates": [ [ [ 27.236005984274488, 31.375221084609784 ], [ 27.236005984274488, 31.379725589114287 ], [ 27.231501479769985, 31.379725589114287 ], [ 27.231501479769985, 31.375221084609784 ], [ 27.236005984274488, 31.375221084609784 ] ] ] } },
{ "type": "Feature", "properties": { "cell_id": 330, "node_count": 0.0, "total_length": 0.0, "avg_degree": 0.0, "poi_count": 0, "text_des": "", "poi_categories": [ ] }, "geometry": { "type": "Polygon", "coordinates": [ [ [ 27.240510488778995, 31.312158021546722 ], [ 27.240510488778995, 31.316662526051225 ], [ 27.236005984274492, 31.316662526051225 ], [ 27.236005984274492, 31.312158021546722 ], [ 27.240510488778995, 31.312158021546722 ] ] ] } },
{ "type": "Feature", "properties": { "cell_id": 331, "node_count": 0.0, "total_length": 0.0, "avg_degree": 0.0, "poi_count": 0, "text_des": "", "poi_categories": [ ] }, "geometry": { "type": "Polygon", "coordinates": [ [ [ 27.240510488778995, 31.316662526051225 ], [ 27.240510488778995, 31.321167030555728 ], [ 27.236005984274492, 31.321167030555728 ], [ 27.236005984274492, 31.316662526051225 ], [ 27.240510488778995, 31.316662526051225 ] ] ] } },
{ "type": "Feature", "properties": { "cell_id": 332, "node_count": 0.0, "total_length": 0.0, "avg_degree": 0.0, "poi_count": 0, "text_des": "", "poi_categories": [ ] }, "geometry": { "type": "Polygon", "coordinates": [ [ [ 27.240510488778995, 31.321167030555731 ], [ 27.240510488778995, 31.325671535060234 ], [ 27.236005984274492, 31.325671535060234 ], [ 27.236005984274492, 31.321167030555731 ], [ 27.240510488778995, 31.321167030555731 ] ] ] } },
{ "type": "Feature", "properties": { "cell_id": 333, "node_count": 0.0, "total_length": 0.0, "avg_degree": 0.0, "poi_count": 0, "text_des": "", "poi_categories": [ ] }, "geometry": { "type": "Polygon", "coordinates": [ [ [ 27.240510488778995, 31.325671535060234 ], [ 27.240510488778995, 31.330176039564737 ], [ 27.236005984274492, 31.330176039564737 ], [ 27.236005984274492, 31.325671535060234 ], [ 27.240510488778995, 31.325671535060234 ] ] ] } },
{ "type": "Feature", "properties": { "cell_id": 334, "node_count": 0.0, "total_length": 0.0, "avg_degree": 0.0, "poi_count": 0, "text_des": "", "poi_categories": [ ] }, "geometry": { "type": "Polygon", "coordinates": [ [ [ 27.240510488778995, 31.330176039564741 ], [ 27.240510488778995, 31.334680544069244 ], [ 27.236005984274492, 31.334680544069244 ], [ 27.236005984274492, 31.330176039564741 ], [ 27.240510488778995, 31.330176039564741 ] ] ] } },
{ "type": "Feature", "properties": { "cell_id": 335, "node_count": 0.0, "total_length": 0.0, "avg_degree": 0.0, "poi_count": 0, "text_des": "", "poi_categories": [ ] }, "geometry": { "type": "Polygon", "coordinates": [ [ [ 27.240510488778995, 31.334680544069244 ], [ 27.240510488778995, 31.339185048573746 ], [ 27.236005984274492, 31.339185048573746 ], [ 27.236005984274492, 31.334680544069244 ], [ 27.240510488778995, 31.334680544069244 ] ] ] } },
{ "type": "Feature", "properties": { "cell_id": 336, "node_count": 0.0, "total_length": 0.0, "avg_degree": 0.0, "poi_count": 0, "text_des": "", "poi_categories": [ ] }, "geometry": { "type": "Polygon", "coordinates": [ [ [ 27.240510488778995, 31.33918504857375 ], [ 27.240510488778995, 31.343689553078253 ], [ 27.236005984274492, 31.343689553078253 ], [ 27.236005984274492, 31.33918504857375 ], [ 27.240510488778995, 31.33918504857375 ] ] ] } },
{ "type": "Feature", "properties": { "cell_id": 337, "node_count": 0.0, "total_length": 0.0, "avg_degree": 0.0, "poi_count": 0, "text_des": "", "poi_categories": [ ] }, "geometry": { "type": "Polygon", "coordinates": [ [ [ 27.240510488778995, 31.343689553078253 ], [ 27.240510488778995, 31.348194057582756 ], [ 27.236005984274492, 31.348194057582756 ], [ 27.236005984274492, 31.343689553078253 ], [ 27.240510488778995, 31.343689553078253 ] ] ] } },
{ "type": "Feature", "properties": { "cell_id": 338, "node_count": 0.0, "total_length": 0.0, "avg_degree": 0.0, "poi_count": 0, "text_des": "", "poi_categories": [ ] }, "geometry": { "type": "Polygon", "coordinates": [ [ [ 27.240510488778995, 31.348194057582759 ], [ 27.240510488778995, 31.352698562087262 ], [ 27.236005984274492, 31.352698562087262 ], [ 27.236005984274492, 31.348194057582759 ], [ 27.240510488778995, 31.348194057582759 ] ] ] } },
{ "type": "Feature", "properties": { "cell_id": 339, "node_count": 0.0, "total_length": 0.0, "avg_degree": 0.0, "poi_count": 0, "text_des": "", "poi_categories": [ ] }, "geometry": { "type": "Polygon", "coordinates": [ [ [ 27.240510488778995, 31.352698562087262 ], [ 27.240510488778995, 31.357203066591765 ], [ 27.236005984274492, 31.357203066591765 ], [ 27.236005984274492, 31.352698562087262 ], [ 27.240510488778995, 31.352698562087262 ] ] ] } },
{ "type": "Feature", "properties": { "cell_id": 340, "node_count": 0.0, "total_length": 0.0, "avg_degree": 0.0, "poi_count": 0, "text_des": "", "poi_categories": [ ] }, "geometry": { "type": "Polygon", "coordinates": [ [ [ 27.240510488778995, 31.357203066591769 ], [ 27.240510488778995, 31.361707571096272 ], [ 27.236005984274492, 31.361707571096272 ], [ 27.236005984274492, 31.357203066591769 ], [ 27.240510488778995, 31.357203066591769 ] ] ] } },
{ "type": "Feature", "properties": { "cell_id": 341, "node_count": 0.0, "total_length": 0.0, "avg_degree": 0.0, "poi_count": 0, "text_des": "", "poi_categories": [ ] }, "geometry": { "type": "Polygon", "coordinates": [ [ [ 27.240510488778995, 31.361707571096272 ], [ 27.240510488778995, 31.366212075600775 ], [ 27.236005984274492, 31.366212075600775 ], [ 27.236005984274492, 31.361707571096272 ], [ 27.240510488778995, 31.361707571096272 ] ] ] } },
{ "type": "Feature", "properties": { "cell_id": 342, "node_count": 0.0, "total_length": 0.0, "avg_degree": 0.0, "poi_count": 0, "text_des": "", "poi_categories": [ ] }, "geometry": { "type": "Polygon", "coordinates": [ [ [ 27.240510488778995, 31.366212075600775 ], [ 27.240510488778995, 31.370716580105277 ], [ 27.236005984274492, 31.370716580105277 ], [ 27.236005984274492, 31.366212075600775 ], [ 27.240510488778995, 31.366212075600775 ] ] ] } },
{ "type": "Feature", "properties": { "cell_id": 343, "node_count": 0.0, "total_length": 0.0, "avg_degree": 0.0, "poi_count": 0, "text_des": "", "poi_categories": [ ] }, "geometry": { "type": "Polygon", "coordinates": [ [ [ 27.240510488778995, 31.370716580105281 ], [ 27.240510488778995, 31.375221084609784 ], [ 27.236005984274492, 31.375221084609784 ], [ 27.236005984274492, 31.370716580105281 ], [ 27.240510488778995, 31.370716580105281 ] ] ] } },
{ "type": "Feature", "properties": { "cell_id": 344, "node_count": 0.0, "total_length": 0.0, "avg_degree": 0.0, "poi_count": 0, "text_des": "", "poi_categories": [ ] }, "geometry": { "type": "Polygon", "coordinates": [ [ [ 27.240510488778995, 31.375221084609784 ], [ 27.240510488778995, 31.379725589114287 ], [ 27.236005984274492, 31.379725589114287 ], [ 27.236005984274492, 31.375221084609784 ], [ 27.240510488778995, 31.375221084609784 ] ] ] } },
{ "type": "Feature", "properties": { "cell_id": 345, "node_count": 0.0, "total_length": 0.0, "avg_degree": 0.0, "poi_count": 0, "text_des": "", "poi_categories": [ ] }, "geometry": { "type": "Polygon", "coordinates": [ [ [ 27.245014993283498, 31.312158021546722 ], [ 27.245014993283498, 31.316662526051225 ], [ 27.240510488778995, 31.316662526051225 ], [ 27.240510488778995, 31.312158021546722 ], [ 27.245014993283498, 31.312158021546722 ] ] ] } },
{ "type": "Feature", "properties": { "cell_id": 346, "node_count": 0.0, "total_length": 0.0, "avg_degree": 0.0, "poi_count": 0, "text_des": "", "poi_categories": [ ] }, "geometry": { "type": "Polygon", "coordinates": [ [ [ 27.245014993283498, 31.316662526051225 ], [ 27.245014993283498, 31.321167030555728 ], [ 27.240510488778995, 31.321167030555728 ], [ 27.240510488778995, 31.316662526051225 ], [ 27.245014993283498, 31.316662526051225 ] ] ] } },
{ "type": "Feature", "properties": { "cell_id": 347, "node_count": 0.0, "total_length": 0.0, "avg_degree": 0.0, "poi_count": 0, "text_des": "", "poi_categories": [ ] }, "geometry": { "type": "Polygon", "coordinates": [ [ [ 27.245014993283498, 31.321167030555731 ], [ 27.245014993283498, 31.325671535060234 ], [ 27.240510488778995, 31.325671535060234 ], [ 27.240510488778995, 31.321167030555731 ], [ 27.245014993283498, 31.321167030555731 ] ] ] } },
{ "type": "Feature", "properties": { "cell_id": 348, "node_count": 0.0, "total_length": 0.0, "avg_degree": 0.0, "poi_count": 0, "text_des": "", "poi_categories": [ ] }, "geometry": { "type": "Polygon", "coordinates": [ [ [ 27.245014993283498, 31.325671535060234 ], [ 27.245014993283498, 31.330176039564737 ], [ 27.240510488778995, 31.330176039564737 ], [ 27.240510488778995, 31.325671535060234 ], [ 27.245014993283498, 31.325671535060234 ] ] ] } },
{ "type": "Feature", "properties": { "cell_id": 349, "node_count": 0.0, "total_length": 0.0, "avg_degree": 0.0, "poi_count": 0, "text_des": "", "poi_categories": [ ] }, "geometry": { "type": "Polygon", "coordinates": [ [ [ 27.245014993283498, 31.330176039564741 ], [ 27.245014993283498, 31.334680544069244 ], [ 27.240510488778995, 31.334680544069244 ], [ 27.240510488778995, 31.330176039564741 ], [ 27.245014993283498, 31.330176039564741 ] ] ] } },
{ "type": "Feature", "properties": { "cell_id": 350, "node_count": 0.0, "total_length": 0.0, "avg_degree": 0.0, "poi_count": 0, "text_des": "", "poi_categories": [ ] }, "geometry": { "type": "Polygon", "coordinates": [ [ [ 27.245014993283498, 31.334680544069244 ], [ 27.245014993283498, 31.339185048573746 ], [ 27.240510488778995, 31.339185048573746 ], [ 27.240510488778995, 31.334680544069244 ], [ 27.245014993283498, 31.334680544069244 ] ] ] } },
{ "type": "Feature", "properties": { "cell_id": 351, "node_count": 0.0, "total_length": 0.0, "avg_degree": 0.0, "poi_count": 0, "text_des": "", "poi_categories": [ ] }, "geometry": { "type": "Polygon", "coordinates": [ [ [ 27.245014993283498, 31.33918504857375 ], [ 27.245014993283498, 31.343689553078253 ], [ 27.240510488778995, 31.343689553078253 ], [ 27.240510488778995, 31.33918504857375 ], [ 27.245014993283498, 31.33918504857375 ] ] ] } },
{ "type": "Feature", "properties": { "cell_id": 352, "node_count": 0.0, "total_length": 0.0, "avg_degree": 0.0, "poi_count": 0, "text_des": "", "poi_categories": [ ] }, "geometry": { "type": "Polygon", "coordinates": [ [ [ 27.245014993283498, 31.343689553078253 ], [ 27.245014993283498, 31.348194057582756 ], [ 27.240510488778995, 31.348194057582756 ], [ 27.240510488778995, 31.343689553078253 ], [ 27.245014993283498, 31.343689553078253 ] ] ] } },
{ "type": "Feature", "properties": { "cell_id": 353, "node_count": 0.0, "total_length": 0.0, "avg_degree": 0.0, "poi_count": 3, "text_des": "تقع مستشفى مطروح العام في القاهرة، مصر. نوع المنطقة: مستشفى. البيانات من OpenStreetMap. تقع مستشفى عرابي التخصصي في القاهرة، مصر. نوع المنطقة: مستشفى. البيانات من OpenStreetMap. تقع مدرسة زاهر جلال في القاهرة، مصر. نوع المنطقة: مدرسة. البيانات من OpenStreetMap.", "poi_categories": [ "Health", "Education" ] }, "geometry": { "type": "Polygon", "coordinates": [ [ [ 27.245014993283498, 31.348194057582759 ], [ 27.245014993283498, 31.352698562087262 ], [ 27.240510488778995, 31.352698562087262 ], [ 27.240510488778995, 31.348194057582759 ], [ 27.245014993283498, 31.348194057582759 ] ] ] } },
{ "type": "Feature", "properties": { "cell_id": 354, "node_count": 0.0, "total_length": 0.0, "avg_degree": 0.0, "poi_count": 0, "text_des": "", "poi_categories": [ ] }, "geometry": { "type": "Polygon", "coordinates": [ [ [ 27.245014993283498, 31.352698562087262 ], [ 27.245014993283498, 31.357203066591765 ], [ 27.240510488778995, 31.357203066591765 ], [ 27.240510488778995, 31.352698562087262 ], [ 27.245014993283498, 31.352698562087262 ] ] ] } },
{ "type": "Feature", "properties": { "cell_id": 355, "node_count": 0.0, "total_length": 0.0, "avg_degree": 0.0, "poi_count": 0, "text_des": "", "poi_categories": [ ] }, "geometry": { "type": "Polygon", "coordinates": [ [ [ 27.245014993283498, 31.357203066591769 ], [ 27.245014993283498, 31.361707571096272 ], [ 27.240510488778995, 31.361707571096272 ], [ 27.240510488778995, 31.357203066591769 ], [ 27.245014993283498, 31.357203066591769 ] ] ] } },
{ "type": "Feature", "properties": { "cell_id": 356, "node_count": 0.0, "total_length": 0.0, "avg_degree": 0.0, "poi_count": 0, "text_des": "", "poi_categories": [ ] }, "geometry": { "type": "Polygon", "coordinates": [ [ [ 27.245014993283498, 31.361707571096272 ], [ 27.245014993283498, 31.366212075600775 ], [ 27.240510488778995, 31.366212075600775 ], [ 27.240510488778995, 31.361707571096272 ], [ 27.245014993283498, 31.361707571096272 ] ] ] } },
{ "type": "Feature", "properties": { "cell_id": 357, "node_count": 0.0, "total_length": 0.0, "avg_degree": 0.0, "poi_count": 0, "text_des": "", "poi_categories": [ ] }, "geometry": { "type": "Polygon", "coordinates": [ [ [ 27.245014993283498, 31.366212075600775 ], [ 27.245014993283498, 31.370716580105277 ], [ 27.240510488778995, 31.370716580105277 ], [ 27.240510488778995, 31.366212075600775 ], [ 27.245014993283498, 31.366212075600775 ] ] ] } },
{ "type": "Feature", "properties": { "cell_id": 358, "node_count": 0.0, "total_length": 0.0, "avg_degree": 0.0, "poi_count": 0, "text_des": "", "poi_categories": [ ] }, "geometry": { "type": "Polygon", "coordinates": [ [ [ 27.245014993283498, 31.370716580105281 ], [ 27.245014993283498, 31.375221084609784 ], [ 27.240510488778995, 31.375221084609784 ], [ 27.240510488778995, 31.370716580105281 ], [ 27.245014993283498, 31.370716580105281 ] ] ] } },
{ "type": "Feature", "properties": { "cell_id": 359, "node_count": 0.0, "total_length": 0.0, "avg_degree": 0.0, "poi_count": 0, "text_des": "", "poi_categories": [ ] }, "geometry": { "type": "Polygon", "coordinates": [ [ [ 27.245014993283498, 31.375221084609784 ], [ 27.245014993283498, 31.379725589114287 ], [ 27.240510488778995, 31.379725589114287 ], [ 27.240510488778995, 31.375221084609784 ], [ 27.245014993283498, 31.375221084609784 ] ] ] } },
{ "type": "Feature", "properties": { "cell_id": 360, "node_count": 0.0, "total_length": 0.0, "avg_degree": 0.0, "poi_count": 0, "text_des": "", "poi_categories": [ ] }, "geometry": { "type": "Polygon", "coordinates": [ [ [ 27.249519497788004, 31.312158021546722 ], [ 27.249519497788004, 31.316662526051225 ], [ 27.245014993283501, 31.316662526051225 ], [ 27.245014993283501, 31.312158021546722 ], [ 27.249519497788004, 31.312158021546722 ] ] ] } },
{ "type": "Feature", "properties": { "cell_id": 361, "node_count": 0.0, "total_length": 0.0, "avg_degree": 0.0, "poi_count": 0, "text_des": "", "poi_categories": [ ] }, "geometry": { "type": "Polygon", "coordinates": [ [ [ 27.249519497788004, 31.316662526051225 ], [ 27.249519497788004, 31.321167030555728 ], [ 27.245014993283501, 31.321167030555728 ], [ 27.245014993283501, 31.316662526051225 ], [ 27.249519497788004, 31.316662526051225 ] ] ] } },
{ "type": "Feature", "properties": { "cell_id": 362, "node_count": 0.0, "total_length": 0.0, "avg_degree": 0.0, "poi_count": 0, "text_des": "", "poi_categories": [ ] }, "geometry": { "type": "Polygon", "coordinates": [ [ [ 27.249519497788004, 31.321167030555731 ], [ 27.249519497788004, 31.325671535060234 ], [ 27.245014993283501, 31.325671535060234 ], [ 27.245014993283501, 31.321167030555731 ], [ 27.249519497788004, 31.321167030555731 ] ] ] } },
{ "type": "Feature", "properties": { "cell_id": 363, "node_count": 0.0, "total_length": 0.0, "avg_degree": 0.0, "poi_count": 0, "text_des": "", "poi_categories": [ ] }, "geometry": { "type": "Polygon", "coordinates": [ [ [ 27.249519497788004, 31.325671535060234 ], [ 27.249519497788004, 31.330176039564737 ], [ 27.245014993283501, 31.330176039564737 ], [ 27.245014993283501, 31.325671535060234 ], [ 27.249519497788004, 31.325671535060234 ] ] ] } },
{ "type": "Feature", "properties": { "cell_id": 364, "node_count": 0.0, "total_length": 0.0, "avg_degree": 0.0, "poi_count": 0, "text_des": "", "poi_categories": [ ] }, "geometry": { "type": "Polygon", "coordinates": [ [ [ 27.249519497788004, 31.330176039564741 ], [ 27.249519497788004, 31.334680544069244 ], [ 27.245014993283501, 31.334680544069244 ], [ 27.245014993283501, 31.330176039564741 ], [ 27.249519497788004, 31.330176039564741 ] ] ] } },
{ "type": "Feature", "properties": { "cell_id": 365, "node_count": 0.0, "total_length": 0.0, "avg_degree": 0.0, "poi_count": 0, "text_des": "", "poi_categories": [ ] }, "geometry": { "type": "Polygon", "coordinates": [ [ [ 27.249519497788004, 31.334680544069244 ], [ 27.249519497788004, 31.339185048573746 ], [ 27.245014993283501, 31.339185048573746 ], [ 27.245014993283501, 31.334680544069244 ], [ 27.249519497788004, 31.334680544069244 ] ] ] } },
{ "type": "Feature", "properties": { "cell_id": 366, "node_count": 0.0, "total_length": 0.0, "avg_degree": 0.0, "poi_count": 0, "text_des": "", "poi_categories": [ ] }, "geometry": { "type": "Polygon", "coordinates": [ [ [ 27.249519497788004, 31.33918504857375 ], [ 27.249519497788004, 31.343689553078253 ], [ 27.245014993283501, 31.343689553078253 ], [ 27.245014993283501, 31.33918504857375 ], [ 27.249519497788004, 31.33918504857375 ] ] ] } },
{ "type": "Feature", "properties": { "cell_id": 367, "node_count": 0.0, "total_length": 0.0, "avg_degree": 0.0, "poi_count": 0, "text_des": "", "poi_categories": [ ] }, "geometry": { "type": "Polygon", "coordinates": [ [ [ 27.249519497788004, 31.343689553078253 ], [ 27.249519497788004, 31.348194057582756 ], [ 27.245014993283501, 31.348194057582756 ], [ 27.245014993283501, 31.343689553078253 ], [ 27.249519497788004, 31.343689553078253 ] ] ] } },
{ "type": "Feature", "properties": { "cell_id": 368, "node_count": 0.0, "total_length": 0.0, "avg_degree": 0.0, "poi_count": 0, "text_des": "", "poi_categories": [ ] }, "geometry": { "type": "Polygon", "coordinates": [ [ [ 27.249519497788004, 31.348194057582759 ], [ 27.249519497788004, 31.352698562087262 ], [ 27.245014993283501, 31.352698562087262 ], [ 27.245014993283501, 31.348194057582759 ], [ 27.249519497788004, 31.348194057582759 ] ] ] } },
{ "type": "Feature", "properties": { "cell_id": 369, "node_count": 0.0, "total_length": 0.0, "avg_degree": 0.0, "poi_count": 0, "text_des": "", "poi_categories": [ ] }, "geometry": { "type": "Polygon", "coordinates": [ [ [ 27.249519497788004, 31.352698562087262 ], [ 27.249519497788004, 31.357203066591765 ], [ 27.245014993283501, 31.357203066591765 ], [ 27.245014993283501, 31.352698562087262 ], [ 27.249519497788004, 31.352698562087262 ] ] ] } },
{ "type": "Feature", "properties": { "cell_id": 370, "node_count": 0.0, "total_length": 0.0, "avg_degree": 0.0, "poi_count": 0, "text_des": "", "poi_categories": [ ] }, "geometry": { "type": "Polygon", "coordinates": [ [ [ 27.249519497788004, 31.357203066591769 ], [ 27.249519497788004, 31.361707571096272 ], [ 27.245014993283501, 31.361707571096272 ], [ 27.245014993283501, 31.357203066591769 ], [ 27.249519497788004, 31.357203066591769 ] ] ] } },
{ "type": "Feature", "properties": { "cell_id": 371, "node_count": 0.0, "total_length": 0.0, "avg_degree": 0.0, "poi_count": 0, "text_des": "", "poi_categories": [ ] }, "geometry": { "type": "Polygon", "coordinates": [ [ [ 27.249519497788004, 31.361707571096272 ], [ 27.249519497788004, 31.366212075600775 ], [ 27.245014993283501, 31.366212075600775 ], [ 27.245014993283501, 31.361707571096272 ], [ 27.249519497788004, 31.361707571096272 ] ] ] } },
{ "type": "Feature", "properties": { "cell_id": 372, "node_count": 0.0, "total_length": 0.0, "avg_degree": 0.0, "poi_count": 0, "text_des": "", "poi_categories": [ ] }, "geometry": { "type": "Polygon", "coordinates": [ [ [ 27.249519497788004, 31.366212075600775 ], [ 27.249519497788004, 31.370716580105277 ], [ 27.245014993283501, 31.370716580105277 ], [ 27.245014993283501, 31.366212075600775 ], [ 27.249519497788004, 31.366212075600775 ] ] ] } },
{ "type": "Feature", "properties": { "cell_id": 373, "node_count": 0.0, "total_length": 0.0, "avg_degree": 0.0, "poi_count": 0, "text_des": "", "poi_categories": [ ] }, "geometry": { "type": "Polygon", "coordinates": [ [ [ 27.249519497788004, 31.370716580105281 ], [ 27.249519497788004, 31.375221084609784 ], [ 27.245014993283501, 31.375221084609784 ], [ 27.245014993283501, 31.370716580105281 ], [ 27.249519497788004, 31.370716580105281 ] ] ] } },
{ "type": "Feature", "properties": { "cell_id": 374, "node_count": 0.0, "total_length": 0.0, "avg_degree": 0.0, "poi_count": 0, "text_des": "", "poi_categories": [ ] }, "geometry": { "type": "Polygon", "coordinates": [ [ [ 27.249519497788004, 31.375221084609784 ], [ 27.249519497788004, 31.379725589114287 ], [ 27.245014993283501, 31.379725589114287 ], [ 27.245014993283501, 31.375221084609784 ], [ 27.249519497788004, 31.375221084609784 ] ] ] } },
{ "type": "Feature", "properties": { "cell_id": 375, "node_count": 0.0, "total_length": 0.0, "avg_degree": 0.0, "poi_count": 0, "text_des": "", "poi_categories": [ ] }, "geometry": { "type": "Polygon", "coordinates": [ [ [ 27.254024002292507, 31.312158021546722 ], [ 27.254024002292507, 31.316662526051225 ], [ 27.249519497788004, 31.316662526051225 ], [ 27.249519497788004, 31.312158021546722 ], [ 27.254024002292507, 31.312158021546722 ] ] ] } },
{ "type": "Feature", "properties": { "cell_id": 376, "node_count": 0.0, "total_length": 0.0, "avg_degree": 0.0, "poi_count": 0, "text_des": "", "poi_categories": [ ] }, "geometry": { "type": "Polygon", "coordinates": [ [ [ 27.254024002292507, 31.316662526051225 ], [ 27.254024002292507, 31.321167030555728 ], [ 27.249519497788004, 31.321167030555728 ], [ 27.249519497788004, 31.316662526051225 ], [ 27.254024002292507, 31.316662526051225 ] ] ] } },
{ "type": "Feature", "properties": { "cell_id": 377, "node_count": 0.0, "total_length": 0.0, "avg_degree": 0.0, "poi_count": 0, "text_des": "", "poi_categories": [ ] }, "geometry": { "type": "Polygon", "coordinates": [ [ [ 27.254024002292507, 31.321167030555731 ], [ 27.254024002292507, 31.325671535060234 ], [ 27.249519497788004, 31.325671535060234 ], [ 27.249519497788004, 31.321167030555731 ], [ 27.254024002292507, 31.321167030555731 ] ] ] } },
{ "type": "Feature", "properties": { "cell_id": 378, "node_count": 0.0, "total_length": 0.0, "avg_degree": 0.0, "poi_count": 0, "text_des": "", "poi_categories": [ ] }, "geometry": { "type": "Polygon", "coordinates": [ [ [ 27.254024002292507, 31.325671535060234 ], [ 27.254024002292507, 31.330176039564737 ], [ 27.249519497788004, 31.330176039564737 ], [ 27.249519497788004, 31.325671535060234 ], [ 27.254024002292507, 31.325671535060234 ] ] ] } },
{ "type": "Feature", "properties": { "cell_id": 379, "node_count": 0.0, "total_length": 0.0, "avg_degree": 0.0, "poi_count": 0, "text_des": "", "poi_categories": [ ] }, "geometry": { "type": "Polygon", "coordinates": [ [ [ 27.254024002292507, 31.330176039564741 ], [ 27.254024002292507, 31.334680544069244 ], [ 27.249519497788004, 31.334680544069244 ], [ 27.249519497788004, 31.330176039564741 ], [ 27.254024002292507, 31.330176039564741 ] ] ] } },
{ "type": "Feature", "properties": { "cell_id": 380, "node_count": 0.0, "total_length": 0.0, "avg_degree": 0.0, "poi_count": 0, "text_des": "", "poi_categories": [ ] }, "geometry": { "type": "Polygon", "coordinates": [ [ [ 27.254024002292507, 31.334680544069244 ], [ 27.254024002292507, 31.339185048573746 ], [ 27.249519497788004, 31.339185048573746 ], [ 27.249519497788004, 31.334680544069244 ], [ 27.254024002292507, 31.334680544069244 ] ] ] } },
{ "type": "Feature", "properties": { "cell_id": 381, "node_count": 0.0, "total_length": 0.0, "avg_degree": 0.0, "poi_count": 0, "text_des": "", "poi_categories": [ ] }, "geometry": { "type": "Polygon", "coordinates": [ [ [ 27.254024002292507, 31.33918504857375 ], [ 27.254024002292507, 31.343689553078253 ], [ 27.249519497788004, 31.343689553078253 ], [ 27.249519497788004, 31.33918504857375 ], [ 27.254024002292507, 31.33918504857375 ] ] ] } },
{ "type": "Feature", "properties": { "cell_id": 382, "node_count": 0.0, "total_length": 0.0, "avg_degree": 0.0, "poi_count": 0, "text_des": "", "poi_categories": [ ] }, "geometry": { "type": "Polygon", "coordinates": [ [ [ 27.254024002292507, 31.343689553078253 ], [ 27.254024002292507, 31.348194057582756 ], [ 27.249519497788004, 31.348194057582756 ], [ 27.249519497788004, 31.343689553078253 ], [ 27.254024002292507, 31.343689553078253 ] ] ] } },
{ "type": "Feature", "properties": { "cell_id": 383, "node_count": 0.0, "total_length": 0.0, "avg_degree": 0.0, "poi_count": 0, "text_des": "", "poi_categories": [ ] }, "geometry": { "type": "Polygon", "coordinates": [ [ [ 27.254024002292507, 31.348194057582759 ], [ 27.254024002292507, 31.352698562087262 ], [ 27.249519497788004, 31.352698562087262 ], [ 27.249519497788004, 31.348194057582759 ], [ 27.254024002292507, 31.348194057582759 ] ] ] } },
{ "type": "Feature", "properties": { "cell_id": 384, "node_count": 0.0, "total_length": 0.0, "avg_degree": 0.0, "poi_count": 0, "text_des": "", "poi_categories": [ ] }, "geometry": { "type": "Polygon", "coordinates": [ [ [ 27.254024002292507, 31.352698562087262 ], [ 27.254024002292507, 31.357203066591765 ], [ 27.249519497788004, 31.357203066591765 ], [ 27.249519497788004, 31.352698562087262 ], [ 27.254024002292507, 31.352698562087262 ] ] ] } },
{ "type": "Feature", "properties": { "cell_id": 385, "node_count": 0.0, "total_length": 0.0, "avg_degree": 0.0, "poi_count": 0, "text_des": "", "poi_categories": [ ] }, "geometry": { "type": "Polygon", "coordinates": [ [ [ 27.254024002292507, 31.357203066591769 ], [ 27.254024002292507, 31.361707571096272 ], [ 27.249519497788004, 31.361707571096272 ], [ 27.249519497788004, 31.357203066591769 ], [ 27.254024002292507, 31.357203066591769 ] ] ] } },
{ "type": "Feature", "properties": { "cell_id": 386, "node_count": 0.0, "total_length": 0.0, "avg_degree": 0.0, "poi_count": 0, "text_des": "", "poi_categories": [ ] }, "geometry": { "type": "Polygon", "coordinates": [ [ [ 27.254024002292507, 31.361707571096272 ], [ 27.254024002292507, 31.366212075600775 ], [ 27.249519497788004, 31.366212075600775 ], [ 27.249519497788004, 31.361707571096272 ], [ 27.254024002292507, 31.361707571096272 ] ] ] } },
{ "type": "Feature", "properties": { "cell_id": 387, "node_count": 0.0, "total_length": 0.0, "avg_degree": 0.0, "poi_count": 0, "text_des": "", "poi_categories": [ ] }, "geometry": { "type": "Polygon", "coordinates": [ [ [ 27.254024002292507, 31.366212075600775 ], [ 27.254024002292507, 31.370716580105277 ], [ 27.249519497788004, 31.370716580105277 ], [ 27.249519497788004, 31.366212075600775 ], [ 27.254024002292507, 31.366212075600775 ] ] ] } },
{ "type": "Feature", "properties": { "cell_id": 388, "node_count": 0.0, "total_length": 0.0, "avg_degree": 0.0, "poi_count": 0, "text_des": "", "poi_categories": [ ] }, "geometry": { "type": "Polygon", "coordinates": [ [ [ 27.254024002292507, 31.370716580105281 ], [ 27.254024002292507, 31.375221084609784 ], [ 27.249519497788004, 31.375221084609784 ], [ 27.249519497788004, 31.370716580105281 ], [ 27.254024002292507, 31.370716580105281 ] ] ] } },
{ "type": "Feature", "properties": { "cell_id": 389, "node_count": 0.0, "total_length": 0.0, "avg_degree": 0.0, "poi_count": 0, "text_des": "", "poi_categories": [ ] }, "geometry": { "type": "Polygon", "coordinates": [ [ [ 27.254024002292507, 31.375221084609784 ], [ 27.254024002292507, 31.379725589114287 ], [ 27.249519497788004, 31.379725589114287 ], [ 27.249519497788004, 31.375221084609784 ], [ 27.254024002292507, 31.375221084609784 ] ] ] } },
{ "type": "Feature", "properties": { "cell_id": 390, "node_count": 0.0, "total_length": 0.0, "avg_degree": 0.0, "poi_count": 0, "text_des": "", "poi_categories": [ ] }, "geometry": { "type": "Polygon", "coordinates": [ [ [ 27.258528506797013, 31.312158021546722 ], [ 27.258528506797013, 31.316662526051225 ], [ 27.25402400229251, 31.316662526051225 ], [ 27.25402400229251, 31.312158021546722 ], [ 27.258528506797013, 31.312158021546722 ] ] ] } },
{ "type": "Feature", "properties": { "cell_id": 391, "node_count": 0.0, "total_length": 0.0, "avg_degree": 0.0, "poi_count": 0, "text_des": "", "poi_categories": [ ] }, "geometry": { "type": "Polygon", "coordinates": [ [ [ 27.258528506797013, 31.316662526051225 ], [ 27.258528506797013, 31.321167030555728 ], [ 27.25402400229251, 31.321167030555728 ], [ 27.25402400229251, 31.316662526051225 ], [ 27.258528506797013, 31.316662526051225 ] ] ] } },
{ "type": "Feature", "properties": { "cell_id": 392, "node_count": 0.0, "total_length": 0.0, "avg_degree": 0.0, "poi_count": 0, "text_des": "", "poi_categories": [ ] }, "geometry": { "type": "Polygon", "coordinates": [ [ [ 27.258528506797013, 31.321167030555731 ], [ 27.258528506797013, 31.325671535060234 ], [ 27.25402400229251, 31.325671535060234 ], [ 27.25402400229251, 31.321167030555731 ], [ 27.258528506797013, 31.321167030555731 ] ] ] } },
{ "type": "Feature", "properties": { "cell_id": 393, "node_count": 0.0, "total_length": 0.0, "avg_degree": 0.0, "poi_count": 0, "text_des": "", "poi_categories": [ ] }, "geometry": { "type": "Polygon", "coordinates": [ [ [ 27.258528506797013, 31.325671535060234 ], [ 27.258528506797013, 31.330176039564737 ], [ 27.25402400229251, 31.330176039564737 ], [ 27.25402400229251, 31.325671535060234 ], [ 27.258528506797013, 31.325671535060234 ] ] ] } },
{ "type": "Feature", "properties": { "cell_id": 394, "node_count": 0.0, "total_length": 0.0, "avg_degree": 0.0, "poi_count": 0, "text_des": "", "poi_categories": [ ] }, "geometry": { "type": "Polygon", "coordinates": [ [ [ 27.258528506797013, 31.330176039564741 ], [ 27.258528506797013, 31.334680544069244 ], [ 27.25402400229251, 31.334680544069244 ], [ 27.25402400229251, 31.330176039564741 ], [ 27.258528506797013, 31.330176039564741 ] ] ] } },
{ "type": "Feature", "properties": { "cell_id": 395, "node_count": 0.0, "total_length": 0.0, "avg_degree": 0.0, "poi_count": 0, "text_des": "", "poi_categories": [ ] }, "geometry": { "type": "Polygon", "coordinates": [ [ [ 27.258528506797013, 31.334680544069244 ], [ 27.258528506797013, 31.339185048573746 ], [ 27.25402400229251, 31.339185048573746 ], [ 27.25402400229251, 31.334680544069244 ], [ 27.258528506797013, 31.334680544069244 ] ] ] } },
{ "type": "Feature", "properties": { "cell_id": 396, "node_count": 0.0, "total_length": 0.0, "avg_degree": 0.0, "poi_count": 0, "text_des": "", "poi_categories": [ ] }, "geometry": { "type": "Polygon", "coordinates": [ [ [ 27.258528506797013, 31.33918504857375 ], [ 27.258528506797013, 31.343689553078253 ], [ 27.25402400229251, 31.343689553078253 ], [ 27.25402400229251, 31.33918504857375 ], [ 27.258528506797013, 31.33918504857375 ] ] ] } },
{ "type": "Feature", "properties": { "cell_id": 397, "node_count": 0.0, "total_length": 0.0, "avg_degree": 0.0, "poi_count": 0, "text_des": "", "poi_categories": [ ] }, "geometry": { "type": "Polygon", "coordinates": [ [ [ 27.258528506797013, 31.343689553078253 ], [ 27.258528506797013, 31.348194057582756 ], [ 27.25402400229251, 31.348194057582756 ], [ 27.25402400229251, 31.343689553078253 ], [ 27.258528506797013, 31.343689553078253 ] ] ] } },
{ "type": "Feature", "properties": { "cell_id": 398, "node_count": 0.0, "total_length": 0.0, "avg_degree": 0.0, "poi_count": 0, "text_des": "", "poi_categories": [ ] }, "geometry": { "type": "Polygon", "coordinates": [ [ [ 27.258528506797013, 31.348194057582759 ], [ 27.258528506797013, 31.352698562087262 ], [ 27.25402400229251, 31.352698562087262 ], [ 27.25402400229251, 31.348194057582759 ], [ 27.258528506797013, 31.348194057582759 ] ] ] } },
{ "type": "Feature", "properties": { "cell_id": 399, "node_count": 0.0, "total_length": 0.0, "avg_degree": 0.0, "poi_count": 0, "text_des": "", "poi_categories": [ ] }, "geometry": { "type": "Polygon", "coordinates": [ [ [ 27.258528506797013, 31.352698562087262 ], [ 27.258528506797013, 31.357203066591765 ], [ 27.25402400229251, 31.357203066591765 ], [ 27.25402400229251, 31.352698562087262 ], [ 27.258528506797013, 31.352698562087262 ] ] ] } },
{ "type": "Feature", "properties": { "cell_id": 400, "node_count": 0.0, "total_length": 0.0, "avg_degree": 0.0, "poi_count": 0, "text_des": "", "poi_categories": [ ] }, "geometry": { "type": "Polygon", "coordinates": [ [ [ 27.258528506797013, 31.357203066591769 ], [ 27.258528506797013, 31.361707571096272 ], [ 27.25402400229251, 31.361707571096272 ], [ 27.25402400229251, 31.357203066591769 ], [ 27.258528506797013, 31.357203066591769 ] ] ] } },
{ "type": "Feature", "properties": { "cell_id": 401, "node_count": 0.0, "total_length": 0.0, "avg_degree": 0.0, "poi_count": 0, "text_des": "", "poi_categories": [ ] }, "geometry": { "type": "Polygon", "coordinates": [ [ [ 27.258528506797013, 31.361707571096272 ], [ 27.258528506797013, 31.366212075600775 ], [ 27.25402400229251, 31.366212075600775 ], [ 27.25402400229251, 31.361707571096272 ], [ 27.258528506797013, 31.361707571096272 ] ] ] } },
{ "type": "Feature", "properties": { "cell_id": 402, "node_count": 0.0, "total_length": 0.0, "avg_degree": 0.0, "poi_count": 0, "text_des": "", "poi_categories": [ ] }, "geometry": { "type": "Polygon", "coordinates": [ [ [ 27.258528506797013, 31.366212075600775 ], [ 27.258528506797013, 31.370716580105277 ], [ 27.25402400229251, 31.370716580105277 ], [ 27.25402400229251, 31.366212075600775 ], [ 27.258528506797013, 31.366212075600775 ] ] ] } },
{ "type": "Feature", "properties": { "cell_id": 403, "node_count": 0.0, "total_length": 0.0, "avg_degree": 0.0, "poi_count": 0, "text_des": "", "poi_categories": [ ] }, "geometry": { "type": "Polygon", "coordinates": [ [ [ 27.258528506797013, 31.370716580105281 ], [ 27.258528506797013, 31.375221084609784 ], [ 27.25402400229251, 31.375221084609784 ], [ 27.25402400229251, 31.370716580105281 ], [ 27.258528506797013, 31.370716580105281 ] ] ] } },
{ "type": "Feature", "properties": { "cell_id": 404, "node_count": 0.0, "total_length": 0.0, "avg_degree": 0.0, "poi_count": 0, "text_des": "", "poi_categories": [ ] }, "geometry": { "type": "Polygon", "coordinates": [ [ [ 27.258528506797013, 31.375221084609784 ], [ 27.258528506797013, 31.379725589114287 ], [ 27.25402400229251, 31.379725589114287 ], [ 27.25402400229251, 31.375221084609784 ], [ 27.258528506797013, 31.375221084609784 ] ] ] } },
{ "type": "Feature", "properties": { "cell_id": 405, "node_count": 0.0, "total_length": 0.0, "avg_degree": 0.0, "poi_count": 0, "text_des": "", "poi_categories": [ ] }, "geometry": { "type": "Polygon", "coordinates": [ [ [ 27.263033011301516, 31.312158021546722 ], [ 27.263033011301516, 31.316662526051225 ], [ 27.258528506797013, 31.316662526051225 ], [ 27.258528506797013, 31.312158021546722 ], [ 27.263033011301516, 31.312158021546722 ] ] ] } },
{ "type": "Feature", "properties": { "cell_id": 406, "node_count": 0.0, "total_length": 0.0, "avg_degree": 0.0, "poi_count": 0, "text_des": "", "poi_categories": [ ] }, "geometry": { "type": "Polygon", "coordinates": [ [ [ 27.263033011301516, 31.316662526051225 ], [ 27.263033011301516, 31.321167030555728 ], [ 27.258528506797013, 31.321167030555728 ], [ 27.258528506797013, 31.316662526051225 ], [ 27.263033011301516, 31.316662526051225 ] ] ] } },
{ "type": "Feature", "properties": { "cell_id": 407, "node_count": 0.0, "total_length": 0.0, "avg_degree": 0.0, "poi_count": 0, "text_des": "", "poi_categories": [ ] }, "geometry": { "type": "Polygon", "coordinates": [ [ [ 27.263033011301516, 31.321167030555731 ], [ 27.263033011301516, 31.325671535060234 ], [ 27.258528506797013, 31.325671535060234 ], [ 27.258528506797013, 31.321167030555731 ], [ 27.263033011301516, 31.321167030555731 ] ] ] } },
{ "type": "Feature", "properties": { "cell_id": 408, "node_count": 0.0, "total_length": 0.0, "avg_degree": 0.0, "poi_count": 0, "text_des": "", "poi_categories": [ ] }, "geometry": { "type": "Polygon", "coordinates": [ [ [ 27.263033011301516, 31.325671535060234 ], [ 27.263033011301516, 31.330176039564737 ], [ 27.258528506797013, 31.330176039564737 ], [ 27.258528506797013, 31.325671535060234 ], [ 27.263033011301516, 31.325671535060234 ] ] ] } },
{ "type": "Feature", "properties": { "cell_id": 409, "node_count": 0.0, "total_length": 0.0, "avg_degree": 0.0, "poi_count": 0, "text_des": "", "poi_categories": [ ] }, "geometry": { "type": "Polygon", "coordinates": [ [ [ 27.263033011301516, 31.330176039564741 ], [ 27.263033011301516, 31.334680544069244 ], [ 27.258528506797013, 31.334680544069244 ], [ 27.258528506797013, 31.330176039564741 ], [ 27.263033011301516, 31.330176039564741 ] ] ] } },
{ "type": "Feature", "properties": { "cell_id": 410, "node_count": 0.0, "total_length": 0.0, "avg_degree": 0.0, "poi_count": 0, "text_des": "", "poi_categories": [ ] }, "geometry": { "type": "Polygon", "coordinates": [ [ [ 27.263033011301516, 31.334680544069244 ], [ 27.263033011301516, 31.339185048573746 ], [ 27.258528506797013, 31.339185048573746 ], [ 27.258528506797013, 31.334680544069244 ], [ 27.263033011301516, 31.334680544069244 ] ] ] } },
{ "type": "Feature", "properties": { "cell_id": 411, "node_count": 0.0, "total_length": 0.0, "avg_degree": 0.0, "poi_count": 0, "text_des": "", "poi_categories": [ ] }, "geometry": { "type": "Polygon", "coordinates": [ [ [ 27.263033011301516, 31.33918504857375 ], [ 27.263033011301516, 31.343689553078253 ], [ 27.258528506797013, 31.343689553078253 ], [ 27.258528506797013, 31.33918504857375 ], [ 27.263033011301516, 31.33918504857375 ] ] ] } },
{ "type": "Feature", "properties": { "cell_id": 412, "node_count": 0.0, "total_length": 0.0, "avg_degree": 0.0, "poi_count": 0, "text_des": "", "poi_categories": [ ] }, "geometry": { "type": "Polygon", "coordinates": [ [ [ 27.263033011301516, 31.343689553078253 ], [ 27.263033011301516, 31.348194057582756 ], [ 27.258528506797013, 31.348194057582756 ], [ 27.258528506797013, 31.343689553078253 ], [ 27.263033011301516, 31.343689553078253 ] ] ] } },
{ "type": "Feature", "properties": { "cell_id": 413, "node_count": 0.0, "total_length": 0.0, "avg_degree": 0.0, "poi_count": 0, "text_des": "", "poi_categories": [ ] }, "geometry": { "type": "Polygon", "coordinates": [ [ [ 27.263033011301516, 31.348194057582759 ], [ 27.263033011301516, 31.352698562087262 ], [ 27.258528506797013, 31.352698562087262 ], [ 27.258528506797013, 31.348194057582759 ], [ 27.263033011301516, 31.348194057582759 ] ] ] } },
{ "type": "Feature", "properties": { "cell_id": 414, "node_count": 0.0, "total_length": 0.0, "avg_degree": 0.0, "poi_count": 0, "text_des": "", "poi_categories": [ ] }, "geometry": { "type": "Polygon", "coordinates": [ [ [ 27.263033011301516, 31.352698562087262 ], [ 27.263033011301516, 31.357203066591765 ], [ 27.258528506797013, 31.357203066591765 ], [ 27.258528506797013, 31.352698562087262 ], [ 27.263033011301516, 31.352698562087262 ] ] ] } },
{ "type": "Feature", "properties": { "cell_id": 415, "node_count": 0.0, "total_length": 0.0, "avg_degree": 0.0, "poi_count": 0, "text_des": "", "poi_categories": [ ] }, "geometry": { "type": "Polygon", "coordinates": [ [ [ 27.263033011301516, 31.357203066591769 ], [ 27.263033011301516, 31.361707571096272 ], [ 27.258528506797013, 31.361707571096272 ], [ 27.258528506797013, 31.357203066591769 ], [ 27.263033011301516, 31.357203066591769 ] ] ] } },
{ "type": "Feature", "properties": { "cell_id": 416, "node_count": 0.0, "total_length": 0.0, "avg_degree": 0.0, "poi_count": 0, "text_des": "", "poi_categories": [ ] }, "geometry": { "type": "Polygon", "coordinates": [ [ [ 27.263033011301516, 31.361707571096272 ], [ 27.263033011301516, 31.366212075600775 ], [ 27.258528506797013, 31.366212075600775 ], [ 27.258528506797013, 31.361707571096272 ], [ 27.263033011301516, 31.361707571096272 ] ] ] } },
{ "type": "Feature", "properties": { "cell_id": 417, "node_count": 0.0, "total_length": 0.0, "avg_degree": 0.0, "poi_count": 0, "text_des": "", "poi_categories": [ ] }, "geometry": { "type": "Polygon", "coordinates": [ [ [ 27.263033011301516, 31.366212075600775 ], [ 27.263033011301516, 31.370716580105277 ], [ 27.258528506797013, 31.370716580105277 ], [ 27.258528506797013, 31.366212075600775 ], [ 27.263033011301516, 31.366212075600775 ] ] ] } },
{ "type": "Feature", "properties": { "cell_id": 418, "node_count": 0.0, "total_length": 0.0, "avg_degree": 0.0, "poi_count": 0, "text_des": "", "poi_categories": [ ] }, "geometry": { "type": "Polygon", "coordinates": [ [ [ 27.263033011301516, 31.370716580105281 ], [ 27.263033011301516, 31.375221084609784 ], [ 27.258528506797013, 31.375221084609784 ], [ 27.258528506797013, 31.370716580105281 ], [ 27.263033011301516, 31.370716580105281 ] ] ] } },
{ "type": "Feature", "properties": { "cell_id": 419, "node_count": 0.0, "total_length": 0.0, "avg_degree": 0.0, "poi_count": 0, "text_des": "", "poi_categories": [ ] }, "geometry": { "type": "Polygon", "coordinates": [ [ [ 27.263033011301516, 31.375221084609784 ], [ 27.263033011301516, 31.379725589114287 ], [ 27.258528506797013, 31.379725589114287 ], [ 27.258528506797013, 31.375221084609784 ], [ 27.263033011301516, 31.375221084609784 ] ] ] } },
{ "type": "Feature", "properties": { "cell_id": 420, "node_count": 0.0, "total_length": 0.0, "avg_degree": 0.0, "poi_count": 0, "text_des": "", "poi_categories": [ ] }, "geometry": { "type": "Polygon", "coordinates": [ [ [ 27.267537515806023, 31.312158021546722 ], [ 27.267537515806023, 31.316662526051225 ], [ 27.26303301130152, 31.316662526051225 ], [ 27.26303301130152, 31.312158021546722 ], [ 27.267537515806023, 31.312158021546722 ] ] ] } },
{ "type": "Feature", "properties": { "cell_id": 421, "node_count": 0.0, "total_length": 0.0, "avg_degree": 0.0, "poi_count": 0, "text_des": "", "poi_categories": [ ] }, "geometry": { "type": "Polygon", "coordinates": [ [ [ 27.267537515806023, 31.316662526051225 ], [ 27.267537515806023, 31.321167030555728 ], [ 27.26303301130152, 31.321167030555728 ], [ 27.26303301130152, 31.316662526051225 ], [ 27.267537515806023, 31.316662526051225 ] ] ] } },
{ "type": "Feature", "properties": { "cell_id": 422, "node_count": 0.0, "total_length": 0.0, "avg_degree": 0.0, "poi_count": 0, "text_des": "", "poi_categories": [ ] }, "geometry": { "type": "Polygon", "coordinates": [ [ [ 27.267537515806023, 31.321167030555731 ], [ 27.267537515806023, 31.325671535060234 ], [ 27.26303301130152, 31.325671535060234 ], [ 27.26303301130152, 31.321167030555731 ], [ 27.267537515806023, 31.321167030555731 ] ] ] } },
{ "type": "Feature", "properties": { "cell_id": 423, "node_count": 0.0, "total_length": 0.0, "avg_degree": 0.0, "poi_count": 0, "text_des": "", "poi_categories": [ ] }, "geometry": { "type": "Polygon", "coordinates": [ [ [ 27.267537515806023, 31.325671535060234 ], [ 27.267537515806023, 31.330176039564737 ], [ 27.26303301130152, 31.330176039564737 ], [ 27.26303301130152, 31.325671535060234 ], [ 27.267537515806023, 31.325671535060234 ] ] ] } },
{ "type": "Feature", "properties": { "cell_id": 424, "node_count": 0.0, "total_length": 0.0, "avg_degree": 0.0, "poi_count": 0, "text_des": "", "poi_categories": [ ] }, "geometry": { "type": "Polygon", "coordinates": [ [ [ 27.267537515806023, 31.330176039564741 ], [ 27.267537515806023, 31.334680544069244 ], [ 27.26303301130152, 31.334680544069244 ], [ 27.26303301130152, 31.330176039564741 ], [ 27.267537515806023, 31.330176039564741 ] ] ] } },
{ "type": "Feature", "properties": { "cell_id": 425, "node_count": 0.0, "total_length": 0.0, "avg_degree": 0.0, "poi_count": 0, "text_des": "", "poi_categories": [ ] }, "geometry": { "type": "Polygon", "coordinates": [ [ [ 27.267537515806023, 31.334680544069244 ], [ 27.267537515806023, 31.339185048573746 ], [ 27.26303301130152, 31.339185048573746 ], [ 27.26303301130152, 31.334680544069244 ], [ 27.267537515806023, 31.334680544069244 ] ] ] } },
{ "type": "Feature", "properties": { "cell_id": 426, "node_count": 0.0, "total_length": 0.0, "avg_degree": 0.0, "poi_count": 0, "text_des": "", "poi_categories": [ ] }, "geometry": { "type": "Polygon", "coordinates": [ [ [ 27.267537515806023, 31.33918504857375 ], [ 27.267537515806023, 31.343689553078253 ], [ 27.26303301130152, 31.343689553078253 ], [ 27.26303301130152, 31.33918504857375 ], [ 27.267537515806023, 31.33918504857375 ] ] ] } },
{ "type": "Feature", "properties": { "cell_id": 427, "node_count": 0.0, "total_length": 0.0, "avg_degree": 0.0, "poi_count": 0, "text_des": "", "poi_categories": [ ] }, "geometry": { "type": "Polygon", "coordinates": [ [ [ 27.267537515806023, 31.343689553078253 ], [ 27.267537515806023, 31.348194057582756 ], [ 27.26303301130152, 31.348194057582756 ], [ 27.26303301130152, 31.343689553078253 ], [ 27.267537515806023, 31.343689553078253 ] ] ] } },
{ "type": "Feature", "properties": { "cell_id": 428, "node_count": 0.0, "total_length": 0.0, "avg_degree": 0.0, "poi_count": 0, "text_des": "", "poi_categories": [ ] }, "geometry": { "type": "Polygon", "coordinates": [ [ [ 27.267537515806023, 31.348194057582759 ], [ 27.267537515806023, 31.352698562087262 ], [ 27.26303301130152, 31.352698562087262 ], [ 27.26303301130152, 31.348194057582759 ], [ 27.267537515806023, 31.348194057582759 ] ] ] } },
{ "type": "Feature", "properties": { "cell_id": 429, "node_count": 0.0, "total_length": 0.0, "avg_degree": 0.0, "poi_count": 0, "text_des": "", "poi_categories": [ ] }, "geometry": { "type": "Polygon", "coordinates": [ [ [ 27.267537515806023, 31.352698562087262 ], [ 27.267537515806023, 31.357203066591765 ], [ 27.26303301130152, 31.357203066591765 ], [ 27.26303301130152, 31.352698562087262 ], [ 27.267537515806023, 31.352698562087262 ] ] ] } },
{ "type": "Feature", "properties": { "cell_id": 430, "node_count": 0.0, "total_length": 0.0, "avg_degree": 0.0, "poi_count": 0, "text_des": "", "poi_categories": [ ] }, "geometry": { "type": "Polygon", "coordinates": [ [ [ 27.267537515806023, 31.357203066591769 ], [ 27.267537515806023, 31.361707571096272 ], [ 27.26303301130152, 31.361707571096272 ], [ 27.26303301130152, 31.357203066591769 ], [ 27.267537515806023, 31.357203066591769 ] ] ] } },
{ "type": "Feature", "properties": { "cell_id": 431, "node_count": 0.0, "total_length": 0.0, "avg_degree": 0.0, "poi_count": 0, "text_des": "", "poi_categories": [ ] }, "geometry": { "type": "Polygon", "coordinates": [ [ [ 27.267537515806023, 31.361707571096272 ], [ 27.267537515806023, 31.366212075600775 ], [ 27.26303301130152, 31.366212075600775 ], [ 27.26303301130152, 31.361707571096272 ], [ 27.267537515806023, 31.361707571096272 ] ] ] } },
{ "type": "Feature", "properties": { "cell_id": 432, "node_count": 0.0, "total_length": 0.0, "avg_degree": 0.0, "poi_count": 0, "text_des": "", "poi_categories": [ ] }, "geometry": { "type": "Polygon", "coordinates": [ [ [ 27.267537515806023, 31.366212075600775 ], [ 27.267537515806023, 31.370716580105277 ], [ 27.26303301130152, 31.370716580105277 ], [ 27.26303301130152, 31.366212075600775 ], [ 27.267537515806023, 31.366212075600775 ] ] ] } },
{ "type": "Feature", "properties": { "cell_id": 433, "node_count": 0.0, "total_length": 0.0, "avg_degree": 0.0, "poi_count": 0, "text_des": "", "poi_categories": [ ] }, "geometry": { "type": "Polygon", "coordinates": [ [ [ 27.267537515806023, 31.370716580105281 ], [ 27.267537515806023, 31.375221084609784 ], [ 27.26303301130152, 31.375221084609784 ], [ 27.26303301130152, 31.370716580105281 ], [ 27.267537515806023, 31.370716580105281 ] ] ] } },
{ "type": "Feature", "properties": { "cell_id": 434, "node_count": 0.0, "total_length": 0.0, "avg_degree": 0.0, "poi_count": 0, "text_des": "", "poi_categories": [ ] }, "geometry": { "type": "Polygon", "coordinates": [ [ [ 27.267537515806023, 31.375221084609784 ], [ 27.267537515806023, 31.379725589114287 ], [ 27.26303301130152, 31.379725589114287 ], [ 27.26303301130152, 31.375221084609784 ], [ 27.267537515806023, 31.375221084609784 ] ] ] } },
{ "type": "Feature", "properties": { "cell_id": 435, "node_count": 0.0, "total_length": 0.0, "avg_degree": 0.0, "poi_count": 0, "text_des": "", "poi_categories": [ ] }, "geometry": { "type": "Polygon", "coordinates": [ [ [ 27.272042020310526, 31.312158021546722 ], [ 27.272042020310526, 31.316662526051225 ], [ 27.267537515806023, 31.316662526051225 ], [ 27.267537515806023, 31.312158021546722 ], [ 27.272042020310526, 31.312158021546722 ] ] ] } },
{ "type": "Feature", "properties": { "cell_id": 436, "node_count": 0.0, "total_length": 0.0, "avg_degree": 0.0, "poi_count": 0, "text_des": "", "poi_categories": [ ] }, "geometry": { "type": "Polygon", "coordinates": [ [ [ 27.272042020310526, 31.316662526051225 ], [ 27.272042020310526, 31.321167030555728 ], [ 27.267537515806023, 31.321167030555728 ], [ 27.267537515806023, 31.316662526051225 ], [ 27.272042020310526, 31.316662526051225 ] ] ] } },
{ "type": "Feature", "properties": { "cell_id": 437, "node_count": 0.0, "total_length": 0.0, "avg_degree": 0.0, "poi_count": 0, "text_des": "", "poi_categories": [ ] }, "geometry": { "type": "Polygon", "coordinates": [ [ [ 27.272042020310526, 31.321167030555731 ], [ 27.272042020310526, 31.325671535060234 ], [ 27.267537515806023, 31.325671535060234 ], [ 27.267537515806023, 31.321167030555731 ], [ 27.272042020310526, 31.321167030555731 ] ] ] } },
{ "type": "Feature", "properties": { "cell_id": 438, "node_count": 0.0, "total_length": 0.0, "avg_degree": 0.0, "poi_count": 0, "text_des": "", "poi_categories": [ ] }, "geometry": { "type": "Polygon", "coordinates": [ [ [ 27.272042020310526, 31.325671535060234 ], [ 27.272042020310526, 31.330176039564737 ], [ 27.267537515806023, 31.330176039564737 ], [ 27.267537515806023, 31.325671535060234 ], [ 27.272042020310526, 31.325671535060234 ] ] ] } },
{ "type": "Feature", "properties": { "cell_id": 439, "node_count": 0.0, "total_length": 0.0, "avg_degree": 0.0, "poi_count": 0, "text_des": "", "poi_categories": [ ] }, "geometry": { "type": "Polygon", "coordinates": [ [ [ 27.272042020310526, 31.330176039564741 ], [ 27.272042020310526, 31.334680544069244 ], [ 27.267537515806023, 31.334680544069244 ], [ 27.267537515806023, 31.330176039564741 ], [ 27.272042020310526, 31.330176039564741 ] ] ] } },
{ "type": "Feature", "properties": { "cell_id": 440, "node_count": 0.0, "total_length": 0.0, "avg_degree": 0.0, "poi_count": 0, "text_des": "", "poi_categories": [ ] }, "geometry": { "type": "Polygon", "coordinates": [ [ [ 27.272042020310526, 31.334680544069244 ], [ 27.272042020310526, 31.339185048573746 ], [ 27.267537515806023, 31.339185048573746 ], [ 27.267537515806023, 31.334680544069244 ], [ 27.272042020310526, 31.334680544069244 ] ] ] } },
{ "type": "Feature", "properties": { "cell_id": 441, "node_count": 0.0, "total_length": 0.0, "avg_degree": 0.0, "poi_count": 0, "text_des": "", "poi_categories": [ ] }, "geometry": { "type": "Polygon", "coordinates": [ [ [ 27.272042020310526, 31.33918504857375 ], [ 27.272042020310526, 31.343689553078253 ], [ 27.267537515806023, 31.343689553078253 ], [ 27.267537515806023, 31.33918504857375 ], [ 27.272042020310526, 31.33918504857375 ] ] ] } },
{ "type": "Feature", "properties": { "cell_id": 442, "node_count": 0.0, "total_length": 0.0, "avg_degree": 0.0, "poi_count": 0, "text_des": "", "poi_categories": [ ] }, "geometry": { "type": "Polygon", "coordinates": [ [ [ 27.272042020310526, 31.343689553078253 ], [ 27.272042020310526, 31.348194057582756 ], [ 27.267537515806023, 31.348194057582756 ], [ 27.267537515806023, 31.343689553078253 ], [ 27.272042020310526, 31.343689553078253 ] ] ] } },
{ "type": "Feature", "properties": { "cell_id": 443, "node_count": 0.0, "total_length": 0.0, "avg_degree": 0.0, "poi_count": 0, "text_des": "", "poi_categories": [ ] }, "geometry": { "type": "Polygon", "coordinates": [ [ [ 27.272042020310526, 31.348194057582759 ], [ 27.272042020310526, 31.352698562087262 ], [ 27.267537515806023, 31.352698562087262 ], [ 27.267537515806023, 31.348194057582759 ], [ 27.272042020310526, 31.348194057582759 ] ] ] } },
{ "type": "Feature", "properties": { "cell_id": 444, "node_count": 0.0, "total_length": 0.0, "avg_degree": 0.0, "poi_count": 0, "text_des": "", "poi_categories": [ ] }, "geometry": { "type": "Polygon", "coordinates": [ [ [ 27.272042020310526, 31.352698562087262 ], [ 27.272042020310526, 31.357203066591765 ], [ 27.267537515806023, 31.357203066591765 ], [ 27.267537515806023, 31.352698562087262 ], [ 27.272042020310526, 31.352698562087262 ] ] ] } },
{ "type": "Feature", "properties": { "cell_id": 445, "node_count": 0.0, "total_length": 0.0, "avg_degree": 0.0, "poi_count": 0, "text_des": "", "poi_categories": [ ] }, "geometry": { "type": "Polygon", "coordinates": [ [ [ 27.272042020310526, 31.357203066591769 ], [ 27.272042020310526, 31.361707571096272 ], [ 27.267537515806023, 31.361707571096272 ], [ 27.267537515806023, 31.357203066591769 ], [ 27.272042020310526, 31.357203066591769 ] ] ] } },
{ "type": "Feature", "properties": { "cell_id": 446, "node_count": 0.0, "total_length": 0.0, "avg_degree": 0.0, "poi_count": 0, "text_des": "", "poi_categories": [ ] }, "geometry": { "type": "Polygon", "coordinates": [ [ [ 27.272042020310526, 31.361707571096272 ], [ 27.272042020310526, 31.366212075600775 ], [ 27.267537515806023, 31.366212075600775 ], [ 27.267537515806023, 31.361707571096272 ], [ 27.272042020310526, 31.361707571096272 ] ] ] } },
{ "type": "Feature", "properties": { "cell_id": 447, "node_count": 0.0, "total_length": 0.0, "avg_degree": 0.0, "poi_count": 0, "text_des": "", "poi_categories": [ ] }, "geometry": { "type": "Polygon", "coordinates": [ [ [ 27.272042020310526, 31.366212075600775 ], [ 27.272042020310526, 31.370716580105277 ], [ 27.267537515806023, 31.370716580105277 ], [ 27.267537515806023, 31.366212075600775 ], [ 27.272042020310526, 31.366212075600775 ] ] ] } },
{ "type": "Feature", "properties": { "cell_id": 448, "node_count": 0.0, "total_length": 0.0, "avg_degree": 0.0, "poi_count": 0, "text_des": "", "poi_categories": [ ] }, "geometry": { "type": "Polygon", "coordinates": [ [ [ 27.272042020310526, 31.370716580105281 ], [ 27.272042020310526, 31.375221084609784 ], [ 27.267537515806023, 31.375221084609784 ], [ 27.267537515806023, 31.370716580105281 ], [ 27.272042020310526, 31.370716580105281 ] ] ] } },
{ "type": "Feature", "properties": { "cell_id": 449, "node_count": 0.0, "total_length": 0.0, "avg_degree": 0.0, "poi_count": 0, "text_des": "", "poi_categories": [ ] }, "geometry": { "type": "Polygon", "coordinates": [ [ [ 27.272042020310526, 31.375221084609784 ], [ 27.272042020310526, 31.379725589114287 ], [ 27.267537515806023, 31.379725589114287 ], [ 27.267537515806023, 31.375221084609784 ], [ 27.272042020310526, 31.375221084609784 ] ] ] } },
{ "type": "Feature", "properties": { "cell_id": 450, "node_count": 0.0, "total_length": 0.0, "avg_degree": 0.0, "poi_count": 0, "text_des": "", "poi_categories": [ ] }, "geometry": { "type": "Polygon", "coordinates": [ [ [ 27.276546524815032, 31.312158021546722 ], [ 27.276546524815032, 31.316662526051225 ], [ 27.272042020310529, 31.316662526051225 ], [ 27.272042020310529, 31.312158021546722 ], [ 27.276546524815032, 31.312158021546722 ] ] ] } },
{ "type": "Feature", "properties": { "cell_id": 451, "node_count": 0.0, "total_length": 0.0, "avg_degree": 0.0, "poi_count": 0, "text_des": "", "poi_categories": [ ] }, "geometry": { "type": "Polygon", "coordinates": [ [ [ 27.276546524815032, 31.316662526051225 ], [ 27.276546524815032, 31.321167030555728 ], [ 27.272042020310529, 31.321167030555728 ], [ 27.272042020310529, 31.316662526051225 ], [ 27.276546524815032, 31.316662526051225 ] ] ] } },
{ "type": "Feature", "properties": { "cell_id": 452, "node_count": 0.0, "total_length": 0.0, "avg_degree": 0.0, "poi_count": 0, "text_des": "", "poi_categories": [ ] }, "geometry": { "type": "Polygon", "coordinates": [ [ [ 27.276546524815032, 31.321167030555731 ], [ 27.276546524815032, 31.325671535060234 ], [ 27.272042020310529, 31.325671535060234 ], [ 27.272042020310529, 31.321167030555731 ], [ 27.276546524815032, 31.321167030555731 ] ] ] } },
{ "type": "Feature", "properties": { "cell_id": 453, "node_count": 0.0, "total_length": 0.0, "avg_degree": 0.0, "poi_count": 0, "text_des": "", "poi_categories": [ ] }, "geometry": { "type": "Polygon", "coordinates": [ [ [ 27.276546524815032, 31.325671535060234 ], [ 27.276546524815032, 31.330176039564737 ], [ 27.272042020310529, 31.330176039564737 ], [ 27.272042020310529, 31.325671535060234 ], [ 27.276546524815032, 31.325671535060234 ] ] ] } },
{ "type": "Feature", "properties": { "cell_id": 454, "node_count": 0.0, "total_length": 0.0, "avg_degree": 0.0, "poi_count": 0, "text_des": "", "poi_categories": [ ] }, "geometry": { "type": "Polygon", "coordinates": [ [ [ 27.276546524815032, 31.330176039564741 ], [ 27.276546524815032, 31.334680544069244 ], [ 27.272042020310529, 31.334680544069244 ], [ 27.272042020310529, 31.330176039564741 ], [ 27.276546524815032, 31.330176039564741 ] ] ] } },
{ "type": "Feature", "properties": { "cell_id": 455, "node_count": 0.0, "total_length": 0.0, "avg_degree": 0.0, "poi_count": 0, "text_des": "", "poi_categories": [ ] }, "geometry": { "type": "Polygon", "coordinates": [ [ [ 27.276546524815032, 31.334680544069244 ], [ 27.276546524815032, 31.339185048573746 ], [ 27.272042020310529, 31.339185048573746 ], [ 27.272042020310529, 31.334680544069244 ], [ 27.276546524815032, 31.334680544069244 ] ] ] } },
{ "type": "Feature", "properties": { "cell_id": 456, "node_count": 0.0, "total_length": 0.0, "avg_degree": 0.0, "poi_count": 0, "text_des": "", "poi_categories": [ ] }, "geometry": { "type": "Polygon", "coordinates": [ [ [ 27.276546524815032, 31.33918504857375 ], [ 27.276546524815032, 31.343689553078253 ], [ 27.272042020310529, 31.343689553078253 ], [ 27.272042020310529, 31.33918504857375 ], [ 27.276546524815032, 31.33918504857375 ] ] ] } },
{ "type": "Feature", "properties": { "cell_id": 457, "node_count": 0.0, "total_length": 0.0, "avg_degree": 0.0, "poi_count": 0, "text_des": "", "poi_categories": [ ] }, "geometry": { "type": "Polygon", "coordinates": [ [ [ 27.276546524815032, 31.343689553078253 ], [ 27.276546524815032, 31.348194057582756 ], [ 27.272042020310529, 31.348194057582756 ], [ 27.272042020310529, 31.343689553078253 ], [ 27.276546524815032, 31.343689553078253 ] ] ] } },
{ "type": "Feature", "properties": { "cell_id": 458, "node_count": 0.0, "total_length": 0.0, "avg_degree": 0.0, "poi_count": 0, "text_des": "", "poi_categories": [ ] }, "geometry": { "type": "Polygon", "coordinates": [ [ [ 27.276546524815032, 31.348194057582759 ], [ 27.276546524815032, 31.352698562087262 ], [ 27.272042020310529, 31.352698562087262 ], [ 27.272042020310529, 31.348194057582759 ], [ 27.276546524815032, 31.348194057582759 ] ] ] } },
{ "type": "Feature", "properties": { "cell_id": 459, "node_count": 0.0, "total_length": 0.0, "avg_degree": 0.0, "poi_count": 0, "text_des": "", "poi_categories": [ ] }, "geometry": { "type": "Polygon", "coordinates": [ [ [ 27.276546524815032, 31.352698562087262 ], [ 27.276546524815032, 31.357203066591765 ], [ 27.272042020310529, 31.357203066591765 ], [ 27.272042020310529, 31.352698562087262 ], [ 27.276546524815032, 31.352698562087262 ] ] ] } },
{ "type": "Feature", "properties": { "cell_id": 460, "node_count": 0.0, "total_length": 0.0, "avg_degree": 0.0, "poi_count": 0, "text_des": "", "poi_categories": [ ] }, "geometry": { "type": "Polygon", "coordinates": [ [ [ 27.276546524815032, 31.357203066591769 ], [ 27.276546524815032, 31.361707571096272 ], [ 27.272042020310529, 31.361707571096272 ], [ 27.272042020310529, 31.357203066591769 ], [ 27.276546524815032, 31.357203066591769 ] ] ] } },
{ "type": "Feature", "properties": { "cell_id": 461, "node_count": 0.0, "total_length": 0.0, "avg_degree": 0.0, "poi_count": 0, "text_des": "", "poi_categories": [ ] }, "geometry": { "type": "Polygon", "coordinates": [ [ [ 27.276546524815032, 31.361707571096272 ], [ 27.276546524815032, 31.366212075600775 ], [ 27.272042020310529, 31.366212075600775 ], [ 27.272042020310529, 31.361707571096272 ], [ 27.276546524815032, 31.361707571096272 ] ] ] } },
{ "type": "Feature", "properties": { "cell_id": 462, "node_count": 0.0, "total_length": 0.0, "avg_degree": 0.0, "poi_count": 0, "text_des": "", "poi_categories": [ ] }, "geometry": { "type": "Polygon", "coordinates": [ [ [ 27.276546524815032, 31.366212075600775 ], [ 27.276546524815032, 31.370716580105277 ], [ 27.272042020310529, 31.370716580105277 ], [ 27.272042020310529, 31.366212075600775 ], [ 27.276546524815032, 31.366212075600775 ] ] ] } },
{ "type": "Feature", "properties": { "cell_id": 463, "node_count": 0.0, "total_length": 0.0, "avg_degree": 0.0, "poi_count": 0, "text_des": "", "poi_categories": [ ] }, "geometry": { "type": "Polygon", "coordinates": [ [ [ 27.276546524815032, 31.370716580105281 ], [ 27.276546524815032, 31.375221084609784 ], [ 27.272042020310529, 31.375221084609784 ], [ 27.272042020310529, 31.370716580105281 ], [ 27.276546524815032, 31.370716580105281 ] ] ] } },
{ "type": "Feature", "properties": { "cell_id": 464, "node_count": 0.0, "total_length": 0.0, "avg_degree": 0.0, "poi_count": 0, "text_des": "", "poi_categories": [ ] }, "geometry": { "type": "Polygon", "coordinates": [ [ [ 27.276546524815032, 31.375221084609784 ], [ 27.276546524815032, 31.379725589114287 ], [ 27.272042020310529, 31.379725589114287 ], [ 27.272042020310529, 31.375221084609784 ], [ 27.276546524815032, 31.375221084609784 ] ] ] } },
{ "type": "Feature", "properties": { "cell_id": 465, "node_count": 0.0, "total_length": 0.0, "avg_degree": 0.0, "poi_count": 0, "text_des": "", "poi_categories": [ ] }, "geometry": { "type": "Polygon", "coordinates": [ [ [ 27.281051029319535, 31.312158021546722 ], [ 27.281051029319535, 31.316662526051225 ], [ 27.276546524815032, 31.316662526051225 ], [ 27.276546524815032, 31.312158021546722 ], [ 27.281051029319535, 31.312158021546722 ] ] ] } },
{ "type": "Feature", "properties": { "cell_id": 466, "node_count": 0.0, "total_length": 0.0, "avg_degree": 0.0, "poi_count": 0, "text_des": "", "poi_categories": [ ] }, "geometry": { "type": "Polygon", "coordinates": [ [ [ 27.281051029319535, 31.316662526051225 ], [ 27.281051029319535, 31.321167030555728 ], [ 27.276546524815032, 31.321167030555728 ], [ 27.276546524815032, 31.316662526051225 ], [ 27.281051029319535, 31.316662526051225 ] ] ] } },
{ "type": "Feature", "properties": { "cell_id": 467, "node_count": 0.0, "total_length": 0.0, "avg_degree": 0.0, "poi_count": 0, "text_des": "", "poi_categories": [ ] }, "geometry": { "type": "Polygon", "coordinates": [ [ [ 27.281051029319535, 31.321167030555731 ], [ 27.281051029319535, 31.325671535060234 ], [ 27.276546524815032, 31.325671535060234 ], [ 27.276546524815032, 31.321167030555731 ], [ 27.281051029319535, 31.321167030555731 ] ] ] } },
{ "type": "Feature", "properties": { "cell_id": 468, "node_count": 0.0, "total_length": 0.0, "avg_degree": 0.0, "poi_count": 0, "text_des": "", "poi_categories": [ ] }, "geometry": { "type": "Polygon", "coordinates": [ [ [ 27.281051029319535, 31.325671535060234 ], [ 27.281051029319535, 31.330176039564737 ], [ 27.276546524815032, 31.330176039564737 ], [ 27.276546524815032, 31.325671535060234 ], [ 27.281051029319535, 31.325671535060234 ] ] ] } },
{ "type": "Feature", "properties": { "cell_id": 469, "node_count": 0.0, "total_length": 0.0, "avg_degree": 0.0, "poi_count": 0, "text_des": "", "poi_categories": [ ] }, "geometry": { "type": "Polygon", "coordinates": [ [ [ 27.281051029319535, 31.330176039564741 ], [ 27.281051029319535, 31.334680544069244 ], [ 27.276546524815032, 31.334680544069244 ], [ 27.276546524815032, 31.330176039564741 ], [ 27.281051029319535, 31.330176039564741 ] ] ] } },
{ "type": "Feature", "properties": { "cell_id": 470, "node_count": 0.0, "total_length": 0.0, "avg_degree": 0.0, "poi_count": 0, "text_des": "", "poi_categories": [ ] }, "geometry": { "type": "Polygon", "coordinates": [ [ [ 27.281051029319535, 31.334680544069244 ], [ 27.281051029319535, 31.339185048573746 ], [ 27.276546524815032, 31.339185048573746 ], [ 27.276546524815032, 31.334680544069244 ], [ 27.281051029319535, 31.334680544069244 ] ] ] } },
{ "type": "Feature", "properties": { "cell_id": 471, "node_count": 0.0, "total_length": 0.0, "avg_degree": 0.0, "poi_count": 0, "text_des": "", "poi_categories": [ ] }, "geometry": { "type": "Polygon", "coordinates": [ [ [ 27.281051029319535, 31.33918504857375 ], [ 27.281051029319535, 31.343689553078253 ], [ 27.276546524815032, 31.343689553078253 ], [ 27.276546524815032, 31.33918504857375 ], [ 27.281051029319535, 31.33918504857375 ] ] ] } },
{ "type": "Feature", "properties": { "cell_id": 472, "node_count": 0.0, "total_length": 0.0, "avg_degree": 0.0, "poi_count": 0, "text_des": "", "poi_categories": [ ] }, "geometry": { "type": "Polygon", "coordinates": [ [ [ 27.281051029319535, 31.343689553078253 ], [ 27.281051029319535, 31.348194057582756 ], [ 27.276546524815032, 31.348194057582756 ], [ 27.276546524815032, 31.343689553078253 ], [ 27.281051029319535, 31.343689553078253 ] ] ] } },
{ "type": "Feature", "properties": { "cell_id": 473, "node_count": 0.0, "total_length": 0.0, "avg_degree": 0.0, "poi_count": 0, "text_des": "", "poi_categories": [ ] }, "geometry": { "type": "Polygon", "coordinates": [ [ [ 27.281051029319535, 31.348194057582759 ], [ 27.281051029319535, 31.352698562087262 ], [ 27.276546524815032, 31.352698562087262 ], [ 27.276546524815032, 31.348194057582759 ], [ 27.281051029319535, 31.348194057582759 ] ] ] } },
{ "type": "Feature", "properties": { "cell_id": 474, "node_count": 0.0, "total_length": 0.0, "avg_degree": 0.0, "poi_count": 0, "text_des": "", "poi_categories": [ ] }, "geometry": { "type": "Polygon", "coordinates": [ [ [ 27.281051029319535, 31.352698562087262 ], [ 27.281051029319535, 31.357203066591765 ], [ 27.276546524815032, 31.357203066591765 ], [ 27.276546524815032, 31.352698562087262 ], [ 27.281051029319535, 31.352698562087262 ] ] ] } },
{ "type": "Feature", "properties": { "cell_id": 475, "node_count": 0.0, "total_length": 0.0, "avg_degree": 0.0, "poi_count": 0, "text_des": "", "poi_categories": [ ] }, "geometry": { "type": "Polygon", "coordinates": [ [ [ 27.281051029319535, 31.357203066591769 ], [ 27.281051029319535, 31.361707571096272 ], [ 27.276546524815032, 31.361707571096272 ], [ 27.276546524815032, 31.357203066591769 ], [ 27.281051029319535, 31.357203066591769 ] ] ] } },
{ "type": "Feature", "properties": { "cell_id": 476, "node_count": 0.0, "total_length": 0.0, "avg_degree": 0.0, "poi_count": 0, "text_des": "", "poi_categories": [ ] }, "geometry": { "type": "Polygon", "coordinates": [ [ [ 27.281051029319535, 31.361707571096272 ], [ 27.281051029319535, 31.366212075600775 ], [ 27.276546524815032, 31.366212075600775 ], [ 27.276546524815032, 31.361707571096272 ], [ 27.281051029319535, 31.361707571096272 ] ] ] } },
{ "type": "Feature", "properties": { "cell_id": 477, "node_count": 0.0, "total_length": 0.0, "avg_degree": 0.0, "poi_count": 0, "text_des": "", "poi_categories": [ ] }, "geometry": { "type": "Polygon", "coordinates": [ [ [ 27.281051029319535, 31.366212075600775 ], [ 27.281051029319535, 31.370716580105277 ], [ 27.276546524815032, 31.370716580105277 ], [ 27.276546524815032, 31.366212075600775 ], [ 27.281051029319535, 31.366212075600775 ] ] ] } },
{ "type": "Feature", "properties": { "cell_id": 478, "node_count": 0.0, "total_length": 0.0, "avg_degree": 0.0, "poi_count": 0, "text_des": "", "poi_categories": [ ] }, "geometry": { "type": "Polygon", "coordinates": [ [ [ 27.281051029319535, 31.370716580105281 ], [ 27.281051029319535, 31.375221084609784 ], [ 27.276546524815032, 31.375221084609784 ], [ 27.276546524815032, 31.370716580105281 ], [ 27.281051029319535, 31.370716580105281 ] ] ] } },
{ "type": "Feature", "properties": { "cell_id": 479, "node_count": 0.0, "total_length": 0.0, "avg_degree": 0.0, "poi_count": 0, "text_des": "", "poi_categories": [ ] }, "geometry": { "type": "Polygon", "coordinates": [ [ [ 27.281051029319535, 31.375221084609784 ], [ 27.281051029319535, 31.379725589114287 ], [ 27.276546524815032, 31.379725589114287 ], [ 27.276546524815032, 31.375221084609784 ], [ 27.281051029319535, 31.375221084609784 ] ] ] } },
{ "type": "Feature", "properties": { "cell_id": 480, "node_count": 0.0, "total_length": 0.0, "avg_degree": 0.0, "poi_count": 0, "text_des": "", "poi_categories": [ ] }, "geometry": { "type": "Polygon", "coordinates": [ [ [ 27.285555533824038, 31.312158021546722 ], [ 27.285555533824038, 31.316662526051225 ], [ 27.281051029319535, 31.316662526051225 ], [ 27.281051029319535, 31.312158021546722 ], [ 27.285555533824038, 31.312158021546722 ] ] ] } },
{ "type": "Feature", "properties": { "cell_id": 481, "node_count": 0.0, "total_length": 0.0, "avg_degree": 0.0, "poi_count": 0, "text_des": "", "poi_categories": [ ] }, "geometry": { "type": "Polygon", "coordinates": [ [ [ 27.285555533824038, 31.316662526051225 ], [ 27.285555533824038, 31.321167030555728 ], [ 27.281051029319535, 31.321167030555728 ], [ 27.281051029319535, 31.316662526051225 ], [ 27.285555533824038, 31.316662526051225 ] ] ] } },
{ "type": "Feature", "properties": { "cell_id": 482, "node_count": 0.0, "total_length": 0.0, "avg_degree": 0.0, "poi_count": 0, "text_des": "", "poi_categories": [ ] }, "geometry": { "type": "Polygon", "coordinates": [ [ [ 27.285555533824038, 31.321167030555731 ], [ 27.285555533824038, 31.325671535060234 ], [ 27.281051029319535, 31.325671535060234 ], [ 27.281051029319535, 31.321167030555731 ], [ 27.285555533824038, 31.321167030555731 ] ] ] } },
{ "type": "Feature", "properties": { "cell_id": 483, "node_count": 0.0, "total_length": 0.0, "avg_degree": 0.0, "poi_count": 0, "text_des": "", "poi_categories": [ ] }, "geometry": { "type": "Polygon", "coordinates": [ [ [ 27.285555533824038, 31.325671535060234 ], [ 27.285555533824038, 31.330176039564737 ], [ 27.281051029319535, 31.330176039564737 ], [ 27.281051029319535, 31.325671535060234 ], [ 27.285555533824038, 31.325671535060234 ] ] ] } },
{ "type": "Feature", "properties": { "cell_id": 484, "node_count": 0.0, "total_length": 0.0, "avg_degree": 0.0, "poi_count": 0, "text_des": "", "poi_categories": [ ] }, "geometry": { "type": "Polygon", "coordinates": [ [ [ 27.285555533824038, 31.330176039564741 ], [ 27.285555533824038, 31.334680544069244 ], [ 27.281051029319535, 31.334680544069244 ], [ 27.281051029319535, 31.330176039564741 ], [ 27.285555533824038, 31.330176039564741 ] ] ] } },
{ "type": "Feature", "properties": { "cell_id": 485, "node_count": 0.0, "total_length": 0.0, "avg_degree": 0.0, "poi_count": 0, "text_des": "", "poi_categories": [ ] }, "geometry": { "type": "Polygon", "coordinates": [ [ [ 27.285555533824038, 31.334680544069244 ], [ 27.285555533824038, 31.339185048573746 ], [ 27.281051029319535, 31.339185048573746 ], [ 27.281051029319535, 31.334680544069244 ], [ 27.285555533824038, 31.334680544069244 ] ] ] } },
{ "type": "Feature", "properties": { "cell_id": 486, "node_count": 0.0, "total_length": 0.0, "avg_degree": 0.0, "poi_count": 0, "text_des": "", "poi_categories": [ ] }, "geometry": { "type": "Polygon", "coordinates": [ [ [ 27.285555533824038, 31.33918504857375 ], [ 27.285555533824038, 31.343689553078253 ], [ 27.281051029319535, 31.343689553078253 ], [ 27.281051029319535, 31.33918504857375 ], [ 27.285555533824038, 31.33918504857375 ] ] ] } },
{ "type": "Feature", "properties": { "cell_id": 487, "node_count": 0.0, "total_length": 0.0, "avg_degree": 0.0, "poi_count": 0, "text_des": "", "poi_categories": [ ] }, "geometry": { "type": "Polygon", "coordinates": [ [ [ 27.285555533824038, 31.343689553078253 ], [ 27.285555533824038, 31.348194057582756 ], [ 27.281051029319535, 31.348194057582756 ], [ 27.281051029319535, 31.343689553078253 ], [ 27.285555533824038, 31.343689553078253 ] ] ] } },
{ "type": "Feature", "properties": { "cell_id": 488, "node_count": 0.0, "total_length": 0.0, "avg_degree": 0.0, "poi_count": 0, "text_des": "", "poi_categories": [ ] }, "geometry": { "type": "Polygon", "coordinates": [ [ [ 27.285555533824038, 31.348194057582759 ], [ 27.285555533824038, 31.352698562087262 ], [ 27.281051029319535, 31.352698562087262 ], [ 27.281051029319535, 31.348194057582759 ], [ 27.285555533824038, 31.348194057582759 ] ] ] } },
{ "type": "Feature", "properties": { "cell_id": 489, "node_count": 0.0, "total_length": 0.0, "avg_degree": 0.0, "poi_count": 0, "text_des": "", "poi_categories": [ ] }, "geometry": { "type": "Polygon", "coordinates": [ [ [ 27.285555533824038, 31.352698562087262 ], [ 27.285555533824038, 31.357203066591765 ], [ 27.281051029319535, 31.357203066591765 ], [ 27.281051029319535, 31.352698562087262 ], [ 27.285555533824038, 31.352698562087262 ] ] ] } },
{ "type": "Feature", "properties": { "cell_id": 490, "node_count": 0.0, "total_length": 0.0, "avg_degree": 0.0, "poi_count": 0, "text_des": "", "poi_categories": [ ] }, "geometry": { "type": "Polygon", "coordinates": [ [ [ 27.285555533824038, 31.357203066591769 ], [ 27.285555533824038, 31.361707571096272 ], [ 27.281051029319535, 31.361707571096272 ], [ 27.281051029319535, 31.357203066591769 ], [ 27.285555533824038, 31.357203066591769 ] ] ] } },
{ "type": "Feature", "properties": { "cell_id": 491, "node_count": 0.0, "total_length": 0.0, "avg_degree": 0.0, "poi_count": 0, "text_des": "", "poi_categories": [ ] }, "geometry": { "type": "Polygon", "coordinates": [ [ [ 27.285555533824038, 31.361707571096272 ], [ 27.285555533824038, 31.366212075600775 ], [ 27.281051029319535, 31.366212075600775 ], [ 27.281051029319535, 31.361707571096272 ], [ 27.285555533824038, 31.361707571096272 ] ] ] } },
{ "type": "Feature", "properties": { "cell_id": 492, "node_count": 0.0, "total_length": 0.0, "avg_degree": 0.0, "poi_count": 0, "text_des": "", "poi_categories": [ ] }, "geometry": { "type": "Polygon", "coordinates": [ [ [ 27.285555533824038, 31.366212075600775 ], [ 27.285555533824038, 31.370716580105277 ], [ 27.281051029319535, 31.370716580105277 ], [ 27.281051029319535, 31.366212075600775 ], [ 27.285555533824038, 31.366212075600775 ] ] ] } },
{ "type": "Feature", "properties": { "cell_id": 493, "node_count": 0.0, "total_length": 0.0, "avg_degree": 0.0, "poi_count": 0, "text_des": "", "poi_categories": [ ] }, "geometry": { "type": "Polygon", "coordinates": [ [ [ 27.285555533824038, 31.370716580105281 ], [ 27.285555533824038, 31.375221084609784 ], [ 27.281051029319535, 31.375221084609784 ], [ 27.281051029319535, 31.370716580105281 ], [ 27.285555533824038, 31.370716580105281 ] ] ] } },
{ "type": "Feature", "properties": { "cell_id": 494, "node_count": 0.0, "total_length": 0.0, "avg_degree": 0.0, "poi_count": 0, "text_des": "", "poi_categories": [ ] }, "geometry": { "type": "Polygon", "coordinates": [ [ [ 27.285555533824038, 31.375221084609784 ], [ 27.285555533824038, 31.379725589114287 ], [ 27.281051029319535, 31.379725589114287 ], [ 27.281051029319535, 31.375221084609784 ], [ 27.285555533824038, 31.375221084609784 ] ] ] } }
]
}
