{
"type": "FeatureCollection",
"name": "grid_b2fb5032",
"crs": { "type": "name", "properties": { "name": "urn:ogc:def:crs:OGC:1.3:CRS84" } },
"features": [
{ "type": "Feature", "properties": { "cell_id": 0, "node_count": 71.0, "total_length": 13610.275390625, "avg_degree": 2.6478872299194336 }, "geometry": { "type": "Polygon", "coordinates": [ [ [ 31.204504504504502, 29.95 ], [ 31.204504504504502, 29.954504504504502 ], [ 31.2, 29.954504504504502 ], [ 31.2, 29.95 ], [ 31.204504504504502, 29.95 ] ] ] } },
{ "type": "Feature", "properties": { "cell_id": 1, "node_count": 32.0, "total_length": 9245.8076171875, "avg_degree": 2.65625 }, "geometry": { "type": "Polygon", "coordinates": [ [ [ 31.204504504504502, 29.954504504504502 ], [ 31.204504504504502, 29.959009009009005 ], [ 31.2, 29.959009009009005 ], [ 31.2, 29.954504504504502 ], [ 31.204504504504502, 29.954504504504502 ] ] ] } },
{ "type": "Feature", "properties": { "cell_id": 2, "node_count": 5.0, "total_length": 4135.69482421875, "avg_degree": 3.2000000476837158 }, "geometry": { "type": "Polygon", "coordinates": [ [ [ 31.204504504504502, 29.959009009009009 ], [ 31.204504504504502, 29.963513513513512 ], [ 31.2, 29.963513513513512 ], [ 31.2, 29.959009009009009 ], [ 31.204504504504502, 29.959009009009009 ] ] ] } },
{ "type": "Feature", "properties": { "cell_id": 3, "node_count": 77.0, "total_length": 16334.6298828125, "avg_degree": 2.6883115768432617 }, "geometry": { "type": "Polygon", "coordinates": [ [ [ 31.204504504504502, 29.963513513513512 ], [ 31.204504504504502, 29.968018018018014 ], [ 31.2, 29.968018018018014 ], [ 31.2, 29.963513513513512 ], [ 31.204504504504502, 29.963513513513512 ] ] ] } },
{ "type": "Feature", "properties": { "cell_id": 4, "node_count": 57.0, "total_length": 15057.70703125, "avg_degree": 2.7192983627319336 }, "geometry": { "type": "Polygon", "coordinates": [ [ [ 31.204504504504502, 29.968018018018018 ], [ 31.204504504504502, 29.972522522522521 ], [ 31.2, 29.972522522522521 ], [ 31.2, 29.968018018018018 ], [ 31.204504504504502, 29.968018018018018 ] ] ] } },
{ "type": "Feature", "properties": { "cell_id": 5, "node_count": 74.0, "total_length": 19025.240234375, "avg_degree": 2.7567567825317383 }, "geometry": { "type": "Polygon", "coordinates": [ [ [ 31.204504504504502, 29.972522522522521 ], [ 31.204504504504502, 29.977027027027024 ], [ 31.2, 29.977027027027024 ], [ 31.2, 29.972522522522521 ], [ 31.204504504504502, 29.972522522522521 ] ] ] } },
{ "type": "Feature", "properties": { "cell_id": 6, "node_count": 169.0, "total_length": 23208.888671875, "avg_degree": 2.9171597957611084 }, "geometry": { "type": "Polygon", "coordinates": [ [ [ 31.204504504504502, 29.977027027027027 ], [ 31.204504504504502, 29.98153153153153 ], [ 31.2, 29.98153153153153 ], [ 31.2, 29.977027027027027 ], [ 31.204504504504502, 29.977027027027027 ] ] ] } },
{ "type": "Feature", "properties": { "cell_id": 7, "node_count": 118.0, "total_length": 20804.54296875, "avg_degree": 2.6355931758880615 }, "geometry": { "type": "Polygon", "coordinates": [ [ [ 31.204504504504502, 29.98153153153153 ], [ 31.204504504504502, 29.986036036036033 ], [ 31.2, 29.986036036036033 ], [ 31.2, 29.98153153153153 ], [ 31.204504504504502, 29.98153153153153 ] ] ] } },
{ "type": "Feature", "properties": { "cell_id": 8, "node_count": 181.0, "total_length": 24000.08984375, "avg_degree": 2.6740331649780273 }, "geometry": { "type": "Polygon", "coordinates": [ [ [ 31.204504504504502, 29.986036036036037 ], [ 31.204504504504502, 29.99054054054054 ], [ 31.2, 29.99054054054054 ], [ 31.2, 29.986036036036037 ], [ 31.204504504504502, 29.986036036036037 ] ] ] } },
{ "type": "Feature", "properties": { "cell_id": 9, "node_count": 146.0, "total_length": 23853.2578125, "avg_degree": 2.8356163501739502 }, "geometry": { "type": "Polygon", "coordinates": [ [ [ 31.204504504504502, 29.99054054054054 ], [ 31.204504504504502, 29.995045045045043 ], [ 31.2, 29.995045045045043 ], [ 31.2, 29.99054054054054 ], [ 31.204504504504502, 29.99054054054054 ] ] ] } },
{ "type": "Feature", "properties": { "cell_id": 10, "node_count": 142.0, "total_length": 21787.1796875, "avg_degree": 2.936619758605957 }, "geometry": { "type": "Polygon", "coordinates": [ [ [ 31.204504504504502, 29.995045045045046 ], [ 31.204504504504502, 29.999549549549549 ], [ 31.2, 29.999549549549549 ], [ 31.2, 29.995045045045046 ], [ 31.204504504504502, 29.995045045045046 ] ] ] } },
{ "type": "Feature", "properties": { "cell_id": 11, "node_count": 83.0, "total_length": 16007.689453125, "avg_degree": 2.9036145210266113 }, "geometry": { "type": "Polygon", "coordinates": [ [ [ 31.204504504504502, 29.999549549549549 ], [ 31.204504504504502, 30.004054054054052 ], [ 31.2, 30.004054054054052 ], [ 31.2, 29.999549549549549 ], [ 31.204504504504502, 29.999549549549549 ] ] ] } },
{ "type": "Feature", "properties": { "cell_id": 12, "node_count": 45.0, "total_length": 16834.8046875, "avg_degree": 3.0222222805023193 }, "geometry": { "type": "Polygon", "coordinates": [ [ [ 31.204504504504502, 30.004054054054052 ], [ 31.204504504504502, 30.008558558558555 ], [ 31.2, 30.008558558558555 ], [ 31.2, 30.004054054054052 ], [ 31.204504504504502, 30.004054054054052 ] ] ] } },
{ "type": "Feature", "properties": { "cell_id": 13, "node_count": 65.0, "total_length": 17973.900390625, "avg_degree": 3.1384615898132324 }, "geometry": { "type": "Polygon", "coordinates": [ [ [ 31.204504504504502, 30.008558558558558 ], [ 31.204504504504502, 30.013063063063061 ], [ 31.2, 30.013063063063061 ], [ 31.2, 30.008558558558558 ], [ 31.204504504504502, 30.008558558558558 ] ] ] } },
{ "type": "Feature", "properties": { "cell_id": 14, "node_count": 125.0, "total_length": 25456.166015625, "avg_degree": 2.6800000667572021 }, "geometry": { "type": "Polygon", "coordinates": [ [ [ 31.204504504504502, 30.013063063063061 ], [ 31.204504504504502, 30.017567567567564 ], [ 31.2, 30.017567567567564 ], [ 31.2, 30.013063063063061 ], [ 31.204504504504502, 30.013063063063061 ] ] ] } },
{ "type": "Feature", "properties": { "cell_id": 15, "node_count": 136.0, "total_length": 22123.560546875, "avg_degree": 2.5588235855102539 }, "geometry": { "type": "Polygon", "coordinates": [ [ [ 31.204504504504502, 30.017567567567568 ], [ 31.204504504504502, 30.022072072072071 ], [ 31.2, 30.022072072072071 ], [ 31.2, 30.017567567567568 ], [ 31.204504504504502, 30.017567567567568 ] ] ] } },
{ "type": "Feature", "properties": { "cell_id": 16, "node_count": 9.0, "total_length": 5974.619140625, "avg_degree": 2.6666667461395264 }, "geometry": { "type": "Polygon", "coordinates": [ [ [ 31.209009009009005, 29.95 ], [ 31.209009009009005, 29.954504504504502 ], [ 31.204504504504502, 29.954504504504502 ], [ 31.204504504504502, 29.95 ], [ 31.209009009009005, 29.95 ] ] ] } },
{ "type": "Feature", "properties": { "cell_id": 17, "node_count": 11.0, "total_length": 5443.81640625, "avg_degree": 2.5454545021057129 }, "geometry": { "type": "Polygon", "coordinates": [ [ [ 31.209009009009005, 29.954504504504502 ], [ 31.209009009009005, 29.959009009009005 ], [ 31.204504504504502, 29.959009009009005 ], [ 31.204504504504502, 29.954504504504502 ], [ 31.209009009009005, 29.954504504504502 ] ] ] } },
{ "type": "Feature", "properties": { "cell_id": 18, "node_count": 23.0, "total_length": 6270.0634765625, "avg_degree": 2.3043477535247803 }, "geometry": { "type": "Polygon", "coordinates": [ [ [ 31.209009009009005, 29.959009009009009 ], [ 31.209009009009005, 29.963513513513512 ], [ 31.204504504504502, 29.963513513513512 ], [ 31.204504504504502, 29.959009009009009 ], [ 31.209009009009005, 29.959009009009009 ] ] ] } },
{ "type": "Feature", "properties": { "cell_id": 19, "node_count": 127.0, "total_length": 18289.28515625, "avg_degree": 2.4724409580230713 }, "geometry": { "type": "Polygon", "coordinates": [ [ [ 31.209009009009005, 29.963513513513512 ], [ 31.209009009009005, 29.968018018018014 ], [ 31.204504504504502, 29.968018018018014 ], [ 31.204504504504502, 29.963513513513512 ], [ 31.209009009009005, 29.963513513513512 ] ] ] } },
{ "type": "Feature", "properties": { "cell_id": 20, "node_count": 188.0, "total_length": 25088.8125, "avg_degree": 2.6595745086669922 }, "geometry": { "type": "Polygon", "coordinates": [ [ [ 31.209009009009005, 29.968018018018018 ], [ 31.209009009009005, 29.972522522522521 ], [ 31.204504504504502, 29.972522522522521 ], [ 31.204504504504502, 29.968018018018018 ], [ 31.209009009009005, 29.968018018018018 ] ] ] } },
{ "type": "Feature", "properties": { "cell_id": 21, "node_count": 61.0, "total_length": 15417.3662109375, "avg_degree": 2.5737705230712891 }, "geometry": { "type": "Polygon", "coordinates": [ [ [ 31.209009009009005, 29.972522522522521 ], [ 31.209009009009005, 29.977027027027024 ], [ 31.204504504504502, 29.977027027027024 ], [ 31.204504504504502, 29.972522522522521 ], [ 31.209009009009005, 29.972522522522521 ] ] ] } },
{ "type": "Feature", "properties": { "cell_id": 22, "node_count": 166.0, "total_length": 20694.154296875, "avg_degree": 2.8975903987884521 }, "geometry": { "type": "Polygon", "coordinates": [ [ [ 31.209009009009005, 29.977027027027027 ], [ 31.209009009009005, 29.98153153153153 ], [ 31.204504504504502, 29.98153153153153 ], [ 31.204504504504502, 29.977027027027027 ], [ 31.209009009009005, 29.977027027027027 ] ] ] } },
{ "type": "Feature", "properties": { "cell_id": 23, "node_count": 150.0, "total_length": 30596.833984375, "avg_degree": 2.8666665554046631 }, "geometry": { "type": "Polygon", "coordinates": [ [ [ 31.209009009009005, 29.98153153153153 ], [ 31.209009009009005, 29.986036036036033 ], [ 31.204504504504502, 29.986036036036033 ], [ 31.204504504504502, 29.98153153153153 ], [ 31.209009009009005, 29.98153153153153 ] ] ] } },
{ "type": "Feature", "properties": { "cell_id": 24, "node_count": 103.0, "total_length": 20254.431640625, "avg_degree": 2.7669901847839355 }, "geometry": { "type": "Polygon", "coordinates": [ [ [ 31.209009009009005, 29.986036036036037 ], [ 31.209009009009005, 29.99054054054054 ], [ 31.204504504504502, 29.99054054054054 ], [ 31.204504504504502, 29.986036036036037 ], [ 31.209009009009005, 29.986036036036037 ] ] ] } },
{ "type": "Feature", "properties": { "cell_id": 25, "node_count": 170.0, "total_length": 22475.37890625, "avg_degree": 2.5470588207244873 }, "geometry": { "type": "Polygon", "coordinates": [ [ [ 31.209009009009005, 29.99054054054054 ], [ 31.209009009009005, 29.995045045045043 ], [ 31.204504504504502, 29.995045045045043 ], [ 31.204504504504502, 29.99054054054054 ], [ 31.209009009009005, 29.99054054054054 ] ] ] } },
{ "type": "Feature", "properties": { "cell_id": 26, "node_count": 100.0, "total_length": 17150.248046875, "avg_degree": 2.7100000381469727 }, "geometry": { "type": "Polygon", "coordinates": [ [ [ 31.209009009009005, 29.995045045045046 ], [ 31.209009009009005, 29.999549549549549 ], [ 31.204504504504502, 29.999549549549549 ], [ 31.204504504504502, 29.995045045045046 ], [ 31.209009009009005, 29.995045045045046 ] ] ] } },
{ "type": "Feature", "properties": { "cell_id": 27, "node_count": 64.0, "total_length": 10943.3427734375, "avg_degree": 2.59375 }, "geometry": { "type": "Polygon", "coordinates": [ [ [ 31.209009009009005, 29.999549549549549 ], [ 31.209009009009005, 30.004054054054052 ], [ 31.204504504504502, 30.004054054054052 ], [ 31.204504504504502, 29.999549549549549 ], [ 31.209009009009005, 29.999549549549549 ] ] ] } },
{ "type": "Feature", "properties": { "cell_id": 28, "node_count": 111.0, "total_length": 18484.248046875, "avg_degree": 2.9549548625946045 }, "geometry": { "type": "Polygon", "coordinates": [ [ [ 31.209009009009005, 30.004054054054052 ], [ 31.209009009009005, 30.008558558558555 ], [ 31.204504504504502, 30.008558558558555 ], [ 31.204504504504502, 30.004054054054052 ], [ 31.209009009009005, 30.004054054054052 ] ] ] } },
{ "type": "Feature", "properties": { "cell_id": 29, "node_count": 57.0, "total_length": 9729.8486328125, "avg_degree": 2.6140351295471191 }, "geometry": { "type": "Polygon", "coordinates": [ [ [ 31.209009009009005, 30.008558558558558 ], [ 31.209009009009005, 30.013063063063061 ], [ 31.204504504504502, 30.013063063063061 ], [ 31.204504504504502, 30.008558558558558 ], [ 31.209009009009005, 30.008558558558558 ] ] ] } },
{ "type": "Feature", "properties": { "cell_id": 30, "node_count": 19.0, "total_length": 6892.03662109375, "avg_degree": 2.4736843109130859 }, "geometry": { "type": "Polygon", "coordinates": [ [ [ 31.209009009009005, 30.013063063063061 ], [ 31.209009009009005, 30.017567567567564 ], [ 31.204504504504502, 30.017567567567564 ], [ 31.204504504504502, 30.013063063063061 ], [ 31.209009009009005, 30.013063063063061 ] ] ] } },
{ "type": "Feature", "properties": { "cell_id": 31, "node_count": 0.0, "total_length": 372.65069580078125, "avg_degree": 0.0 }, "geometry": { "type": "Polygon", "coordinates": [ [ [ 31.209009009009005, 30.017567567567568 ], [ 31.209009009009005, 30.022072072072071 ], [ 31.204504504504502, 30.022072072072071 ], [ 31.204504504504502, 30.017567567567568 ], [ 31.209009009009005, 30.017567567567568 ] ] ] } },
{ "type": "Feature", "properties": { "cell_id": 32, "node_count": 8.0, "total_length": 7247.52685546875, "avg_degree": 2.75 }, "geometry": { "type": "Polygon", "coordinates": [ [ [ 31.213513513513512, 29.95 ], [ 31.213513513513512, 29.954504504504502 ], [ 31.209009009009009, 29.954504504504502 ], [ 31.209009009009009, 29.95 ], [ 31.213513513513512, 29.95 ] ] ] } },
{ "type": "Feature", "properties": { "cell_id": 33, "node_count": 38.0, "total_length": 13640.5126953125, "avg_degree": 2.6578948497772217 }, "geometry": { "type": "Polygon", "coordinates": [ [ [ 31.213513513513512, 29.954504504504502 ], [ 31.213513513513512, 29.959009009009005 ], [ 31.209009009009009, 29.959009009009005 ], [ 31.209009009009009, 29.954504504504502 ], [ 31.213513513513512, 29.954504504504502 ] ] ] } },
{ "type": "Feature", "properties": { "cell_id": 34, "node_count": 67.0, "total_length": 17560.474609375, "avg_degree": 2.5970149040222168 }, "geometry": { "type": "Polygon", "coordinates": [ [ [ 31.213513513513512, 29.959009009009009 ], [ 31.213513513513512, 29.963513513513512 ], [ 31.209009009009009, 29.963513513513512 ], [ 31.209009009009009, 29.959009009009009 ], [ 31.213513513513512, 29.959009009009009 ] ] ] } },
{ "type": "Feature", "properties": { "cell_id": 35, "node_count": 122.0, "total_length": 17404.068359375, "avg_degree": 2.2868852615356445 }, "geometry": { "type": "Polygon", "coordinates": [ [ [ 31.213513513513512, 29.963513513513512 ], [ 31.213513513513512, 29.968018018018014 ], [ 31.209009009009009, 29.968018018018014 ], [ 31.209009009009009, 29.963513513513512 ], [ 31.213513513513512, 29.963513513513512 ] ] ] } },
{ "type": "Feature", "properties": { "cell_id": 36, "node_count": 171.0, "total_length": 21111.046875, "avg_degree": 2.4853801727294922 }, "geometry": { "type": "Polygon", "coordinates": [ [ [ 31.213513513513512, 29.968018018018018 ], [ 31.213513513513512, 29.972522522522521 ], [ 31.209009009009009, 29.972522522522521 ], [ 31.209009009009009, 29.968018018018018 ], [ 31.213513513513512, 29.968018018018018 ] ] ] } },
{ "type": "Feature", "properties": { "cell_id": 37, "node_count": 135.0, "total_length": 20947.984375, "avg_degree": 2.5777778625488281 }, "geometry": { "type": "Polygon", "coordinates": [ [ [ 31.213513513513512, 29.972522522522521 ], [ 31.213513513513512, 29.977027027027024 ], [ 31.209009009009009, 29.977027027027024 ], [ 31.209009009009009, 29.972522522522521 ], [ 31.213513513513512, 29.972522522522521 ] ] ] } },
{ "type": "Feature", "properties": { "cell_id": 38, "node_count": 140.0, "total_length": 17493.4765625, "avg_degree": 2.8428571224212646 }, "geometry": { "type": "Polygon", "coordinates": [ [ [ 31.213513513513512, 29.977027027027027 ], [ 31.213513513513512, 29.98153153153153 ], [ 31.209009009009009, 29.98153153153153 ], [ 31.209009009009009, 29.977027027027027 ], [ 31.213513513513512, 29.977027027027027 ] ] ] } },
{ "type": "Feature", "properties": { "cell_id": 39, "node_count": 64.0, "total_length": 15958.302734375, "avg_degree": 2.75 }, "geometry": { "type": "Polygon", "coordinates": [ [ [ 31.213513513513512, 29.98153153153153 ], [ 31.213513513513512, 29.986036036036033 ], [ 31.209009009009009, 29.986036036036033 ], [ 31.209009009009009, 29.98153153153153 ], [ 31.213513513513512, 29.98153153153153 ] ] ] } },
{ "type": "Feature", "properties": { "cell_id": 40, "node_count": 125.0, "total_length": 22615.234375, "avg_degree": 2.6640000343322754 }, "geometry": { "type": "Polygon", "coordinates": [ [ [ 31.213513513513512, 29.986036036036037 ], [ 31.213513513513512, 29.99054054054054 ], [ 31.209009009009009, 29.99054054054054 ], [ 31.209009009009009, 29.986036036036037 ], [ 31.213513513513512, 29.986036036036037 ] ] ] } },
{ "type": "Feature", "properties": { "cell_id": 41, "node_count": 162.0, "total_length": 20550.3671875, "avg_degree": 2.790123462677002 }, "geometry": { "type": "Polygon", "coordinates": [ [ [ 31.213513513513512, 29.99054054054054 ], [ 31.213513513513512, 29.995045045045043 ], [ 31.209009009009009, 29.995045045045043 ], [ 31.209009009009009, 29.99054054054054 ], [ 31.213513513513512, 29.99054054054054 ] ] ] } },
{ "type": "Feature", "properties": { "cell_id": 42, "node_count": 224.0, "total_length": 22343.09375, "avg_degree": 2.7455356121063232 }, "geometry": { "type": "Polygon", "coordinates": [ [ [ 31.213513513513512, 29.995045045045046 ], [ 31.213513513513512, 29.999549549549549 ], [ 31.209009009009009, 29.999549549549549 ], [ 31.209009009009009, 29.995045045045046 ], [ 31.213513513513512, 29.995045045045046 ] ] ] } },
{ "type": "Feature", "properties": { "cell_id": 43, "node_count": 189.0, "total_length": 21327.341796875, "avg_degree": 2.9312169551849365 }, "geometry": { "type": "Polygon", "coordinates": [ [ [ 31.213513513513512, 29.999549549549549 ], [ 31.213513513513512, 30.004054054054052 ], [ 31.209009009009009, 30.004054054054052 ], [ 31.209009009009009, 29.999549549549549 ], [ 31.213513513513512, 29.999549549549549 ] ] ] } },
{ "type": "Feature", "properties": { "cell_id": 44, "node_count": 160.0, "total_length": 20695.892578125, "avg_degree": 2.7249999046325684 }, "geometry": { "type": "Polygon", "coordinates": [ [ [ 31.213513513513512, 30.004054054054052 ], [ 31.213513513513512, 30.008558558558555 ], [ 31.209009009009009, 30.008558558558555 ], [ 31.209009009009009, 30.004054054054052 ], [ 31.213513513513512, 30.004054054054052 ] ] ] } },
{ "type": "Feature", "properties": { "cell_id": 45, "node_count": 184.0, "total_length": 18420.04296875, "avg_degree": 2.58152174949646 }, "geometry": { "type": "Polygon", "coordinates": [ [ [ 31.213513513513512, 30.008558558558558 ], [ 31.213513513513512, 30.013063063063061 ], [ 31.209009009009009, 30.013063063063061 ], [ 31.209009009009009, 30.008558558558558 ], [ 31.213513513513512, 30.008558558558558 ] ] ] } },
{ "type": "Feature", "properties": { "cell_id": 46, "node_count": 81.0, "total_length": 12872.6630859375, "avg_degree": 2.7160494327545166 }, "geometry": { "type": "Polygon", "coordinates": [ [ [ 31.213513513513512, 30.013063063063061 ], [ 31.213513513513512, 30.017567567567564 ], [ 31.209009009009009, 30.017567567567564 ], [ 31.209009009009009, 30.013063063063061 ], [ 31.213513513513512, 30.013063063063061 ] ] ] } },
{ "type": "Feature", "properties": { "cell_id": 47, "node_count": 5.0, "total_length": 2477.34814453125, "avg_degree": 3.0 }, "geometry": { "type": "Polygon", "coordinates": [ [ [ 31.213513513513512, 30.017567567567568 ], [ 31.213513513513512, 30.022072072072071 ], [ 31.209009009009009, 30.022072072072071 ], [ 31.209009009009009, 30.017567567567568 ], [ 31.213513513513512, 30.017567567567568 ] ] ] } },
{ "type": "Feature", "properties": { "cell_id": 48, "node_count": 54.0, "total_length": 15922.12109375, "avg_degree": 2.9814815521240234 }, "geometry": { "type": "Polygon", "coordinates": [ [ [ 31.218018018018014, 29.95 ], [ 31.218018018018014, 29.954504504504502 ], [ 31.213513513513512, 29.954504504504502 ], [ 31.213513513513512, 29.95 ], [ 31.218018018018014, 29.95 ] ] ] } },
{ "type": "Feature", "properties": { "cell_id": 49, "node_count": 116.0, "total_length": 28795.609375, "avg_degree": 2.9051723480224609 }, "geometry": { "type": "Polygon", "coordinates": [ [ [ 31.218018018018014, 29.954504504504502 ], [ 31.218018018018014, 29.959009009009005 ], [ 31.213513513513512, 29.959009009009005 ], [ 31.213513513513512, 29.954504504504502 ], [ 31.218018018018014, 29.954504504504502 ] ] ] } },
{ "type": "Feature", "properties": { "cell_id": 50, "node_count": 64.0, "total_length": 23336.30859375, "avg_degree": 2.671875 }, "geometry": { "type": "Polygon", "coordinates": [ [ [ 31.218018018018014, 29.959009009009009 ], [ 31.218018018018014, 29.963513513513512 ], [ 31.213513513513512, 29.963513513513512 ], [ 31.213513513513512, 29.959009009009009 ], [ 31.218018018018014, 29.959009009009009 ] ] ] } },
{ "type": "Feature", "properties": { "cell_id": 51, "node_count": 69.0, "total_length": 15694.4990234375, "avg_degree": 2.681159496307373 }, "geometry": { "type": "Polygon", "coordinates": [ [ [ 31.218018018018014, 29.963513513513512 ], [ 31.218018018018014, 29.968018018018014 ], [ 31.213513513513512, 29.968018018018014 ], [ 31.213513513513512, 29.963513513513512 ], [ 31.218018018018014, 29.963513513513512 ] ] ] } },
{ "type": "Feature", "properties": { "cell_id": 52, "node_count": 114.0, "total_length": 19293.158203125, "avg_degree": 2.7456140518188477 }, "geometry": { "type": "Polygon", "coordinates": [ [ [ 31.218018018018014, 29.968018018018018 ], [ 31.218018018018014, 29.972522522522521 ], [ 31.213513513513512, 29.972522522522521 ], [ 31.213513513513512, 29.968018018018018 ], [ 31.218018018018014, 29.968018018018018 ] ] ] } },
{ "type": "Feature", "properties": { "cell_id": 53, "node_count": 193.0, "total_length": 24517.576171875, "avg_degree": 2.6010363101959229 }, "geometry": { "type": "Polygon", "coordinates": [ [ [ 31.218018018018014, 29.972522522522521 ], [ 31.218018018018014, 29.977027027027024 ], [ 31.213513513513512, 29.977027027027024 ], [ 31.213513513513512, 29.972522522522521 ], [ 31.218018018018014, 29.972522522522521 ] ] ] } },
{ "type": "Feature", "properties": { "cell_id": 54, "node_count": 53.0, "total_length": 9012.8369140625, "avg_degree": 2.6981132030487061 }, "geometry": { "type": "Polygon", "coordinates": [ [ [ 31.218018018018014, 29.977027027027027 ], [ 31.218018018018014, 29.98153153153153 ], [ 31.213513513513512, 29.98153153153153 ], [ 31.213513513513512, 29.977027027027027 ], [ 31.218018018018014, 29.977027027027027 ] ] ] } },
{ "type": "Feature", "properties": { "cell_id": 55, "node_count": 66.0, "total_length": 11169.7001953125, "avg_degree": 2.6666667461395264 }, "geometry": { "type": "Polygon", "coordinates": [ [ [ 31.218018018018014, 29.98153153153153 ], [ 31.218018018018014, 29.986036036036033 ], [ 31.213513513513512, 29.986036036036033 ], [ 31.213513513513512, 29.98153153153153 ], [ 31.218018018018014, 29.98153153153153 ] ] ] } },
{ "type": "Feature", "properties": { "cell_id": 56, "node_count": 87.0, "total_length": 21024.150390625, "avg_degree": 2.5977010726928711 }, "geometry": { "type": "Polygon", "coordinates": [ [ [ 31.218018018018014, 29.986036036036037 ], [ 31.218018018018014, 29.99054054054054 ], [ 31.213513513513512, 29.99054054054054 ], [ 31.213513513513512, 29.986036036036037 ], [ 31.218018018018014, 29.986036036036037 ] ] ] } },
{ "type": "Feature", "properties": { "cell_id": 57, "node_count": 75.0, "total_length": 9644.0234375, "avg_degree": 2.5333333015441895 }, "geometry": { "type": "Polygon", "coordinates": [ [ [ 31.218018018018014, 29.99054054054054 ], [ 31.218018018018014, 29.995045045045043 ], [ 31.213513513513512, 29.995045045045043 ], [ 31.213513513513512, 29.99054054054054 ], [ 31.218018018018014, 29.99054054054054 ] ] ] } },
{ "type": "Feature", "properties": { "cell_id": 58, "node_count": 45.0, "total_length": 5766.81982421875, "avg_degree": 2.355555534362793 }, "geometry": { "type": "Polygon", "coordinates": [ [ [ 31.218018018018014, 29.995045045045046 ], [ 31.218018018018014, 29.999549549549549 ], [ 31.213513513513512, 29.999549549549549 ], [ 31.213513513513512, 29.995045045045046 ], [ 31.218018018018014, 29.995045045045046 ] ] ] } },
{ "type": "Feature", "properties": { "cell_id": 59, "node_count": 80.0, "total_length": 8546.833984375, "avg_degree": 2.6624999046325684 }, "geometry": { "type": "Polygon", "coordinates": [ [ [ 31.218018018018014, 29.999549549549549 ], [ 31.218018018018014, 30.004054054054052 ], [ 31.213513513513512, 30.004054054054052 ], [ 31.213513513513512, 29.999549549549549 ], [ 31.218018018018014, 29.999549549549549 ] ] ] } },
{ "type": "Feature", "properties": { "cell_id": 60, "node_count": 249.0, "total_length": 21634.298828125, "avg_degree": 2.4618473052978516 }, "geometry": { "type": "Polygon", "coordinates": [ [ [ 31.218018018018014, 30.004054054054052 ], [ 31.218018018018014, 30.008558558558555 ], [ 31.213513513513512, 30.008558558558555 ], [ 31.213513513513512, 30.004054054054052 ], [ 31.218018018018014, 30.004054054054052 ] ] ] } },
{ "type": "Feature", "properties": { "cell_id": 61, "node_count": 270.0, "total_length": 22767.830078125, "avg_degree": 2.5222222805023193 }, "geometry": { "type": "Polygon", "coordinates": [ [ [ 31.218018018018014, 30.008558558558558 ], [ 31.218018018018014, 30.013063063063061 ], [ 31.213513513513512, 30.013063063063061 ], [ 31.213513513513512, 30.008558558558558 ], [ 31.218018018018014, 30.008558558558558 ] ] ] } },
{ "type": "Feature", "properties": { "cell_id": 62, "node_count": 97.0, "total_length": 13967.3134765625, "avg_degree": 2.5773196220397949 }, "geometry": { "type": "Polygon", "coordinates": [ [ [ 31.218018018018014, 30.013063063063061 ], [ 31.218018018018014, 30.017567567567564 ], [ 31.213513513513512, 30.017567567567564 ], [ 31.213513513513512, 30.013063063063061 ], [ 31.218018018018014, 30.013063063063061 ] ] ] } },
{ "type": "Feature", "properties": { "cell_id": 63, "node_count": 38.0, "total_length": 8360.423828125, "avg_degree": 2.9736843109130859 }, "geometry": { "type": "Polygon", "coordinates": [ [ [ 31.218018018018014, 30.017567567567568 ], [ 31.218018018018014, 30.022072072072071 ], [ 31.213513513513512, 30.022072072072071 ], [ 31.213513513513512, 30.017567567567568 ], [ 31.218018018018014, 30.017567567567568 ] ] ] } },
{ "type": "Feature", "properties": { "cell_id": 64, "node_count": 165.0, "total_length": 22775.6328125, "avg_degree": 2.4969696998596191 }, "geometry": { "type": "Polygon", "coordinates": [ [ [ 31.222522522522521, 29.95 ], [ 31.222522522522521, 29.954504504504502 ], [ 31.218018018018018, 29.954504504504502 ], [ 31.218018018018018, 29.95 ], [ 31.222522522522521, 29.95 ] ] ] } },
{ "type": "Feature", "properties": { "cell_id": 65, "node_count": 145.0, "total_length": 31221.841796875, "avg_degree": 2.7931034564971924 }, "geometry": { "type": "Polygon", "coordinates": [ [ [ 31.222522522522521, 29.954504504504502 ], [ 31.222522522522521, 29.959009009009005 ], [ 31.218018018018018, 29.959009009009005 ], [ 31.218018018018018, 29.954504504504502 ], [ 31.222522522522521, 29.954504504504502 ] ] ] } },
{ "type": "Feature", "properties": { "cell_id": 66, "node_count": 104.0, "total_length": 25920.9375, "avg_degree": 2.673076868057251 }, "geometry": { "type": "Polygon", "coordinates": [ [ [ 31.222522522522521, 29.959009009009009 ], [ 31.222522522522521, 29.963513513513512 ], [ 31.218018018018018, 29.963513513513512 ], [ 31.218018018018018, 29.959009009009009 ], [ 31.222522522522521, 29.959009009009009 ] ] ] } },
{ "type": "Feature", "properties": { "cell_id": 67, "node_count": 196.0, "total_length": 24276.30078125, "avg_degree": 2.6224489212036133 }, "geometry": { "type": "Polygon", "coordinates": [ [ [ 31.222522522522521, 29.963513513513512 ], [ 31.222522522522521, 29.968018018018014 ], [ 31.218018018018018, 29.968018018018014 ], [ 31.218018018018018, 29.963513513513512 ], [ 31.222522522522521, 29.963513513513512 ] ] ] } },
{ "type": "Feature", "properties": { "cell_id": 68, "node_count": 45.0, "total_length": 13976.8564453125, "avg_degree": 2.4444444179534912 }, "geometry": { "type": "Polygon", "coordinates": [ [ [ 31.222522522522521, 29.968018018018018 ], [ 31.222522522522521, 29.972522522522521 ], [ 31.218018018018018, 29.972522522522521 ], [ 31.218018018018018, 29.968018018018018 ], [ 31.222522522522521, 29.968018018018018 ] ] ] } },
{ "type": "Feature", "properties": { "cell_id": 69, "node_count": 13.0, "total_length": 4769.423828125, "avg_degree": 1.7692307233810425 }, "geometry": { "type": "Polygon", "coordinates": [ [ [ 31.222522522522521, 29.972522522522521 ], [ 31.222522522522521, 29.977027027027024 ], [ 31.218018018018018, 29.977027027027024 ], [ 31.218018018018018, 29.972522522522521 ], [ 31.222522522522521, 29.972522522522521 ] ] ] } },
{ "type": "Feature", "properties": { "cell_id": 70, "node_count": 0.0, "total_length": 0.0, "avg_degree": 0.0 }, "geometry": { "type": "Polygon", "coordinates": [ [ [ 31.222522522522521, 29.977027027027027 ], [ 31.222522522522521, 29.98153153153153 ], [ 31.218018018018018, 29.98153153153153 ], [ 31.218018018018018, 29.977027027027027 ], [ 31.222522522522521, 29.977027027027027 ] ] ] } },
{ "type": "Feature", "properties": { "cell_id": 71, "node_count": 0.0, "total_length": 0.0, "avg_degree": 0.0 }, "geometry": { "type": "Polygon", "coordinates": [ [ [ 31.222522522522521, 29.98153153153153 ], [ 31.222522522522521, 29.986036036036033 ], [ 31.218018018018018, 29.986036036036033 ], [ 31.218018018018018, 29.98153153153153 ], [ 31.222522522522521, 29.98153153153153 ] ] ] } },
{ "type": "Feature", "properties": { "cell_id": 72, "node_count": 0.0, "total_length": 9013.677734375, "avg_degree": 0.0 }, "geometry": { "type": "Polygon", "coordinates": [ [ [ 31.222522522522521, 29.986036036036037 ], [ 31.222522522522521, 29.99054054054054 ], [ 31.218018018018018, 29.99054054054054 ], [ 31.218018018018018, 29.986036036036037 ], [ 31.222522522522521, 29.986036036036037 ] ] ] } },
{ "type": "Feature", "properties": { "cell_id": 73, "node_count": 0.0, "total_length": 0.0, "avg_degree": 0.0 }, "geometry": { "type": "Polygon", "coordinates": [ [ [ 31.222522522522521, 29.99054054054054 ], [ 31.222522522522521, 29.995045045045043 ], [ 31.218018018018018, 29.995045045045043 ], [ 31.218018018018018, 29.99054054054054 ], [ 31.222522522522521, 29.99054054054054 ] ] ] } },
{ "type": "Feature", "properties": { "cell_id": 74, "node_count": 0.0, "total_length": 0.0, "avg_degree": 0.0 }, "geometry": { "type": "Polygon", "coordinates": [ [ [ 31.222522522522521, 29.995045045045046 ], [ 31.222522522522521, 29.999549549549549 ], [ 31.218018018018018, 29.999549549549549 ], [ 31.218018018018018, 29.995045045045046 ], [ 31.222522522522521, 29.995045045045046 ] ] ] } },
{ "type": "Feature", "properties": { "cell_id": 75, "node_count": 0.0, "total_length": 0.0, "avg_degree": 0.0 }, "geometry": { "type": "Polygon", "coordinates": [ [ [ 31.222522522522521, 29.999549549549549 ], [ 31.222522522522521, 30.004054054054052 ], [ 31.218018018018018, 30.004054054054052 ], [ 31.218018018018018, 29.999549549549549 ], [ 31.222522522522521, 29.999549549549549 ] ] ] } },
{ "type": "Feature", "properties": { "cell_id": 76, "node_count": 3.0, "total_length": 1789.92919921875, "avg_degree": 3.0 }, "geometry": { "type": "Polygon", "coordinates": [ [ [ 31.222522522522521, 30.004054054054052 ], [ 31.222522522522521, 30.008558558558555 ], [ 31.218018018018018, 30.008558558558555 ], [ 31.218018018018018, 30.004054054054052 ], [ 31.222522522522521, 30.004054054054052 ] ] ] } },
{ "type": "Feature", "properties": { "cell_id": 77, "node_count": 7.0, "total_length": 2577.9130859375, "avg_degree": 3.0 }, "geometry": { "type": "Polygon", "coordinates": [ [ [ 31.222522522522521, 30.008558558558558 ], [ 31.222522522522521, 30.013063063063061 ], [ 31.218018018018018, 30.013063063063061 ], [ 31.218018018018018, 30.008558558558558 ], [ 31.222522522522521, 30.008558558558558 ] ] ] } },
{ "type": "Feature", "properties": { "cell_id": 78, "node_count": 5.0, "total_length": 1777.40576171875, "avg_degree": 3.0 }, "geometry": { "type": "Polygon", "coordinates": [ [ [ 31.222522522522521, 30.013063063063061 ], [ 31.222522522522521, 30.017567567567564 ], [ 31.218018018018018, 30.017567567567564 ], [ 31.218018018018018, 30.013063063063061 ], [ 31.222522522522521, 30.013063063063061 ] ] ] } },
{ "type": "Feature", "properties": { "cell_id": 79, "node_count": 0.0, "total_length": 0.0, "avg_degree": 0.0 }, "geometry": { "type": "Polygon", "coordinates": [ [ [ 31.222522522522521, 30.017567567567568 ], [ 31.222522522522521, 30.022072072072071 ], [ 31.218018018018018, 30.022072072072071 ], [ 31.218018018018018, 30.017567567567568 ], [ 31.222522522522521, 30.017567567567568 ] ] ] } },
{ "type": "Feature", "properties": { "cell_id": 80, "node_count": 94.0, "total_length": 27076.26171875, "avg_degree": 2.8723404407501221 }, "geometry": { "type": "Polygon", "coordinates": [ [ [ 31.227027027027024, 29.95 ], [ 31.227027027027024, 29.954504504504502 ], [ 31.222522522522521, 29.954504504504502 ], [ 31.222522522522521, 29.95 ], [ 31.227027027027024, 29.95 ] ] ] } },
{ "type": "Feature", "properties": { "cell_id": 81, "node_count": 91.0, "total_length": 20481.296875, "avg_degree": 2.6813187599182129 }, "geometry": { "type": "Polygon", "coordinates": [ [ [ 31.227027027027024, 29.954504504504502 ], [ 31.227027027027024, 29.959009009009005 ], [ 31.222522522522521, 29.959009009009005 ], [ 31.222522522522521, 29.954504504504502 ], [ 31.227027027027024, 29.954504504504502 ] ] ] } },
{ "type": "Feature", "properties": { "cell_id": 82, "node_count": 32.0, "total_length": 12881.8330078125, "avg_degree": 2.90625 }, "geometry": { "type": "Polygon", "coordinates": [ [ [ 31.227027027027024, 29.959009009009009 ], [ 31.227027027027024, 29.963513513513512 ], [ 31.222522522522521, 29.963513513513512 ], [ 31.222522522522521, 29.959009009009009 ], [ 31.227027027027024, 29.959009009009009 ] ] ] } },
{ "type": "Feature", "properties": { "cell_id": 83, "node_count": 99.0, "total_length": 14737.998046875, "avg_degree": 2.696969747543335 }, "geometry": { "type": "Polygon", "coordinates": [ [ [ 31.227027027027024, 29.963513513513512 ], [ 31.227027027027024, 29.968018018018014 ], [ 31.222522522522521, 29.968018018018014 ], [ 31.222522522522521, 29.963513513513512 ], [ 31.227027027027024, 29.963513513513512 ] ] ] } },
{ "type": "Feature", "properties": { "cell_id": 84, "node_count": 13.0, "total_length": 3720.25830078125, "avg_degree": 2.461538553237915 }, "geometry": { "type": "Polygon", "coordinates": [ [ [ 31.227027027027024, 29.968018018018018 ], [ 31.227027027027024, 29.972522522522521 ], [ 31.222522522522521, 29.972522522522521 ], [ 31.222522522522521, 29.968018018018018 ], [ 31.227027027027024, 29.968018018018018 ] ] ] } },
{ "type": "Feature", "properties": { "cell_id": 85, "node_count": 0.0, "total_length": 0.0, "avg_degree": 0.0 }, "geometry": { "type": "Polygon", "coordinates": [ [ [ 31.227027027027024, 29.972522522522521 ], [ 31.227027027027024, 29.977027027027024 ], [ 31.222522522522521, 29.977027027027024 ], [ 31.222522522522521, 29.972522522522521 ], [ 31.227027027027024, 29.972522522522521 ] ] ] } },
{ "type": "Feature", "properties": { "cell_id": 86, "node_count": 0.0, "total_length": 0.0, "avg_degree": 0.0 }, "geometry": { "type": "Polygon", "coordinates": [ [ [ 31.227027027027024, 29.977027027027027 ], [ 31.227027027027024, 29.98153153153153 ], [ 31.222522522522521, 29.98153153153153 ], [ 31.222522522522521, 29.977027027027027 ], [ 31.227027027027024, 29.977027027027027 ] ] ] } },
{ "type": "Feature", "properties": { "cell_id": 87, "node_count": 0.0, "total_length": 0.0, "avg_degree": 0.0 }, "geometry": { "type": "Polygon", "coordinates": [ [ [ 31.227027027027024, 29.98153153153153 ], [ 31.227027027027024, 29.986036036036033 ], [ 31.222522522522521, 29.986036036036033 ], [ 31.222522522522521, 29.98153153153153 ], [ 31.227027027027024, 29.98153153153153 ] ] ] } },
{ "type": "Feature", "properties": { "cell_id": 88, "node_count": 0.0, "total_length": 9013.677734375, "avg_degree": 0.0 }, "geometry": { "type": "Polygon", "coordinates": [ [ [ 31.227027027027024, 29.986036036036037 ], [ 31.227027027027024, 29.99054054054054 ], [ 31.222522522522521, 29.99054054054054 ], [ 31.222522522522521, 29.986036036036037 ], [ 31.227027027027024, 29.986036036036037 ] ] ] } },
{ "type": "Feature", "properties": { "cell_id": 89, "node_count": 0.0, "total_length": 0.0, "avg_degree": 0.0 }, "geometry": { "type": "Polygon", "coordinates": [ [ [ 31.227027027027024, 29.99054054054054 ], [ 31.227027027027024, 29.995045045045043 ], [ 31.222522522522521, 29.995045045045043 ], [ 31.222522522522521, 29.99054054054054 ], [ 31.227027027027024, 29.99054054054054 ] ] ] } },
{ "type": "Feature", "properties": { "cell_id": 90, "node_count": 0.0, "total_length": 0.0, "avg_degree": 0.0 }, "geometry": { "type": "Polygon", "coordinates": [ [ [ 31.227027027027024, 29.995045045045046 ], [ 31.227027027027024, 29.999549549549549 ], [ 31.222522522522521, 29.999549549549549 ], [ 31.222522522522521, 29.995045045045046 ], [ 31.227027027027024, 29.995045045045046 ] ] ] } },
{ "type": "Feature", "properties": { "cell_id": 91, "node_count": 2.0, "total_length": 2166.0771484375, "avg_degree": 3.0 }, "geometry": { "type": "Polygon", "coordinates": [ [ [ 31.227027027027024, 29.999549549549549 ], [ 31.227027027027024, 30.004054054054052 ], [ 31.222522522522521, 30.004054054054052 ], [ 31.222522522522521, 29.999549549549549 ], [ 31.227027027027024, 29.999549549549549 ] ] ] } },
{ "type": "Feature", "properties": { "cell_id": 92, "node_count": 15.0, "total_length": 3348.249267578125, "avg_degree": 2.7333333492279053 }, "geometry": { "type": "Polygon", "coordinates": [ [ [ 31.227027027027024, 30.004054054054052 ], [ 31.227027027027024, 30.008558558558555 ], [ 31.222522522522521, 30.008558558558555 ], [ 31.222522522522521, 30.004054054054052 ], [ 31.227027027027024, 30.004054054054052 ] ] ] } },
{ "type": "Feature", "properties": { "cell_id": 93, "node_count": 58.0, "total_length": 10869.93359375, "avg_degree": 3.310344934463501 }, "geometry": { "type": "Polygon", "coordinates": [ [ [ 31.227027027027024, 30.008558558558558 ], [ 31.227027027027024, 30.013063063063061 ], [ 31.222522522522521, 30.013063063063061 ], [ 31.222522522522521, 30.008558558558558 ], [ 31.227027027027024, 30.008558558558558 ] ] ] } },
{ "type": "Feature", "properties": { "cell_id": 94, "node_count": 48.0, "total_length": 9463.771484375, "avg_degree": 2.8125 }, "geometry": { "type": "Polygon", "coordinates": [ [ [ 31.227027027027024, 30.013063063063061 ], [ 31.227027027027024, 30.017567567567564 ], [ 31.222522522522521, 30.017567567567564 ], [ 31.222522522522521, 30.013063063063061 ], [ 31.227027027027024, 30.013063063063061 ] ] ] } },
{ "type": "Feature", "properties": { "cell_id": 95, "node_count": 43.0, "total_length": 10483.6875, "avg_degree": 3.5348837375640869 }, "geometry": { "type": "Polygon", "coordinates": [ [ [ 31.227027027027024, 30.017567567567568 ], [ 31.227027027027024, 30.022072072072071 ], [ 31.222522522522521, 30.022072072072071 ], [ 31.222522522522521, 30.017567567567568 ], [ 31.227027027027024, 30.017567567567568 ] ] ] } },
{ "type": "Feature", "properties": { "cell_id": 96, "node_count": 18.0, "total_length": 8421.603515625, "avg_degree": 2.4444444179534912 }, "geometry": { "type": "Polygon", "coordinates": [ [ [ 31.23153153153153, 29.95 ], [ 31.23153153153153, 29.954504504504502 ], [ 31.227027027027027, 29.954504504504502 ], [ 31.227027027027027, 29.95 ], [ 31.23153153153153, 29.95 ] ] ] } },
{ "type": "Feature", "properties": { "cell_id": 97, "node_count": 19.0, "total_length": 11708.7119140625, "avg_degree": 2.6315789222717285 }, "geometry": { "type": "Polygon", "coordinates": [ [ [ 31.23153153153153, 29.954504504504502 ], [ 31.23153153153153, 29.959009009009005 ], [ 31.227027027027027, 29.959009009009005 ], [ 31.227027027027027, 29.954504504504502 ], [ 31.23153153153153, 29.954504504504502 ] ] ] } },
{ "type": "Feature", "properties": { "cell_id": 98, "node_count": 16.0, "total_length": 7589.66357421875, "avg_degree": 3.0 }, "geometry": { "type": "Polygon", "coordinates": [ [ [ 31.23153153153153, 29.959009009009009 ], [ 31.23153153153153, 29.963513513513512 ], [ 31.227027027027027, 29.963513513513512 ], [ 31.227027027027027, 29.959009009009009 ], [ 31.23153153153153, 29.959009009009009 ] ] ] } },
{ "type": "Feature", "properties": { "cell_id": 99, "node_count": 0.0, "total_length": 1460.7220458984375, "avg_degree": 0.0 }, "geometry": { "type": "Polygon", "coordinates": [ [ [ 31.23153153153153, 29.963513513513512 ], [ 31.23153153153153, 29.968018018018014 ], [ 31.227027027027027, 29.968018018018014 ], [ 31.227027027027027, 29.963513513513512 ], [ 31.23153153153153, 29.963513513513512 ] ] ] } },
{ "type": "Feature", "properties": { "cell_id": 100, "node_count": 0.0, "total_length": 0.0, "avg_degree": 0.0 }, "geometry": { "type": "Polygon", "coordinates": [ [ [ 31.23153153153153, 29.968018018018018 ], [ 31.23153153153153, 29.972522522522521 ], [ 31.227027027027027, 29.972522522522521 ], [ 31.227027027027027, 29.968018018018018 ], [ 31.23153153153153, 29.968018018018018 ] ] ] } },
{ "type": "Feature", "properties": { "cell_id": 101, "node_count": 0.0, "total_length": 0.0, "avg_degree": 0.0 }, "geometry": { "type": "Polygon", "coordinates": [ [ [ 31.23153153153153, 29.972522522522521 ], [ 31.23153153153153, 29.977027027027024 ], [ 31.227027027027027, 29.977027027027024 ], [ 31.227027027027027, 29.972522522522521 ], [ 31.23153153153153, 29.972522522522521 ] ] ] } },
{ "type": "Feature", "properties": { "cell_id": 102, "node_count": 0.0, "total_length": 1492.31494140625, "avg_degree": 0.0 }, "geometry": { "type": "Polygon", "coordinates": [ [ [ 31.23153153153153, 29.977027027027027 ], [ 31.23153153153153, 29.98153153153153 ], [ 31.227027027027027, 29.98153153153153 ], [ 31.227027027027027, 29.977027027027027 ], [ 31.23153153153153, 29.977027027027027 ] ] ] } },
{ "type": "Feature", "properties": { "cell_id": 103, "node_count": 9.0, "total_length": 3983.095703125, "avg_degree": 2.4444444179534912 }, "geometry": { "type": "Polygon", "coordinates": [ [ [ 31.23153153153153, 29.98153153153153 ], [ 31.23153153153153, 29.986036036036033 ], [ 31.227027027027027, 29.986036036036033 ], [ 31.227027027027027, 29.98153153153153 ], [ 31.23153153153153, 29.98153153153153 ] ] ] } },
{ "type": "Feature", "properties": { "cell_id": 104, "node_count": 11.0, "total_length": 13864.9267578125, "avg_degree": 2.6363637447357178 }, "geometry": { "type": "Polygon", "coordinates": [ [ [ 31.23153153153153, 29.986036036036037 ], [ 31.23153153153153, 29.99054054054054 ], [ 31.227027027027027, 29.99054054054054 ], [ 31.227027027027027, 29.986036036036037 ], [ 31.23153153153153, 29.986036036036037 ] ] ] } },
{ "type": "Feature", "properties": { "cell_id": 105, "node_count": 14.0, "total_length": 13780.1552734375, "avg_degree": 3.2142856121063232 }, "geometry": { "type": "Polygon", "coordinates": [ [ [ 31.23153153153153, 29.99054054054054 ], [ 31.23153153153153, 29.995045045045043 ], [ 31.227027027027027, 29.995045045045043 ], [ 31.227027027027027, 29.99054054054054 ], [ 31.23153153153153, 29.99054054054054 ] ] ] } },
{ "type": "Feature", "properties": { "cell_id": 106, "node_count": 86.0, "total_length": 13788.326171875, "avg_degree": 3.15116286277771 }, "geometry": { "type": "Polygon", "coordinates": [ [ [ 31.23153153153153, 29.995045045045046 ], [ 31.23153153153153, 29.999549549549549 ], [ 31.227027027027027, 29.999549549549549 ], [ 31.227027027027027, 29.995045045045046 ], [ 31.23153153153153, 29.995045045045046 ] ] ] } },
{ "type": "Feature", "properties": { "cell_id": 107, "node_count": 192.0, "total_length": 19836.783203125, "avg_degree": 2.4947917461395264 }, "geometry": { "type": "Polygon", "coordinates": [ [ [ 31.23153153153153, 29.999549549549549 ], [ 31.23153153153153, 30.004054054054052 ], [ 31.227027027027027, 30.004054054054052 ], [ 31.227027027027027, 29.999549549549549 ], [ 31.23153153153153, 29.999549549549549 ] ] ] } },
{ "type": "Feature", "properties": { "cell_id": 108, "node_count": 156.0, "total_length": 14776.185546875, "avg_degree": 2.461538553237915 }, "geometry": { "type": "Polygon", "coordinates": [ [ [ 31.23153153153153, 30.004054054054052 ], [ 31.23153153153153, 30.008558558558555 ], [ 31.227027027027027, 30.008558558558555 ], [ 31.227027027027027, 30.004054054054052 ], [ 31.23153153153153, 30.004054054054052 ] ] ] } },
{ "type": "Feature", "properties": { "cell_id": 109, "node_count": 110.0, "total_length": 14789.3125, "avg_degree": 2.5454545021057129 }, "geometry": { "type": "Polygon", "coordinates": [ [ [ 31.23153153153153, 30.008558558558558 ], [ 31.23153153153153, 30.013063063063061 ], [ 31.227027027027027, 30.013063063063061 ], [ 31.227027027027027, 30.008558558558558 ], [ 31.23153153153153, 30.008558558558558 ] ] ] } },
{ "type": "Feature", "properties": { "cell_id": 110, "node_count": 54.0, "total_length": 12822.3330078125, "avg_degree": 2.8333332538604736 }, "geometry": { "type": "Polygon", "coordinates": [ [ [ 31.23153153153153, 30.013063063063061 ], [ 31.23153153153153, 30.017567567567564 ], [ 31.227027027027027, 30.017567567567564 ], [ 31.227027027027027, 30.013063063063061 ], [ 31.23153153153153, 30.013063063063061 ] ] ] } },
{ "type": "Feature", "properties": { "cell_id": 111, "node_count": 66.0, "total_length": 14385.375, "avg_degree": 2.9696969985961914 }, "geometry": { "type": "Polygon", "coordinates": [ [ [ 31.23153153153153, 30.017567567567568 ], [ 31.23153153153153, 30.022072072072071 ], [ 31.227027027027027, 30.022072072072071 ], [ 31.227027027027027, 30.017567567567568 ], [ 31.23153153153153, 30.017567567567568 ] ] ] } },
{ "type": "Feature", "properties": { "cell_id": 112, "node_count": 78.0, "total_length": 15510.1103515625, "avg_degree": 2.7179486751556396 }, "geometry": { "type": "Polygon", "coordinates": [ [ [ 31.236036036036033, 29.95 ], [ 31.236036036036033, 29.954504504504502 ], [ 31.23153153153153, 29.954504504504502 ], [ 31.23153153153153, 29.95 ], [ 31.236036036036033, 29.95 ] ] ] } },
{ "type": "Feature", "properties": { "cell_id": 113, "node_count": 22.0, "total_length": 7172.05615234375, "avg_degree": 2.4545454978942871 }, "geometry": { "type": "Polygon", "coordinates": [ [ [ 31.236036036036033, 29.954504504504502 ], [ 31.236036036036033, 29.959009009009005 ], [ 31.23153153153153, 29.959009009009005 ], [ 31.23153153153153, 29.954504504504502 ], [ 31.236036036036033, 29.954504504504502 ] ] ] } },
{ "type": "Feature", "properties": { "cell_id": 114, "node_count": 3.0, "total_length": 2694.557373046875, "avg_degree": 3.0 }, "geometry": { "type": "Polygon", "coordinates": [ [ [ 31.236036036036033, 29.959009009009009 ], [ 31.236036036036033, 29.963513513513512 ], [ 31.23153153153153, 29.963513513513512 ], [ 31.23153153153153, 29.959009009009009 ], [ 31.236036036036033, 29.959009009009009 ] ] ] } },
{ "type": "Feature", "properties": { "cell_id": 115, "node_count": 0.0, "total_length": 0.0, "avg_degree": 0.0 }, "geometry": { "type": "Polygon", "coordinates": [ [ [ 31.236036036036033, 29.963513513513512 ], [ 31.236036036036033, 29.968018018018014 ], [ 31.23153153153153, 29.968018018018014 ], [ 31.23153153153153, 29.963513513513512 ], [ 31.236036036036033, 29.963513513513512 ] ] ] } },
{ "type": "Feature", "properties": { "cell_id": 116, "node_count": 0.0, "total_length": 2372.01904296875, "avg_degree": 0.0 }, "geometry": { "type": "Polygon", "coordinates": [ [ [ 31.236036036036033, 29.968018018018018 ], [ 31.236036036036033, 29.972522522522521 ], [ 31.23153153153153, 29.972522522522521 ], [ 31.23153153153153, 29.968018018018018 ], [ 31.236036036036033, 29.968018018018018 ] ] ] } },
{ "type": "Feature", "properties": { "cell_id": 117, "node_count": 5.0, "total_length": 3871.069580078125, "avg_degree": 3.0 }, "geometry": { "type": "Polygon", "coordinates": [ [ [ 31.236036036036033, 29.972522522522521 ], [ 31.236036036036033, 29.977027027027024 ], [ 31.23153153153153, 29.977027027027024 ], [ 31.23153153153153, 29.972522522522521 ], [ 31.236036036036033, 29.972522522522521 ] ] ] } },
{ "type": "Feature", "properties": { "cell_id": 118, "node_count": 61.0, "total_length": 14313.3681640625, "avg_degree": 2.6065573692321777 }, "geometry": { "type": "Polygon", "coordinates": [ [ [ 31.236036036036033, 29.977027027027027 ], [ 31.236036036036033, 29.98153153153153 ], [ 31.23153153153153, 29.98153153153153 ], [ 31.23153153153153, 29.977027027027027 ], [ 31.236036036036033, 29.977027027027027 ] ] ] } },
{ "type": "Feature", "properties": { "cell_id": 119, "node_count": 124.0, "total_length": 13033.115234375, "avg_degree": 2.4274194240570068 }, "geometry": { "type": "Polygon", "coordinates": [ [ [ 31.236036036036033, 29.98153153153153 ], [ 31.236036036036033, 29.986036036036033 ], [ 31.23153153153153, 29.986036036036033 ], [ 31.23153153153153, 29.98153153153153 ], [ 31.236036036036033, 29.98153153153153 ] ] ] } },
{ "type": "Feature", "properties": { "cell_id": 120, "node_count": 50.0, "total_length": 7671.21728515625, "avg_degree": 2.5799999237060547 }, "geometry": { "type": "Polygon", "coordinates": [ [ [ 31.236036036036033, 29.986036036036037 ], [ 31.236036036036033, 29.99054054054054 ], [ 31.23153153153153, 29.99054054054054 ], [ 31.23153153153153, 29.986036036036037 ], [ 31.236036036036033, 29.986036036036037 ] ] ] } },
{ "type": "Feature", "properties": { "cell_id": 121, "node_count": 54.0, "total_length": 19886.984375, "avg_degree": 2.8148148059844971 }, "geometry": { "type": "Polygon", "coordinates": [ [ [ 31.236036036036033, 29.99054054054054 ], [ 31.236036036036033, 29.995045045045043 ], [ 31.23153153153153, 29.995045045045043 ], [ 31.23153153153153, 29.99054054054054 ], [ 31.236036036036033, 29.99054054054054 ] ] ] } },
{ "type": "Feature", "properties": { "cell_id": 122, "node_count": 59.0, "total_length": 13434.7255859375, "avg_degree": 3.0169491767883301 }, "geometry": { "type": "Polygon", "coordinates": [ [ [ 31.236036036036033, 29.995045045045046 ], [ 31.236036036036033, 29.999549549549549 ], [ 31.23153153153153, 29.999549549549549 ], [ 31.23153153153153, 29.995045045045046 ], [ 31.236036036036033, 29.995045045045046 ] ] ] } },
{ "type": "Feature", "properties": { "cell_id": 123, "node_count": 89.0, "total_length": 11146.724609375, "avg_degree": 2.4831459522247314 }, "geometry": { "type": "Polygon", "coordinates": [ [ [ 31.236036036036033, 29.999549549549549 ], [ 31.236036036036033, 30.004054054054052 ], [ 31.23153153153153, 30.004054054054052 ], [ 31.23153153153153, 29.999549549549549 ], [ 31.236036036036033, 29.999549549549549 ] ] ] } },
{ "type": "Feature", "properties": { "cell_id": 124, "node_count": 9.0, "total_length": 2846.893798828125, "avg_degree": 3.0 }, "geometry": { "type": "Polygon", "coordinates": [ [ [ 31.236036036036033, 30.004054054054052 ], [ 31.236036036036033, 30.008558558558555 ], [ 31.23153153153153, 30.008558558558555 ], [ 31.23153153153153, 30.004054054054052 ], [ 31.236036036036033, 30.004054054054052 ] ] ] } },
{ "type": "Feature", "properties": { "cell_id": 125, "node_count": 59.0, "total_length": 8030.67529296875, "avg_degree": 3.0169491767883301 }, "geometry": { "type": "Polygon", "coordinates": [ [ [ 31.236036036036033, 30.008558558558558 ], [ 31.236036036036033, 30.013063063063061 ], [ 31.23153153153153, 30.013063063063061 ], [ 31.23153153153153, 30.008558558558558 ], [ 31.236036036036033, 30.008558558558558 ] ] ] } },
{ "type": "Feature", "properties": { "cell_id": 126, "node_count": 101.0, "total_length": 16540.00390625, "avg_degree": 3.2376236915588379 }, "geometry": { "type": "Polygon", "coordinates": [ [ [ 31.236036036036033, 30.013063063063061 ], [ 31.236036036036033, 30.017567567567564 ], [ 31.23153153153153, 30.017567567567564 ], [ 31.23153153153153, 30.013063063063061 ], [ 31.236036036036033, 30.013063063063061 ] ] ] } },
{ "type": "Feature", "properties": { "cell_id": 127, "node_count": 155.0, "total_length": 19137.08984375, "avg_degree": 2.5032258033752441 }, "geometry": { "type": "Polygon", "coordinates": [ [ [ 31.236036036036033, 30.017567567567568 ], [ 31.236036036036033, 30.022072072072071 ], [ 31.23153153153153, 30.022072072072071 ], [ 31.23153153153153, 30.017567567567568 ], [ 31.236036036036033, 30.017567567567568 ] ] ] } },
{ "type": "Feature", "properties": { "cell_id": 128, "node_count": 167.0, "total_length": 18805.28125, "avg_degree": 2.4071855545043945 }, "geometry": { "type": "Polygon", "coordinates": [ [ [ 31.24054054054054, 29.95 ], [ 31.24054054054054, 29.954504504504502 ], [ 31.236036036036037, 29.954504504504502 ], [ 31.236036036036037, 29.95 ], [ 31.24054054054054, 29.95 ] ] ] } },
{ "type": "Feature", "properties": { "cell_id": 129, "node_count": 52.0, "total_length": 9789.8056640625, "avg_degree": 2.711538553237915 }, "geometry": { "type": "Polygon", "coordinates": [ [ [ 31.24054054054054, 29.954504504504502 ], [ 31.24054054054054, 29.959009009009005 ], [ 31.236036036036037, 29.959009009009005 ], [ 31.236036036036037, 29.954504504504502 ], [ 31.24054054054054, 29.954504504504502 ] ] ] } },
{ "type": "Feature", "properties": { "cell_id": 130, "node_count": 0.0, "total_length": 0.0, "avg_degree": 0.0 }, "geometry": { "type": "Polygon", "coordinates": [ [ [ 31.24054054054054, 29.959009009009009 ], [ 31.24054054054054, 29.963513513513512 ], [ 31.236036036036037, 29.963513513513512 ], [ 31.236036036036037, 29.959009009009009 ], [ 31.24054054054054, 29.959009009009009 ] ] ] } },
{ "type": "Feature", "properties": { "cell_id": 131, "node_count": 2.0, "total_length": 2593.814453125, "avg_degree": 3.5 }, "geometry": { "type": "Polygon", "coordinates": [ [ [ 31.24054054054054, 29.963513513513512 ], [ 31.24054054054054, 29.968018018018014 ], [ 31.236036036036037, 29.968018018018014 ], [ 31.236036036036037, 29.963513513513512 ], [ 31.24054054054054, 29.963513513513512 ] ] ] } },
{ "type": "Feature", "properties": { "cell_id": 132, "node_count": 11.0, "total_length": 4310.41455078125, "avg_degree": 2.2727272510528564 }, "geometry": { "type": "Polygon", "coordinates": [ [ [ 31.24054054054054, 29.968018018018018 ], [ 31.24054054054054, 29.972522522522521 ], [ 31.236036036036037, 29.972522522522521 ], [ 31.236036036036037, 29.968018018018018 ], [ 31.24054054054054, 29.968018018018018 ] ] ] } },
{ "type": "Feature", "properties": { "cell_id": 133, "node_count": 133.0, "total_length": 18819.580078125, "avg_degree": 2.6766917705535889 }, "geometry": { "type": "Polygon", "coordinates": [ [ [ 31.24054054054054, 29.972522522522521 ], [ 31.24054054054054, 29.977027027027024 ], [ 31.236036036036037, 29.977027027027024 ], [ 31.236036036036037, 29.972522522522521 ], [ 31.24054054054054, 29.972522522522521 ] ] ] } },
{ "type": "Feature", "properties": { "cell_id": 134, "node_count": 147.0, "total_length": 26859.96875, "avg_degree": 3.0204081535339355 }, "geometry": { "type": "Polygon", "coordinates": [ [ [ 31.24054054054054, 29.977027027027027 ], [ 31.24054054054054, 29.98153153153153 ], [ 31.236036036036037, 29.98153153153153 ], [ 31.236036036036037, 29.977027027027027 ], [ 31.24054054054054, 29.977027027027027 ] ] ] } },
{ "type": "Feature", "properties": { "cell_id": 135, "node_count": 108.0, "total_length": 17693.35546875, "avg_degree": 2.7407407760620117 }, "geometry": { "type": "Polygon", "coordinates": [ [ [ 31.24054054054054, 29.98153153153153 ], [ 31.24054054054054, 29.986036036036033 ], [ 31.236036036036037, 29.986036036036033 ], [ 31.236036036036037, 29.98153153153153 ], [ 31.24054054054054, 29.98153153153153 ] ] ] } },
{ "type": "Feature", "properties": { "cell_id": 136, "node_count": 22.0, "total_length": 6095.77099609375, "avg_degree": 2.5454545021057129 }, "geometry": { "type": "Polygon", "coordinates": [ [ [ 31.24054054054054, 29.986036036036037 ], [ 31.24054054054054, 29.99054054054054 ], [ 31.236036036036037, 29.99054054054054 ], [ 31.236036036036037, 29.986036036036037 ], [ 31.24054054054054, 29.986036036036037 ] ] ] } },
{ "type": "Feature", "properties": { "cell_id": 137, "node_count": 157.0, "total_length": 26883.986328125, "avg_degree": 2.5668790340423584 }, "geometry": { "type": "Polygon", "coordinates": [ [ [ 31.24054054054054, 29.99054054054054 ], [ 31.24054054054054, 29.995045045045043 ], [ 31.236036036036037, 29.995045045045043 ], [ 31.236036036036037, 29.99054054054054 ], [ 31.24054054054054, 29.99054054054054 ] ] ] } },
{ "type": "Feature", "properties": { "cell_id": 138, "node_count": 174.0, "total_length": 16056.25390625, "avg_degree": 2.4252872467041016 }, "geometry": { "type": "Polygon", "coordinates": [ [ [ 31.24054054054054, 29.995045045045046 ], [ 31.24054054054054, 29.999549549549549 ], [ 31.236036036036037, 29.999549549549549 ], [ 31.236036036036037, 29.995045045045046 ], [ 31.24054054054054, 29.995045045045046 ] ] ] } },
{ "type": "Feature", "properties": { "cell_id": 139, "node_count": 27.0, "total_length": 5492.111328125, "avg_degree": 2.4814815521240234 }, "geometry": { "type": "Polygon", "coordinates": [ [ [ 31.24054054054054, 29.999549549549549 ], [ 31.24054054054054, 30.004054054054052 ], [ 31.236036036036037, 30.004054054054052 ], [ 31.236036036036037, 29.999549549549549 ], [ 31.24054054054054, 29.999549549549549 ] ] ] } },
{ "type": "Feature", "properties": { "cell_id": 140, "node_count": 0.0, "total_length": 0.0, "avg_degree": 0.0 }, "geometry": { "type": "Polygon", "coordinates": [ [ [ 31.24054054054054, 30.004054054054052 ], [ 31.24054054054054, 30.008558558558555 ], [ 31.236036036036037, 30.008558558558555 ], [ 31.236036036036037, 30.004054054054052 ], [ 31.24054054054054, 30.004054054054052 ] ] ] } },
{ "type": "Feature", "properties": { "cell_id": 141, "node_count": 6.0, "total_length": 1076.0767822265625, "avg_degree": 2.6666667461395264 }, "geometry": { "type": "Polygon", "coordinates": [ [ [ 31.24054054054054, 30.008558558558558 ], [ 31.24054054054054, 30.013063063063061 ], [ 31.236036036036037, 30.013063063063061 ], [ 31.236036036036037, 30.008558558558558 ], [ 31.24054054054054, 30.008558558558558 ] ] ] } },
{ "type": "Feature", "properties": { "cell_id": 142, "node_count": 69.0, "total_length": 13125.435546875, "avg_degree": 2.9420289993286133 }, "geometry": { "type": "Polygon", "coordinates": [ [ [ 31.24054054054054, 30.013063063063061 ], [ 31.24054054054054, 30.017567567567564 ], [ 31.236036036036037, 30.017567567567564 ], [ 31.236036036036037, 30.013063063063061 ], [ 31.24054054054054, 30.013063063063061 ] ] ] } },
{ "type": "Feature", "properties": { "cell_id": 143, "node_count": 33.0, "total_length": 8208.2763671875, "avg_degree": 2.8484847545623779 }, "geometry": { "type": "Polygon", "coordinates": [ [ [ 31.24054054054054, 30.017567567567568 ], [ 31.24054054054054, 30.022072072072071 ], [ 31.236036036036037, 30.022072072072071 ], [ 31.236036036036037, 30.017567567567568 ], [ 31.24054054054054, 30.017567567567568 ] ] ] } },
{ "type": "Feature", "properties": { "cell_id": 144, "node_count": 110.0, "total_length": 15350.0517578125, "avg_degree": 2.5363636016845703 }, "geometry": { "type": "Polygon", "coordinates": [ [ [ 31.245045045045043, 29.95 ], [ 31.245045045045043, 29.954504504504502 ], [ 31.24054054054054, 29.954504504504502 ], [ 31.24054054054054, 29.95 ], [ 31.245045045045043, 29.95 ] ] ] } },
{ "type": "Feature", "properties": { "cell_id": 145, "node_count": 9.0, "total_length": 1796.3477783203125, "avg_degree": 2.5555555820465088 }, "geometry": { "type": "Polygon", "coordinates": [ [ [ 31.245045045045043, 29.954504504504502 ], [ 31.245045045045043, 29.959009009009005 ], [ 31.24054054054054, 29.959009009009005 ], [ 31.24054054054054, 29.954504504504502 ], [ 31.245045045045043, 29.954504504504502 ] ] ] } },
{ "type": "Feature", "properties": { "cell_id": 146, "node_count": 0.0, "total_length": 0.0, "avg_degree": 0.0 }, "geometry": { "type": "Polygon", "coordinates": [ [ [ 31.245045045045043, 29.959009009009009 ], [ 31.245045045045043, 29.963513513513512 ], [ 31.24054054054054, 29.963513513513512 ], [ 31.24054054054054, 29.959009009009009 ], [ 31.245045045045043, 29.959009009009009 ] ] ] } },
{ "type": "Feature", "properties": { "cell_id": 147, "node_count": 10.0, "total_length": 2944.563232421875, "avg_degree": 3.4000000953674316 }, "geometry": { "type": "Polygon", "coordinates": [ [ [ 31.245045045045043, 29.963513513513512 ], [ 31.245045045045043, 29.968018018018014 ], [ 31.24054054054054, 29.968018018018014 ], [ 31.24054054054054, 29.963513513513512 ], [ 31.245045045045043, 29.963513513513512 ] ] ] } },
{ "type": "Feature", "properties": { "cell_id": 148, "node_count": 40.0, "total_length": 5757.23876953125, "avg_degree": 2.6749999523162842 }, "geometry": { "type": "Polygon", "coordinates": [ [ [ 31.245045045045043, 29.968018018018018 ], [ 31.245045045045043, 29.972522522522521 ], [ 31.24054054054054, 29.972522522522521 ], [ 31.24054054054054, 29.968018018018018 ], [ 31.245045045045043, 29.968018018018018 ] ] ] } },
{ "type": "Feature", "properties": { "cell_id": 149, "node_count": 150.0, "total_length": 23847.931640625, "avg_degree": 2.7200000286102295 }, "geometry": { "type": "Polygon", "coordinates": [ [ [ 31.245045045045043, 29.972522522522521 ], [ 31.245045045045043, 29.977027027027024 ], [ 31.24054054054054, 29.977027027027024 ], [ 31.24054054054054, 29.972522522522521 ], [ 31.245045045045043, 29.972522522522521 ] ] ] } },
{ "type": "Feature", "properties": { "cell_id": 150, "node_count": 93.0, "total_length": 22880.369140625, "avg_degree": 2.6989247798919678 }, "geometry": { "type": "Polygon", "coordinates": [ [ [ 31.245045045045043, 29.977027027027027 ], [ 31.245045045045043, 29.98153153153153 ], [ 31.24054054054054, 29.98153153153153 ], [ 31.24054054054054, 29.977027027027027 ], [ 31.245045045045043, 29.977027027027027 ] ] ] } },
{ "type": "Feature", "properties": { "cell_id": 151, "node_count": 131.0, "total_length": 21363.369140625, "avg_degree": 2.8091602325439453 }, "geometry": { "type": "Polygon", "coordinates": [ [ [ 31.245045045045043, 29.98153153153153 ], [ 31.245045045045043, 29.986036036036033 ], [ 31.24054054054054, 29.986036036036033 ], [ 31.24054054054054, 29.98153153153153 ], [ 31.245045045045043, 29.98153153153153 ] ] ] } },
{ "type": "Feature", "properties": { "cell_id": 152, "node_count": 196.0, "total_length": 22891.177734375, "avg_degree": 2.6224489212036133 }, "geometry": { "type": "Polygon", "coordinates": [ [ [ 31.245045045045043, 29.986036036036037 ], [ 31.245045045045043, 29.99054054054054 ], [ 31.24054054054054, 29.99054054054054 ], [ 31.24054054054054, 29.986036036036037 ], [ 31.245045045045043, 29.986036036036037 ] ] ] } },
{ "type": "Feature", "properties": { "cell_id": 153, "node_count": 161.0, "total_length": 21897.390625, "avg_degree": 2.5962731838226318 }, "geometry": { "type": "Polygon", "coordinates": [ [ [ 31.245045045045043, 29.99054054054054 ], [ 31.245045045045043, 29.995045045045043 ], [ 31.24054054054054, 29.995045045045043 ], [ 31.24054054054054, 29.99054054054054 ], [ 31.245045045045043, 29.99054054054054 ] ] ] } },
{ "type": "Feature", "properties": { "cell_id": 154, "node_count": 174.0, "total_length": 21149.494140625, "avg_degree": 2.7068965435028076 }, "geometry": { "type": "Polygon", "coordinates": [ [ [ 31.245045045045043, 29.995045045045046 ], [ 31.245045045045043, 29.999549549549549 ], [ 31.24054054054054, 29.999549549549549 ], [ 31.24054054054054, 29.995045045045046 ], [ 31.245045045045043, 29.995045045045046 ] ] ] } },
{ "type": "Feature", "properties": { "cell_id": 155, "node_count": 48.0, "total_length": 13330.1064453125, "avg_degree": 2.9791667461395264 }, "geometry": { "type": "Polygon", "coordinates": [ [ [ 31.245045045045043, 29.999549549549549 ], [ 31.245045045045043, 30.004054054054052 ], [ 31.24054054054054, 30.004054054054052 ], [ 31.24054054054054, 29.999549549549549 ], [ 31.245045045045043, 29.999549549549549 ] ] ] } },
{ "type": "Feature", "properties": { "cell_id": 156, "node_count": 0.0, "total_length": 2298.920654296875, "avg_degree": 0.0 }, "geometry": { "type": "Polygon", "coordinates": [ [ [ 31.245045045045043, 30.004054054054052 ], [ 31.245045045045043, 30.008558558558555 ], [ 31.24054054054054, 30.008558558558555 ], [ 31.24054054054054, 30.004054054054052 ], [ 31.245045045045043, 30.004054054054052 ] ] ] } },
{ "type": "Feature", "properties": { "cell_id": 157, "node_count": 4.0, "total_length": 1243.4661865234375, "avg_degree": 1.5 }, "geometry": { "type": "Polygon", "coordinates": [ [ [ 31.245045045045043, 30.008558558558558 ], [ 31.245045045045043, 30.013063063063061 ], [ 31.24054054054054, 30.013063063063061 ], [ 31.24054054054054, 30.008558558558558 ], [ 31.245045045045043, 30.008558558558558 ] ] ] } },
{ "type": "Feature", "properties": { "cell_id": 158, "node_count": 108.0, "total_length": 16831.853515625, "avg_degree": 3.0740740299224854 }, "geometry": { "type": "Polygon", "coordinates": [ [ [ 31.245045045045043, 30.013063063063061 ], [ 31.245045045045043, 30.017567567567564 ], [ 31.24054054054054, 30.017567567567564 ], [ 31.24054054054054, 30.013063063063061 ], [ 31.245045045045043, 30.013063063063061 ] ] ] } },
{ "type": "Feature", "properties": { "cell_id": 159, "node_count": 109.0, "total_length": 17797.33984375, "avg_degree": 3.0366971492767334 }, "geometry": { "type": "Polygon", "coordinates": [ [ [ 31.245045045045043, 30.017567567567568 ], [ 31.245045045045043, 30.022072072072071 ], [ 31.24054054054054, 30.022072072072071 ], [ 31.24054054054054, 30.017567567567568 ], [ 31.245045045045043, 30.017567567567568 ] ] ] } },
{ "type": "Feature", "properties": { "cell_id": 160, "node_count": 1.0, "total_length": 243.13119506835938, "avg_degree": 1.0 }, "geometry": { "type": "Polygon", "coordinates": [ [ [ 31.249549549549549, 29.95 ], [ 31.249549549549549, 29.954504504504502 ], [ 31.245045045045046, 29.954504504504502 ], [ 31.245045045045046, 29.95 ], [ 31.249549549549549, 29.95 ] ] ] } },
{ "type": "Feature", "properties": { "cell_id": 161, "node_count": 0.0, "total_length": 1067.933837890625, "avg_degree": 0.0 }, "geometry": { "type": "Polygon", "coordinates": [ [ [ 31.249549549549549, 29.954504504504502 ], [ 31.249549549549549, 29.959009009009005 ], [ 31.245045045045046, 29.959009009009005 ], [ 31.245045045045046, 29.954504504504502 ], [ 31.249549549549549, 29.954504504504502 ] ] ] } },
{ "type": "Feature", "properties": { "cell_id": 162, "node_count": 23.0, "total_length": 6651.703125, "avg_degree": 3.1304347515106201 }, "geometry": { "type": "Polygon", "coordinates": [ [ [ 31.249549549549549, 29.959009009009009 ], [ 31.249549549549549, 29.963513513513512 ], [ 31.245045045045046, 29.963513513513512 ], [ 31.245045045045046, 29.959009009009009 ], [ 31.249549549549549, 29.959009009009009 ] ] ] } },
{ "type": "Feature", "properties": { "cell_id": 163, "node_count": 32.0, "total_length": 8444.0322265625, "avg_degree": 3.25 }, "geometry": { "type": "Polygon", "coordinates": [ [ [ 31.249549549549549, 29.963513513513512 ], [ 31.249549549549549, 29.968018018018014 ], [ 31.245045045045046, 29.968018018018014 ], [ 31.245045045045046, 29.963513513513512 ], [ 31.249549549549549, 29.963513513513512 ] ] ] } },
{ "type": "Feature", "properties": { "cell_id": 164, "node_count": 32.0, "total_length": 6368.3681640625, "avg_degree": 3.1875 }, "geometry": { "type": "Polygon", "coordinates": [ [ [ 31.249549549549549, 29.968018018018018 ], [ 31.249549549549549, 29.972522522522521 ], [ 31.245045045045046, 29.972522522522521 ], [ 31.245045045045046, 29.968018018018018 ], [ 31.249549549549549, 29.968018018018018 ] ] ] } },
{ "type": "Feature", "properties": { "cell_id": 165, "node_count": 66.0, "total_length": 15215.6298828125, "avg_degree": 2.8636362552642822 }, "geometry": { "type": "Polygon", "coordinates": [ [ [ 31.249549549549549, 29.972522522522521 ], [ 31.249549549549549, 29.977027027027024 ], [ 31.245045045045046, 29.977027027027024 ], [ 31.245045045045046, 29.972522522522521 ], [ 31.249549549549549, 29.972522522522521 ] ] ] } },
{ "type": "Feature", "properties": { "cell_id": 166, "node_count": 40.0, "total_length": 8142.21875, "avg_degree": 2.875 }, "geometry": { "type": "Polygon", "coordinates": [ [ [ 31.249549549549549, 29.977027027027027 ], [ 31.249549549549549, 29.98153153153153 ], [ 31.245045045045046, 29.98153153153153 ], [ 31.245045045045046, 29.977027027027027 ], [ 31.249549549549549, 29.977027027027027 ] ] ] } },
{ "type": "Feature", "properties": { "cell_id": 167, "node_count": 64.0, "total_length": 12955.802734375, "avg_degree": 2.515625 }, "geometry": { "type": "Polygon", "coordinates": [ [ [ 31.249549549549549, 29.98153153153153 ], [ 31.249549549549549, 29.986036036036033 ], [ 31.245045045045046, 29.986036036036033 ], [ 31.245045045045046, 29.98153153153153 ], [ 31.249549549549549, 29.98153153153153 ] ] ] } },
{ "type": "Feature", "properties": { "cell_id": 168, "node_count": 191.0, "total_length": 23262.865234375, "avg_degree": 2.4345550537109375 }, "geometry": { "type": "Polygon", "coordinates": [ [ [ 31.249549549549549, 29.986036036036037 ], [ 31.249549549549549, 29.99054054054054 ], [ 31.245045045045046, 29.99054054054054 ], [ 31.245045045045046, 29.986036036036037 ], [ 31.249549549549549, 29.986036036036037 ] ] ] } },
{ "type": "Feature", "properties": { "cell_id": 169, "node_count": 198.0, "total_length": 24924.091796875, "avg_degree": 2.7121212482452393 }, "geometry": { "type": "Polygon", "coordinates": [ [ [ 31.249549549549549, 29.99054054054054 ], [ 31.249549549549549, 29.995045045045043 ], [ 31.245045045045046, 29.995045045045043 ], [ 31.245045045045046, 29.99054054054054 ], [ 31.249549549549549, 29.99054054054054 ] ] ] } },
{ "type": "Feature", "properties": { "cell_id": 170, "node_count": 142.0, "total_length": 18861.560546875, "avg_degree": 2.7183098793029785 }, "geometry": { "type": "Polygon", "coordinates": [ [ [ 31.249549549549549, 29.995045045045046 ], [ 31.249549549549549, 29.999549549549549 ], [ 31.245045045045046, 29.999549549549549 ], [ 31.245045045045046, 29.995045045045046 ], [ 31.249549549549549, 29.995045045045046 ] ] ] } },
{ "type": "Feature", "properties": { "cell_id": 171, "node_count": 27.0, "total_length": 7914.58837890625, "avg_degree": 2.7777776718139648 }, "geometry": { "type": "Polygon", "coordinates": [ [ [ 31.249549549549549, 29.999549549549549 ], [ 31.249549549549549, 30.004054054054052 ], [ 31.245045045045046, 30.004054054054052 ], [ 31.245045045045046, 29.999549549549549 ], [ 31.249549549549549, 29.999549549549549 ] ] ] } },
{ "type": "Feature", "properties": { "cell_id": 172, "node_count": 13.0, "total_length": 5926.06298828125, "avg_degree": 2.923076868057251 }, "geometry": { "type": "Polygon", "coordinates": [ [ [ 31.249549549549549, 30.004054054054052 ], [ 31.249549549549549, 30.008558558558555 ], [ 31.245045045045046, 30.008558558558555 ], [ 31.245045045045046, 30.004054054054052 ], [ 31.249549549549549, 30.004054054054052 ] ] ] } },
{ "type": "Feature", "properties": { "cell_id": 173, "node_count": 0.0, "total_length": 0.0, "avg_degree": 0.0 }, "geometry": { "type": "Polygon", "coordinates": [ [ [ 31.249549549549549, 30.008558558558558 ], [ 31.249549549549549, 30.013063063063061 ], [ 31.245045045045046, 30.013063063063061 ], [ 31.245045045045046, 30.008558558558558 ], [ 31.249549549549549, 30.008558558558558 ] ] ] } },
{ "type": "Feature", "properties": { "cell_id": 174, "node_count": 92.0, "total_length": 13472.27734375, "avg_degree": 2.9456522464752197 }, "geometry": { "type": "Polygon", "coordinates": [ [ [ 31.249549549549549, 30.013063063063061 ], [ 31.249549549549549, 30.017567567567564 ], [ 31.245045045045046, 30.017567567567564 ], [ 31.245045045045046, 30.013063063063061 ], [ 31.249549549549549, 30.013063063063061 ] ] ] } },
{ "type": "Feature", "properties": { "cell_id": 175, "node_count": 96.0, "total_length": 15231.8173828125, "avg_degree": 2.9895832538604736 }, "geometry": { "type": "Polygon", "coordinates": [ [ [ 31.249549549549549, 30.017567567567568 ], [ 31.249549549549549, 30.022072072072071 ], [ 31.245045045045046, 30.022072072072071 ], [ 31.245045045045046, 30.017567567567568 ], [ 31.249549549549549, 30.017567567567568 ] ] ] } },
{ "type": "Feature", "properties": { "cell_id": 176, "node_count": 0.0, "total_length": 0.0, "avg_degree": 0.0 }, "geometry": { "type": "Polygon", "coordinates": [ [ [ 31.254054054054052, 29.95 ], [ 31.254054054054052, 29.954504504504502 ], [ 31.249549549549549, 29.954504504504502 ], [ 31.249549549549549, 29.95 ], [ 31.254054054054052, 29.95 ] ] ] } },
{ "type": "Feature", "properties": { "cell_id": 177, "node_count": 33.0, "total_length": 6225.66064453125, "avg_degree": 3.1212120056152344 }, "geometry": { "type": "Polygon", "coordinates": [ [ [ 31.254054054054052, 29.954504504504502 ], [ 31.254054054054052, 29.959009009009005 ], [ 31.249549549549549, 29.959009009009005 ], [ 31.249549549549549, 29.954504504504502 ], [ 31.254054054054052, 29.954504504504502 ] ] ] } },
{ "type": "Feature", "properties": { "cell_id": 178, "node_count": 86.0, "total_length": 12359.1904296875, "avg_degree": 2.883720874786377 }, "geometry": { "type": "Polygon", "coordinates": [ [ [ 31.254054054054052, 29.959009009009009 ], [ 31.254054054054052, 29.963513513513512 ], [ 31.249549549549549, 29.963513513513512 ], [ 31.249549549549549, 29.959009009009009 ], [ 31.254054054054052, 29.959009009009009 ] ] ] } },
{ "type": "Feature", "properties": { "cell_id": 179, "node_count": 77.0, "total_length": 12970.431640625, "avg_degree": 3.0779221057891846 }, "geometry": { "type": "Polygon", "coordinates": [ [ [ 31.254054054054052, 29.963513513513512 ], [ 31.254054054054052, 29.968018018018014 ], [ 31.249549549549549, 29.968018018018014 ], [ 31.249549549549549, 29.963513513513512 ], [ 31.254054054054052, 29.963513513513512 ] ] ] } },
{ "type": "Feature", "properties": { "cell_id": 180, "node_count": 127.0, "total_length": 19495.974609375, "avg_degree": 2.6850392818450928 }, "geometry": { "type": "Polygon", "coordinates": [ [ [ 31.254054054054052, 29.968018018018018 ], [ 31.254054054054052, 29.972522522522521 ], [ 31.249549549549549, 29.972522522522521 ], [ 31.249549549549549, 29.968018018018018 ], [ 31.254054054054052, 29.968018018018018 ] ] ] } },
{ "type": "Feature", "properties": { "cell_id": 181, "node_count": 171.0, "total_length": 25248.578125, "avg_degree": 2.8421051502227783 }, "geometry": { "type": "Polygon", "coordinates": [ [ [ 31.254054054054052, 29.972522522522521 ], [ 31.254054054054052, 29.977027027027024 ], [ 31.249549549549549, 29.977027027027024 ], [ 31.249549549549549, 29.972522522522521 ], [ 31.254054054054052, 29.972522522522521 ] ] ] } },
{ "type": "Feature", "properties": { "cell_id": 182, "node_count": 170.0, "total_length": 25811.107421875, "avg_degree": 2.6411764621734619 }, "geometry": { "type": "Polygon", "coordinates": [ [ [ 31.254054054054052, 29.977027027027027 ], [ 31.254054054054052, 29.98153153153153 ], [ 31.249549549549549, 29.98153153153153 ], [ 31.249549549549549, 29.977027027027027 ], [ 31.254054054054052, 29.977027027027027 ] ] ] } },
{ "type": "Feature", "properties": { "cell_id": 183, "node_count": 96.0, "total_length": 18535.02734375, "avg_degree": 2.8854167461395264 }, "geometry": { "type": "Polygon", "coordinates": [ [ [ 31.254054054054052, 29.98153153153153 ], [ 31.254054054054052, 29.986036036036033 ], [ 31.249549549549549, 29.986036036036033 ], [ 31.249549549549549, 29.98153153153153 ], [ 31.254054054054052, 29.98153153153153 ] ] ] } },
{ "type": "Feature", "properties": { "cell_id": 184, "node_count": 170.0, "total_length": 19756.23046875, "avg_degree": 2.6647059917449951 }, "geometry": { "type": "Polygon", "coordinates": [ [ [ 31.254054054054052, 29.986036036036037 ], [ 31.254054054054052, 29.99054054054054 ], [ 31.249549549549549, 29.99054054054054 ], [ 31.249549549549549, 29.986036036036037 ], [ 31.254054054054052, 29.986036036036037 ] ] ] } },
{ "type": "Feature", "properties": { "cell_id": 185, "node_count": 172.0, "total_length": 24668.263671875, "avg_degree": 2.9883720874786377 }, "geometry": { "type": "Polygon", "coordinates": [ [ [ 31.254054054054052, 29.99054054054054 ], [ 31.254054054054052, 29.995045045045043 ], [ 31.249549549549549, 29.995045045045043 ], [ 31.249549549549549, 29.99054054054054 ], [ 31.254054054054052, 29.99054054054054 ] ] ] } },
{ "type": "Feature", "properties": { "cell_id": 186, "node_count": 98.0, "total_length": 13608.0458984375, "avg_degree": 2.7040815353393555 }, "geometry": { "type": "Polygon", "coordinates": [ [ [ 31.254054054054052, 29.995045045045046 ], [ 31.254054054054052, 29.999549549549549 ], [ 31.249549549549549, 29.999549549549549 ], [ 31.249549549549549, 29.995045045045046 ], [ 31.254054054054052, 29.995045045045046 ] ] ] } },
{ "type": "Feature", "properties": { "cell_id": 187, "node_count": 11.0, "total_length": 3594.1181640625, "avg_degree": 3.2727272510528564 }, "geometry": { "type": "Polygon", "coordinates": [ [ [ 31.254054054054052, 29.999549549549549 ], [ 31.254054054054052, 30.004054054054052 ], [ 31.249549549549549, 30.004054054054052 ], [ 31.249549549549549, 29.999549549549549 ], [ 31.254054054054052, 29.999549549549549 ] ] ] } },
{ "type": "Feature", "properties": { "cell_id": 188, "node_count": 23.0, "total_length": 9542.3095703125, "avg_degree": 3.0869565010070801 }, "geometry": { "type": "Polygon", "coordinates": [ [ [ 31.254054054054052, 30.004054054054052 ], [ 31.254054054054052, 30.008558558558555 ], [ 31.249549549549549, 30.008558558558555 ], [ 31.249549549549549, 30.004054054054052 ], [ 31.254054054054052, 30.004054054054052 ] ] ] } },
{ "type": "Feature", "properties": { "cell_id": 189, "node_count": 2.0, "total_length": 1347.169921875, "avg_degree": 3.0 }, "geometry": { "type": "Polygon", "coordinates": [ [ [ 31.254054054054052, 30.008558558558558 ], [ 31.254054054054052, 30.013063063063061 ], [ 31.249549549549549, 30.013063063063061 ], [ 31.249549549549549, 30.008558558558558 ], [ 31.254054054054052, 30.008558558558558 ] ] ] } },
{ "type": "Feature", "properties": { "cell_id": 190, "node_count": 32.0, "total_length": 7103.79345703125, "avg_degree": 2.6875 }, "geometry": { "type": "Polygon", "coordinates": [ [ [ 31.254054054054052, 30.013063063063061 ], [ 31.254054054054052, 30.017567567567564 ], [ 31.249549549549549, 30.017567567567564 ], [ 31.249549549549549, 30.013063063063061 ], [ 31.254054054054052, 30.013063063063061 ] ] ] } },
{ "type": "Feature", "properties": { "cell_id": 191, "node_count": 19.0, "total_length": 8317.00390625, "avg_degree": 3.0 }, "geometry": { "type": "Polygon", "coordinates": [ [ [ 31.254054054054052, 30.017567567567568 ], [ 31.254054054054052, 30.022072072072071 ], [ 31.249549549549549, 30.022072072072071 ], [ 31.249549549549549, 30.017567567567568 ], [ 31.254054054054052, 30.017567567567568 ] ] ] } },
{ "type": "Feature", "properties": { "cell_id": 192, "node_count": 5.0, "total_length": 3933.889404296875, "avg_degree": 3.0 }, "geometry": { "type": "Polygon", "coordinates": [ [ [ 31.258558558558555, 29.95 ], [ 31.258558558558555, 29.954504504504502 ], [ 31.254054054054052, 29.954504504504502 ], [ 31.254054054054052, 29.95 ], [ 31.258558558558555, 29.95 ] ] ] } },
{ "type": "Feature", "properties": { "cell_id": 193, "node_count": 39.0, "total_length": 11780.81640625, "avg_degree": 3.153846263885498 }, "geometry": { "type": "Polygon", "coordinates": [ [ [ 31.258558558558555, 29.954504504504502 ], [ 31.258558558558555, 29.959009009009005 ], [ 31.254054054054052, 29.959009009009005 ], [ 31.254054054054052, 29.954504504504502 ], [ 31.258558558558555, 29.954504504504502 ] ] ] } },
{ "type": "Feature", "properties": { "cell_id": 194, "node_count": 113.0, "total_length": 13880.7158203125, "avg_degree": 2.5840706825256348 }, "geometry": { "type": "Polygon", "coordinates": [ [ [ 31.258558558558555, 29.959009009009009 ], [ 31.258558558558555, 29.963513513513512 ], [ 31.254054054054052, 29.963513513513512 ], [ 31.254054054054052, 29.959009009009009 ], [ 31.258558558558555, 29.959009009009009 ] ] ] } },
{ "type": "Feature", "properties": { "cell_id": 195, "node_count": 59.0, "total_length": 12681.48046875, "avg_degree": 3.0338983535766602 }, "geometry": { "type": "Polygon", "coordinates": [ [ [ 31.258558558558555, 29.963513513513512 ], [ 31.258558558558555, 29.968018018018014 ], [ 31.254054054054052, 29.968018018018014 ], [ 31.254054054054052, 29.963513513513512 ], [ 31.258558558558555, 29.963513513513512 ] ] ] } },
{ "type": "Feature", "properties": { "cell_id": 196, "node_count": 194.0, "total_length": 21046.796875, "avg_degree": 2.597938060760498 }, "geometry": { "type": "Polygon", "coordinates": [ [ [ 31.258558558558555, 29.968018018018018 ], [ 31.258558558558555, 29.972522522522521 ], [ 31.254054054054052, 29.972522522522521 ], [ 31.254054054054052, 29.968018018018018 ], [ 31.258558558558555, 29.968018018018018 ] ] ] } },
{ "type": "Feature", "properties": { "cell_id": 197, "node_count": 193.0, "total_length": 23933.33984375, "avg_degree": 2.7512953281402588 }, "geometry": { "type": "Polygon", "coordinates": [ [ [ 31.258558558558555, 29.972522522522521 ], [ 31.258558558558555, 29.977027027027024 ], [ 31.254054054054052, 29.977027027027024 ], [ 31.254054054054052, 29.972522522522521 ], [ 31.258558558558555, 29.972522522522521 ] ] ] } },
{ "type": "Feature", "properties": { "cell_id": 198, "node_count": 140.0, "total_length": 24113.677734375, "avg_degree": 2.9285714626312256 }, "geometry": { "type": "Polygon", "coordinates": [ [ [ 31.258558558558555, 29.977027027027027 ], [ 31.258558558558555, 29.98153153153153 ], [ 31.254054054054052, 29.98153153153153 ], [ 31.254054054054052, 29.977027027027027 ], [ 31.258558558558555, 29.977027027027027 ] ] ] } },
{ "type": "Feature", "properties": { "cell_id": 199, "node_count": 119.0, "total_length": 20984.138671875, "avg_degree": 2.9411764144897461 }, "geometry": { "type": "Polygon", "coordinates": [ [ [ 31.258558558558555, 29.98153153153153 ], [ 31.258558558558555, 29.986036036036033 ], [ 31.254054054054052, 29.986036036036033 ], [ 31.254054054054052, 29.98153153153153 ], [ 31.258558558558555, 29.98153153153153 ] ] ] } },
{ "type": "Feature", "properties": { "cell_id": 200, "node_count": 215.0, "total_length": 29532.517578125, "avg_degree": 2.8093023300170898 }, "geometry": { "type": "Polygon", "coordinates": [ [ [ 31.258558558558555, 29.986036036036037 ], [ 31.258558558558555, 29.99054054054054 ], [ 31.254054054054052, 29.99054054054054 ], [ 31.254054054054052, 29.986036036036037 ], [ 31.258558558558555, 29.986036036036037 ] ] ] } },
{ "type": "Feature", "properties": { "cell_id": 201, "node_count": 45.0, "total_length": 18839.552734375, "avg_degree": 2.8888888359069824 }, "geometry": { "type": "Polygon", "coordinates": [ [ [ 31.258558558558555, 29.99054054054054 ], [ 31.258558558558555, 29.995045045045043 ], [ 31.254054054054052, 29.995045045045043 ], [ 31.254054054054052, 29.99054054054054 ], [ 31.258558558558555, 29.99054054054054 ] ] ] } },
{ "type": "Feature", "properties": { "cell_id": 202, "node_count": 22.0, "total_length": 11622.560546875, "avg_degree": 3.0909090042114258 }, "geometry": { "type": "Polygon", "coordinates": [ [ [ 31.258558558558555, 29.995045045045046 ], [ 31.258558558558555, 29.999549549549549 ], [ 31.254054054054052, 29.999549549549549 ], [ 31.254054054054052, 29.995045045045046 ], [ 31.258558558558555, 29.995045045045046 ] ] ] } },
{ "type": "Feature", "properties": { "cell_id": 203, "node_count": 6.0, "total_length": 6040.8212890625, "avg_degree": 3.1666667461395264 }, "geometry": { "type": "Polygon", "coordinates": [ [ [ 31.258558558558555, 29.999549549549549 ], [ 31.258558558558555, 30.004054054054052 ], [ 31.254054054054052, 30.004054054054052 ], [ 31.254054054054052, 29.999549549549549 ], [ 31.258558558558555, 29.999549549549549 ] ] ] } },
{ "type": "Feature", "properties": { "cell_id": 204, "node_count": 51.0, "total_length": 13832.91796875, "avg_degree": 2.7254900932312012 }, "geometry": { "type": "Polygon", "coordinates": [ [ [ 31.258558558558555, 30.004054054054052 ], [ 31.258558558558555, 30.008558558558555 ], [ 31.254054054054052, 30.008558558558555 ], [ 31.254054054054052, 30.004054054054052 ], [ 31.258558558558555, 30.004054054054052 ] ] ] } },
{ "type": "Feature", "properties": { "cell_id": 205, "node_count": 26.0, "total_length": 6576.29150390625, "avg_degree": 2.384615421295166 }, "geometry": { "type": "Polygon", "coordinates": [ [ [ 31.258558558558555, 30.008558558558558 ], [ 31.258558558558555, 30.013063063063061 ], [ 31.254054054054052, 30.013063063063061 ], [ 31.254054054054052, 30.008558558558558 ], [ 31.258558558558555, 30.008558558558558 ] ] ] } },
{ "type": "Feature", "properties": { "cell_id": 206, "node_count": 13.0, "total_length": 6283.05029296875, "avg_degree": 2.846153736114502 }, "geometry": { "type": "Polygon", "coordinates": [ [ [ 31.258558558558555, 30.013063063063061 ], [ 31.258558558558555, 30.017567567567564 ], [ 31.254054054054052, 30.017567567567564 ], [ 31.254054054054052, 30.013063063063061 ], [ 31.258558558558555, 30.013063063063061 ] ] ] } },
{ "type": "Feature", "properties": { "cell_id": 207, "node_count": 108.0, "total_length": 10548.814453125, "avg_degree": 2.4722223281860352 }, "geometry": { "type": "Polygon", "coordinates": [ [ [ 31.258558558558555, 30.017567567567568 ], [ 31.258558558558555, 30.022072072072071 ], [ 31.254054054054052, 30.022072072072071 ], [ 31.254054054054052, 30.017567567567568 ], [ 31.258558558558555, 30.017567567567568 ] ] ] } },
{ "type": "Feature", "properties": { "cell_id": 208, "node_count": 11.0, "total_length": 7212.263671875, "avg_degree": 3.0909090042114258 }, "geometry": { "type": "Polygon", "coordinates": [ [ [ 31.263063063063061, 29.95 ], [ 31.263063063063061, 29.954504504504502 ], [ 31.258558558558558, 29.954504504504502 ], [ 31.258558558558558, 29.95 ], [ 31.263063063063061, 29.95 ] ] ] } },
{ "type": "Feature", "properties": { "cell_id": 209, "node_count": 36.0, "total_length": 9599.4716796875, "avg_degree": 3.1944444179534912 }, "geometry": { "type": "Polygon", "coordinates": [ [ [ 31.263063063063061, 29.954504504504502 ], [ 31.263063063063061, 29.959009009009005 ], [ 31.258558558558558, 29.959009009009005 ], [ 31.258558558558558, 29.954504504504502 ], [ 31.263063063063061, 29.954504504504502 ] ] ] } },
{ "type": "Feature", "properties": { "cell_id": 210, "node_count": 55.0, "total_length": 9215.1318359375, "avg_degree": 2.8909091949462891 }, "geometry": { "type": "Polygon", "coordinates": [ [ [ 31.263063063063061, 29.959009009009009 ], [ 31.263063063063061, 29.963513513513512 ], [ 31.258558558558558, 29.963513513513512 ], [ 31.258558558558558, 29.959009009009009 ], [ 31.263063063063061, 29.959009009009009 ] ] ] } },
{ "type": "Feature", "properties": { "cell_id": 211, "node_count": 144.0, "total_length": 13884.20703125, "avg_degree": 2.6666667461395264 }, "geometry": { "type": "Polygon", "coordinates": [ [ [ 31.263063063063061, 29.963513513513512 ], [ 31.263063063063061, 29.968018018018014 ], [ 31.258558558558558, 29.968018018018014 ], [ 31.258558558558558, 29.963513513513512 ], [ 31.263063063063061, 29.963513513513512 ] ] ] } },
{ "type": "Feature", "properties": { "cell_id": 212, "node_count": 235.0, "total_length": 25553.96484375, "avg_degree": 2.7446808815002441 }, "geometry": { "type": "Polygon", "coordinates": [ [ [ 31.263063063063061, 29.968018018018018 ], [ 31.263063063063061, 29.972522522522521 ], [ 31.258558558558558, 29.972522522522521 ], [ 31.258558558558558, 29.968018018018018 ], [ 31.263063063063061, 29.968018018018018 ] ] ] } },
{ "type": "Feature", "properties": { "cell_id": 213, "node_count": 230.0, "total_length": 27407.994140625, "avg_degree": 2.6695652008056641 }, "geometry": { "type": "Polygon", "coordinates": [ [ [ 31.263063063063061, 29.972522522522521 ], [ 31.263063063063061, 29.977027027027024 ], [ 31.258558558558558, 29.977027027027024 ], [ 31.258558558558558, 29.972522522522521 ], [ 31.263063063063061, 29.972522522522521 ] ] ] } },
{ "type": "Feature", "properties": { "cell_id": 214, "node_count": 136.0, "total_length": 24087.3046875, "avg_degree": 2.7867646217346191 }, "geometry": { "type": "Polygon", "coordinates": [ [ [ 31.263063063063061, 29.977027027027027 ], [ 31.263063063063061, 29.98153153153153 ], [ 31.258558558558558, 29.98153153153153 ], [ 31.258558558558558, 29.977027027027027 ], [ 31.263063063063061, 29.977027027027027 ] ] ] } },
{ "type": "Feature", "properties": { "cell_id": 215, "node_count": 184.0, "total_length": 25350.8046875, "avg_degree": 2.8804347515106201 }, "geometry": { "type": "Polygon", "coordinates": [ [ [ 31.263063063063061, 29.98153153153153 ], [ 31.263063063063061, 29.986036036036033 ], [ 31.258558558558558, 29.986036036036033 ], [ 31.258558558558558, 29.98153153153153 ], [ 31.263063063063061, 29.98153153153153 ] ] ] } },
{ "type": "Feature", "properties": { "cell_id": 216, "node_count": 192.0, "total_length": 27711.22265625, "avg_degree": 2.8854167461395264 }, "geometry": { "type": "Polygon", "coordinates": [ [ [ 31.263063063063061, 29.986036036036037 ], [ 31.263063063063061, 29.99054054054054 ], [ 31.258558558558558, 29.99054054054054 ], [ 31.258558558558558, 29.986036036036037 ], [ 31.263063063063061, 29.986036036036037 ] ] ] } },
{ "type": "Feature", "properties": { "cell_id": 217, "node_count": 24.0, "total_length": 11814.1806640625, "avg_degree": 3.0416667461395264 }, "geometry": { "type": "Polygon", "coordinates": [ [ [ 31.263063063063061, 29.99054054054054 ], [ 31.263063063063061, 29.995045045045043 ], [ 31.258558558558558, 29.995045045045043 ], [ 31.258558558558558, 29.99054054054054 ], [ 31.263063063063061, 29.99054054054054 ] ] ] } },
{ "type": "Feature", "properties": { "cell_id": 218, "node_count": 0.0, "total_length": 2672.89599609375, "avg_degree": 0.0 }, "geometry": { "type": "Polygon", "coordinates": [ [ [ 31.263063063063061, 29.995045045045046 ], [ 31.263063063063061, 29.999549549549549 ], [ 31.258558558558558, 29.999549549549549 ], [ 31.258558558558558, 29.995045045045046 ], [ 31.263063063063061, 29.995045045045046 ] ] ] } },
{ "type": "Feature", "properties": { "cell_id": 219, "node_count": 5.0, "total_length": 1693.08984375, "avg_degree": 2.2000000476837158 }, "geometry": { "type": "Polygon", "coordinates": [ [ [ 31.263063063063061, 29.999549549549549 ], [ 31.263063063063061, 30.004054054054052 ], [ 31.258558558558558, 30.004054054054052 ], [ 31.258558558558558, 29.999549549549549 ], [ 31.263063063063061, 29.999549549549549 ] ] ] } },
{ "type": "Feature", "properties": { "cell_id": 220, "node_count": 23.0, "total_length": 13151.9921875, "avg_degree": 2.6956522464752197 }, "geometry": { "type": "Polygon", "coordinates": [ [ [ 31.263063063063061, 30.004054054054052 ], [ 31.263063063063061, 30.008558558558555 ], [ 31.258558558558558, 30.008558558558555 ], [ 31.258558558558558, 30.004054054054052 ], [ 31.263063063063061, 30.004054054054052 ] ] ] } },
{ "type": "Feature", "properties": { "cell_id": 221, "node_count": 154.0, "total_length": 17304.921875, "avg_degree": 2.8571429252624512 }, "geometry": { "type": "Polygon", "coordinates": [ [ [ 31.263063063063061, 30.008558558558558 ], [ 31.263063063063061, 30.013063063063061 ], [ 31.258558558558558, 30.013063063063061 ], [ 31.258558558558558, 30.008558558558558 ], [ 31.263063063063061, 30.008558558558558 ] ] ] } },
{ "type": "Feature", "properties": { "cell_id": 222, "node_count": 54.0, "total_length": 9947.4482421875, "avg_degree": 2.8888888359069824 }, "geometry": { "type": "Polygon", "coordinates": [ [ [ 31.263063063063061, 30.013063063063061 ], [ 31.263063063063061, 30.017567567567564 ], [ 31.258558558558558, 30.017567567567564 ], [ 31.258558558558558, 30.013063063063061 ], [ 31.263063063063061, 30.013063063063061 ] ] ] } },
{ "type": "Feature", "properties": { "cell_id": 223, "node_count": 89.0, "total_length": 10652.158203125, "avg_degree": 3.3033707141876221 }, "geometry": { "type": "Polygon", "coordinates": [ [ [ 31.263063063063061, 30.017567567567568 ], [ 31.263063063063061, 30.022072072072071 ], [ 31.258558558558558, 30.022072072072071 ], [ 31.258558558558558, 30.017567567567568 ], [ 31.263063063063061, 30.017567567567568 ] ] ] } },
{ "type": "Feature", "properties": { "cell_id": 224, "node_count": 22.0, "total_length": 9318.12109375, "avg_degree": 3.2272727489471436 }, "geometry": { "type": "Polygon", "coordinates": [ [ [ 31.267567567567564, 29.95 ], [ 31.267567567567564, 29.954504504504502 ], [ 31.263063063063061, 29.954504504504502 ], [ 31.263063063063061, 29.95 ], [ 31.267567567567564, 29.95 ] ] ] } },
{ "type": "Feature", "properties": { "cell_id": 225, "node_count": 38.0, "total_length": 12847.681640625, "avg_degree": 3.4210526943206787 }, "geometry": { "type": "Polygon", "coordinates": [ [ [ 31.267567567567564, 29.954504504504502 ], [ 31.267567567567564, 29.959009009009005 ], [ 31.263063063063061, 29.959009009009005 ], [ 31.263063063063061, 29.954504504504502 ], [ 31.267567567567564, 29.954504504504502 ] ] ] } },
{ "type": "Feature", "properties": { "cell_id": 226, "node_count": 45.0, "total_length": 12254.2724609375, "avg_degree": 3.4666666984558105 }, "geometry": { "type": "Polygon", "coordinates": [ [ [ 31.267567567567564, 29.959009009009009 ], [ 31.267567567567564, 29.963513513513512 ], [ 31.263063063063061, 29.963513513513512 ], [ 31.263063063063061, 29.959009009009009 ], [ 31.267567567567564, 29.959009009009009 ] ] ] } },
{ "type": "Feature", "properties": { "cell_id": 227, "node_count": 31.0, "total_length": 9297.306640625, "avg_degree": 3.4838709831237793 }, "geometry": { "type": "Polygon", "coordinates": [ [ [ 31.267567567567564, 29.963513513513512 ], [ 31.267567567567564, 29.968018018018014 ], [ 31.263063063063061, 29.968018018018014 ], [ 31.263063063063061, 29.963513513513512 ], [ 31.267567567567564, 29.963513513513512 ] ] ] } },
{ "type": "Feature", "properties": { "cell_id": 228, "node_count": 179.0, "total_length": 17997.4765625, "avg_degree": 2.6424582004547119 }, "geometry": { "type": "Polygon", "coordinates": [ [ [ 31.267567567567564, 29.968018018018018 ], [ 31.267567567567564, 29.972522522522521 ], [ 31.263063063063061, 29.972522522522521 ], [ 31.263063063063061, 29.968018018018018 ], [ 31.267567567567564, 29.968018018018018 ] ] ] } },
{ "type": "Feature", "properties": { "cell_id": 229, "node_count": 141.0, "total_length": 21425.78125, "avg_degree": 3.085106372833252 }, "geometry": { "type": "Polygon", "coordinates": [ [ [ 31.267567567567564, 29.972522522522521 ], [ 31.267567567567564, 29.977027027027024 ], [ 31.263063063063061, 29.977027027027024 ], [ 31.263063063063061, 29.972522522522521 ], [ 31.267567567567564, 29.972522522522521 ] ] ] } },
{ "type": "Feature", "properties": { "cell_id": 230, "node_count": 186.0, "total_length": 22727.2109375, "avg_degree": 2.8118278980255127 }, "geometry": { "type": "Polygon", "coordinates": [ [ [ 31.267567567567564, 29.977027027027027 ], [ 31.267567567567564, 29.98153153153153 ], [ 31.263063063063061, 29.98153153153153 ], [ 31.263063063063061, 29.977027027027027 ], [ 31.267567567567564, 29.977027027027027 ] ] ] } },
{ "type": "Feature", "properties": { "cell_id": 231, "node_count": 194.0, "total_length": 24356.578125, "avg_degree": 2.9175257682800293 }, "geometry": { "type": "Polygon", "coordinates": [ [ [ 31.267567567567564, 29.98153153153153 ], [ 31.267567567567564, 29.986036036036033 ], [ 31.263063063063061, 29.986036036036033 ], [ 31.263063063063061, 29.98153153153153 ], [ 31.267567567567564, 29.98153153153153 ] ] ] } },
{ "type": "Feature", "properties": { "cell_id": 232, "node_count": 249.0, "total_length": 26907.369140625, "avg_degree": 2.799196720123291 }, "geometry": { "type": "Polygon", "coordinates": [ [ [ 31.267567567567564, 29.986036036036037 ], [ 31.267567567567564, 29.99054054054054 ], [ 31.263063063063061, 29.99054054054054 ], [ 31.263063063063061, 29.986036036036037 ], [ 31.267567567567564, 29.986036036036037 ] ] ] } },
{ "type": "Feature", "properties": { "cell_id": 233, "node_count": 15.0, "total_length": 6947.2548828125, "avg_degree": 3.0 }, "geometry": { "type": "Polygon", "coordinates": [ [ [ 31.267567567567564, 29.99054054054054 ], [ 31.267567567567564, 29.995045045045043 ], [ 31.263063063063061, 29.995045045045043 ], [ 31.263063063063061, 29.99054054054054 ], [ 31.267567567567564, 29.99054054054054 ] ] ] } },
{ "type": "Feature", "properties": { "cell_id": 234, "node_count": 1.0, "total_length": 4374.849609375, "avg_degree": 3.0 }, "geometry": { "type": "Polygon", "coordinates": [ [ [ 31.267567567567564, 29.995045045045046 ], [ 31.267567567567564, 29.999549549549549 ], [ 31.263063063063061, 29.999549549549549 ], [ 31.263063063063061, 29.995045045045046 ], [ 31.267567567567564, 29.995045045045046 ] ] ] } },
{ "type": "Feature", "properties": { "cell_id": 235, "node_count": 0.0, "total_length": 1473.959228515625, "avg_degree": 0.0 }, "geometry": { "type": "Polygon", "coordinates": [ [ [ 31.267567567567564, 29.999549549549549 ], [ 31.267567567567564, 30.004054054054052 ], [ 31.263063063063061, 30.004054054054052 ], [ 31.263063063063061, 29.999549549549549 ], [ 31.267567567567564, 29.999549549549549 ] ] ] } },
{ "type": "Feature", "properties": { "cell_id": 236, "node_count": 3.0, "total_length": 11804.4912109375, "avg_degree": 3.0 }, "geometry": { "type": "Polygon", "coordinates": [ [ [ 31.267567567567564, 30.004054054054052 ], [ 31.267567567567564, 30.008558558558555 ], [ 31.263063063063061, 30.008558558558555 ], [ 31.263063063063061, 30.004054054054052 ], [ 31.267567567567564, 30.004054054054052 ] ] ] } },
{ "type": "Feature", "properties": { "cell_id": 237, "node_count": 131.0, "total_length": 19744.830078125, "avg_degree": 2.9236640930175781 }, "geometry": { "type": "Polygon", "coordinates": [ [ [ 31.267567567567564, 30.008558558558558 ], [ 31.267567567567564, 30.013063063063061 ], [ 31.263063063063061, 30.013063063063061 ], [ 31.263063063063061, 30.008558558558558 ], [ 31.267567567567564, 30.008558558558558 ] ] ] } },
{ "type": "Feature", "properties": { "cell_id": 238, "node_count": 44.0, "total_length": 7143.38232421875, "avg_degree": 3.0227272510528564 }, "geometry": { "type": "Polygon", "coordinates": [ [ [ 31.267567567567564, 30.013063063063061 ], [ 31.267567567567564, 30.017567567567564 ], [ 31.263063063063061, 30.017567567567564 ], [ 31.263063063063061, 30.013063063063061 ], [ 31.267567567567564, 30.013063063063061 ] ] ] } },
{ "type": "Feature", "properties": { "cell_id": 239, "node_count": 64.0, "total_length": 12592.9423828125, "avg_degree": 2.515625 }, "geometry": { "type": "Polygon", "coordinates": [ [ [ 31.267567567567564, 30.017567567567568 ], [ 31.267567567567564, 30.022072072072071 ], [ 31.263063063063061, 30.022072072072071 ], [ 31.263063063063061, 30.017567567567568 ], [ 31.267567567567564, 30.017567567567568 ] ] ] } },
{ "type": "Feature", "properties": { "cell_id": 240, "node_count": 42.0, "total_length": 13078.6005859375, "avg_degree": 2.8809523582458496 }, "geometry": { "type": "Polygon", "coordinates": [ [ [ 31.272072072072071, 29.95 ], [ 31.272072072072071, 29.954504504504502 ], [ 31.267567567567568, 29.954504504504502 ], [ 31.267567567567568, 29.95 ], [ 31.272072072072071, 29.95 ] ] ] } },
{ "type": "Feature", "properties": { "cell_id": 241, "node_count": 42.0, "total_length": 12610.365234375, "avg_degree": 3.2857143878936768 }, "geometry": { "type": "Polygon", "coordinates": [ [ [ 31.272072072072071, 29.954504504504502 ], [ 31.272072072072071, 29.959009009009005 ], [ 31.267567567567568, 29.959009009009005 ], [ 31.267567567567568, 29.954504504504502 ], [ 31.272072072072071, 29.954504504504502 ] ] ] } },
{ "type": "Feature", "properties": { "cell_id": 242, "node_count": 32.0, "total_length": 9766.275390625, "avg_degree": 3.46875 }, "geometry": { "type": "Polygon", "coordinates": [ [ [ 31.272072072072071, 29.959009009009009 ], [ 31.272072072072071, 29.963513513513512 ], [ 31.267567567567568, 29.963513513513512 ], [ 31.267567567567568, 29.959009009009009 ], [ 31.272072072072071, 29.959009009009009 ] ] ] } },
{ "type": "Feature", "properties": { "cell_id": 243, "node_count": 27.0, "total_length": 8879.7626953125, "avg_degree": 3.2222223281860352 }, "geometry": { "type": "Polygon", "coordinates": [ [ [ 31.272072072072071, 29.963513513513512 ], [ 31.272072072072071, 29.968018018018014 ], [ 31.267567567567568, 29.968018018018014 ], [ 31.267567567567568, 29.963513513513512 ], [ 31.272072072072071, 29.963513513513512 ] ] ] } },
{ "type": "Feature", "properties": { "cell_id": 244, "node_count": 110.0, "total_length": 12704.6513671875, "avg_degree": 2.7272727489471436 }, "geometry": { "type": "Polygon", "coordinates": [ [ [ 31.272072072072071, 29.968018018018018 ], [ 31.272072072072071, 29.972522522522521 ], [ 31.267567567567568, 29.972522522522521 ], [ 31.267567567567568, 29.968018018018018 ], [ 31.272072072072071, 29.968018018018018 ] ] ] } },
{ "type": "Feature", "properties": { "cell_id": 245, "node_count": 158.0, "total_length": 17617.7890625, "avg_degree": 2.7974684238433838 }, "geometry": { "type": "Polygon", "coordinates": [ [ [ 31.272072072072071, 29.972522522522521 ], [ 31.272072072072071, 29.977027027027024 ], [ 31.267567567567568, 29.977027027027024 ], [ 31.267567567567568, 29.972522522522521 ], [ 31.272072072072071, 29.972522522522521 ] ] ] } },
{ "type": "Feature", "properties": { "cell_id": 246, "node_count": 203.0, "total_length": 21297.6171875, "avg_degree": 2.7438423633575439 }, "geometry": { "type": "Polygon", "coordinates": [ [ [ 31.272072072072071, 29.977027027027027 ], [ 31.272072072072071, 29.98153153153153 ], [ 31.267567567567568, 29.98153153153153 ], [ 31.267567567567568, 29.977027027027027 ], [ 31.272072072072071, 29.977027027027027 ] ] ] } },
{ "type": "Feature", "properties": { "cell_id": 247, "node_count": 252.0, "total_length": 23677.63671875, "avg_degree": 2.797619104385376 }, "geometry": { "type": "Polygon", "coordinates": [ [ [ 31.272072072072071, 29.98153153153153 ], [ 31.272072072072071, 29.986036036036033 ], [ 31.267567567567568, 29.986036036036033 ], [ 31.267567567567568, 29.98153153153153 ], [ 31.272072072072071, 29.98153153153153 ] ] ] } },
{ "type": "Feature", "properties": { "cell_id": 248, "node_count": 141.0, "total_length": 22574.490234375, "avg_degree": 3.0070922374725342 }, "geometry": { "type": "Polygon", "coordinates": [ [ [ 31.272072072072071, 29.986036036036037 ], [ 31.272072072072071, 29.99054054054054 ], [ 31.267567567567568, 29.99054054054054 ], [ 31.267567567567568, 29.986036036036037 ], [ 31.272072072072071, 29.986036036036037 ] ] ] } },
{ "type": "Feature", "properties": { "cell_id": 249, "node_count": 16.0, "total_length": 8555.6240234375, "avg_degree": 2.8125 }, "geometry": { "type": "Polygon", "coordinates": [ [ [ 31.272072072072071, 29.99054054054054 ], [ 31.272072072072071, 29.995045045045043 ], [ 31.267567567567568, 29.995045045045043 ], [ 31.267567567567568, 29.99054054054054 ], [ 31.272072072072071, 29.99054054054054 ] ] ] } },
{ "type": "Feature", "properties": { "cell_id": 250, "node_count": 23.0, "total_length": 9501.84375, "avg_degree": 2.9130434989929199 }, "geometry": { "type": "Polygon", "coordinates": [ [ [ 31.272072072072071, 29.995045045045046 ], [ 31.272072072072071, 29.999549549549549 ], [ 31.267567567567568, 29.999549549549549 ], [ 31.267567567567568, 29.995045045045046 ], [ 31.272072072072071, 29.995045045045046 ] ] ] } },
{ "type": "Feature", "properties": { "cell_id": 251, "node_count": 2.0, "total_length": 4035.919189453125, "avg_degree": 3.0 }, "geometry": { "type": "Polygon", "coordinates": [ [ [ 31.272072072072071, 29.999549549549549 ], [ 31.272072072072071, 30.004054054054052 ], [ 31.267567567567568, 30.004054054054052 ], [ 31.267567567567568, 29.999549549549549 ], [ 31.272072072072071, 29.999549549549549 ] ] ] } },
{ "type": "Feature", "properties": { "cell_id": 252, "node_count": 1.0, "total_length": 9066.236328125, "avg_degree": 3.0 }, "geometry": { "type": "Polygon", "coordinates": [ [ [ 31.272072072072071, 30.004054054054052 ], [ 31.272072072072071, 30.008558558558555 ], [ 31.267567567567568, 30.008558558558555 ], [ 31.267567567567568, 30.004054054054052 ], [ 31.272072072072071, 30.004054054054052 ] ] ] } },
{ "type": "Feature", "properties": { "cell_id": 253, "node_count": 28.0, "total_length": 9968.8701171875, "avg_degree": 2.2857143878936768 }, "geometry": { "type": "Polygon", "coordinates": [ [ [ 31.272072072072071, 30.008558558558558 ], [ 31.272072072072071, 30.013063063063061 ], [ 31.267567567567568, 30.013063063063061 ], [ 31.267567567567568, 30.008558558558558 ], [ 31.272072072072071, 30.008558558558558 ] ] ] } },
{ "type": "Feature", "properties": { "cell_id": 254, "node_count": 0.0, "total_length": 0.0, "avg_degree": 0.0 }, "geometry": { "type": "Polygon", "coordinates": [ [ [ 31.272072072072071, 30.013063063063061 ], [ 31.272072072072071, 30.017567567567564 ], [ 31.267567567567568, 30.017567567567564 ], [ 31.267567567567568, 30.013063063063061 ], [ 31.272072072072071, 30.013063063063061 ] ] ] } },
{ "type": "Feature", "properties": { "cell_id": 255, "node_count": 0.0, "total_length": 1408.596923828125, "avg_degree": 0.0 }, "geometry": { "type": "Polygon", "coordinates": [ [ [ 31.272072072072071, 30.017567567567568 ], [ 31.272072072072071, 30.022072072072071 ], [ 31.267567567567568, 30.022072072072071 ], [ 31.267567567567568, 30.017567567567568 ], [ 31.272072072072071, 30.017567567567568 ] ] ] } }
]
}
