X,Y,osm_id,name,place_type,category,text_des,label
31.3540462,30.0482832,287531671,الصديق,School,Education,"تقع الصديق في القاهرة، مصر. نوع المنطقة: مدرسة. البيانات من OpenStreetMap.",0
31.3432745,30.0471539,287531809,الملك فهد,School,Education,"تقع الملك فهد في القاهرة، مصر. نوع المنطقة: مدرسة. البيانات من OpenStreetMap.",0
31.2706177,30.0705444,339763266,رمسيس للبنات,School,Education,"تقع رمسيس للبنات في القاهرة، مصر. نوع المنطقة: مدرسة. البيانات من OpenStreetMap.",0
31.2098013,30.064775,366500797,معهد القلب,Hospital,Health,"تقع معهد القلب في القاهرة، مصر. نوع المنطقة: مستشفى. البيانات من OpenStreetMap.",0
31.2738254,30.0624158,411676470,مستشفى القوات الجوية,Hospital,Health,"تقع مستشفى القوات الجوية في القاهرة، مصر. نوع المنطقة: مستشفى. البيانات من OpenStreetMap.",0
31.3136014,30.0914309,411891407,عيادة دكتور رفيق سليمان,Clinic,Health,"تقع عيادة دكتور رفيق سليمان في القاهرة، مصر. نوع المنطقة: عام. البيانات من OpenStreetMap.",0
31.317617,30.0945129,411895460,مستشفي القاهرة التخصصى,Hospital,Health,"تقع مستشفي القاهرة التخصصى في القاهرة، مصر. نوع المنطقة: مستشفى. البيانات من OpenStreetMap.",0
31.2854199,30.0112377,414554419,دار المقطم,Hospital,Health,"تقع دار المقطم في القاهرة، مصر. نوع المنطقة: مستشفى. البيانات من OpenStreetMap.",0
31.2380509,29.9845042,432875458,الفنية المعمارية بدار السلام,School,Education,"تقع الفنية المعمارية بدار السلام في القاهرة، مصر. نوع المنطقة: مدرسة. البيانات من OpenStreetMap.",0
31.3455818,30.0642054,443368255,مركز الإيمان الطبي,Hospital,Health,"تقع مركز الإيمان الطبي في القاهرة، مصر. نوع المنطقة: مستشفى. البيانات من OpenStreetMap.",0
31.3661322,30.1058829,452376256,النزهة الدولي,Hospital,Health,"تقع النزهة الدولي في القاهرة، مصر. نوع المنطقة: مستشفى. البيانات من OpenStreetMap.",0
31.2542684,29.9660774,475367904,مستشفى الفتح الإسلامي,Hospital,Health,"تقع مستشفى الفتح الإسلامي في القاهرة، مصر. نوع المنطقة: مستشفى. البيانات من OpenStreetMap.",0
34.5069274,28.5056901,517369653,Futures Dahab Schools,School,Education,"تقع Futures Dahab Schools في القاهرة، مصر. نوع المنطقة: مدرسة. البيانات من OpenStreetMap.",0
34.5114594,28.4883845,517381615,مستشفى ذهب الإختصاصي,Hospital,Health,"تقع مستشفى ذهب الإختصاصي في القاهرة، مصر. نوع المنطقة: مستشفى. البيانات من OpenStreetMap.",0
32.899144,24.0921238,540655414,مدرسة المواساة,School,Education,"تقع مدرسة المواساة في القاهرة، مصر. نوع المنطقة: مدرسة. البيانات من OpenStreetMap.",0
32.9062222,24.0946419,540656849,مدرسة احمد ماهر,School,Education,"تقع مدرسة احمد ماهر في القاهرة، مصر. نوع المنطقة: مدرسة. البيانات من OpenStreetMap.",0
32.9047202,24.0968044,540658966,مدرسة الامام علي,School,Education,"تقع مدرسة الامام علي في القاهرة، مصر. نوع المنطقة: مدرسة. البيانات من OpenStreetMap.",0
31.7541485,30.304683,570066399,جامعة مدينة العاشر من رمضان,University,Education,"تقع جامعة مدينة العاشر من رمضان في القاهرة، مصر. نوع المنطقة: عام. البيانات من OpenStreetMap.",0
31.7314033,30.2890918,570069186,ميتشفى شرف,Hospital,Health,"تقع ميتشفى شرف في القاهرة، مصر. نوع المنطقة: مستشفى. البيانات من OpenStreetMap.",0
31.7492561,30.2863681,570069286,Hospital,Hospital,Health,"تقع Hospital في القاهرة، مصر. نوع المنطقة: مستشفى. البيانات من OpenStreetMap.",0
27.2873145,31.355699,595353633,الهدى الخاصة,School,Education,"تقع الهدى الخاصة في القاهرة، مصر. نوع المنطقة: مدرسة. البيانات من OpenStreetMap.",0
27.2413592,31.3492419,595353701,مستشفى مطروح العام,Hospital,Health,"تقع مستشفى مطروح العام في القاهرة، مصر. نوع المنطقة: مستشفى. البيانات من OpenStreetMap.",0
27.1185516,31.3645601,595353734,الشهيد عبد المنعم رياض,School,Education,"تقع الشهيد عبد المنعم رياض في القاهرة، مصر. نوع المنطقة: مدرسة. البيانات من OpenStreetMap.",0
31.2457729,30.0778777,597261978,مدرسة الراعي الصالح,School,Education,"تقع مدرسة الراعي الصالح في القاهرة، مصر. نوع المنطقة: مدرسة. البيانات من OpenStreetMap.",0
31.2006429,30.0683058,599711425,مدينة الطلبه,University,Education,"تقع مدينة الطلبه في القاهرة، مصر. نوع المنطقة: عام. البيانات من OpenStreetMap.",0
31.1948512,30.0098435,602377662,أحمد لطفي,School,Education,"تقع أحمد لطفي في القاهرة، مصر. نوع المنطقة: مدرسة. البيانات من OpenStreetMap.",0
31.3058812,29.9852957,603602840,المستقبل,School,Education,"تقع المستقبل في القاهرة، مصر. نوع المنطقة: مدرسة. البيانات من OpenStreetMap.",0
31.3229757,29.8399443,653596105,مستشفي النصر,Hospital,Health,"تقع مستشفي النصر في القاهرة، مصر. نوع المنطقة: مستشفى. البيانات من OpenStreetMap.",0
31.2771374,30.0579734,662158924,مستشفى طلبة البؤث,Hospital,Health,"تقع مستشفى طلبة البؤث في القاهرة، مصر. نوع المنطقة: مستشفى. البيانات من OpenStreetMap.",0
31.2431749,30.0209068,663080305,مستشفى المقطم,Hospital,Health,"تقع مستشفى المقطم في القاهرة، مصر. نوع المنطقة: مستشفى. البيانات من OpenStreetMap.",0
31.2973393,30.0846029,665450260,مستشفى كوبري القبة العسكري,Hospital,Health,"تقع مستشفى كوبري القبة العسكري في القاهرة، مصر. نوع المنطقة: مستشفى. البيانات من OpenStreetMap.",0
31.3317412,30.0815072,678457937,مستشفى الميرغنى,Hospital,Health,"تقع مستشفى الميرغنى في القاهرة، مصر. نوع المنطقة: مستشفى. البيانات من OpenStreetMap.",0
31.3217255,30.0905481,679929786,مدرسة القومية,School,Education,"تقع مدرسة القومية في القاهرة، مصر. نوع المنطقة: مدرسة. البيانات من OpenStreetMap.",0
31.481245,30.0661783,736601923,مدرسة المستقبل,School,Education,"تقع مدرسة المستقبل في القاهرة، مصر. نوع المنطقة: مدرسة. البيانات من OpenStreetMap.",0
29.9214767,31.1997261,738749963,مدرسة أم الرب,School,Education,"تقع مدرسة أم الرب في القاهرة، مصر. نوع المنطقة: مدرسة. البيانات من OpenStreetMap.",0
31.3337305,30.0583321,740750128,مدينة نصر الثانوية الصناعية,School,Education,"تقع مدينة نصر الثانوية الصناعية في القاهرة، مصر. نوع المنطقة: مدرسة. البيانات من OpenStreetMap.",0
31.3236339,30.0974469,741702652,القلب المقدس,School,Education,"تقع القلب المقدس في القاهرة، مصر. نوع المنطقة: مدرسة. البيانات من OpenStreetMap.",0
31.3489159,30.091848,741702670,مستشفى مصر للطيران,Hospital,Health,"تقع مستشفى مصر للطيران في القاهرة، مصر. نوع المنطقة: مستشفى. البيانات من OpenStreetMap.",0
31.244444,30.962778,768600810,صيدلية د / أسماء عبيد,Hospital,Health,"تقع صيدلية د / أسماء عبيد في القاهرة، مصر. نوع المنطقة: مستشفى. البيانات من OpenStreetMap.",0
31.36312,30.051974,836046275,Bayan,School,Education,"تقع Bayan في القاهرة، مصر. نوع المنطقة: مدرسة. البيانات من OpenStreetMap.",0
31.0525604,29.976147,892931755,دريم أنترناشيونال سكول,School,Education,"تقع دريم أنترناشيونال سكول في القاهرة، مصر. نوع المنطقة: مدرسة. البيانات من OpenStreetMap.",0
31.0367305,29.9681933,900775623,الشويفات,School,Education,"تقع الشويفات في القاهرة، مصر. نوع المنطقة: مدرسة. البيانات من OpenStreetMap.",0
31.0581015,29.9567789,900946397,بيونير للغات,School,Education,"تقع بيونير للغات في القاهرة، مصر. نوع المنطقة: مدرسة. البيانات من OpenStreetMap.",0
31.2156569,30.0152542,903481454,مستشفى الرماد,Hospital,Health,"تقع مستشفى الرماد في القاهرة، مصر. نوع المنطقة: مستشفى. البيانات من OpenStreetMap.",0
31.3126006,30.0915231,962263145,Al-Tabary,School,Education,"تقع Al-Tabary في القاهرة، مصر. نوع المنطقة: مدرسة. البيانات من OpenStreetMap.",0
31.3152282,30.0909126,976137264,مدرسة الكمال الإبتدائية,School,Education,"تقع مدرسة الكمال الإبتدائية في القاهرة، مصر. نوع المنطقة: مدرسة. البيانات من OpenStreetMap.",0
29.9137596,31.1923271,982332606,مدرسة العباسية الثانوية,School,Education,"تقع مدرسة العباسية الثانوية في القاهرة، مصر. نوع المنطقة: مدرسة. البيانات من OpenStreetMap.",0
31.1344667,29.9927968,984104710,مدارس المستقبل,School,Education,"تقع مدارس المستقبل في القاهرة، مصر. نوع المنطقة: مدرسة. البيانات من OpenStreetMap.",0
31.4332336,30.0117503,1015761172,المدرسة الألمانية الخاصة,School,Education,"تقع المدرسة الألمانية الخاصة في القاهرة، مصر. نوع المنطقة: مدرسة. البيانات من OpenStreetMap.",0
29.9982302,31.2654734,1179095077,الأكاديمية العربية للعلوم والتكنولوجيا والنقل البحري,University,Education,"تقع الأكاديمية العربية للعلوم والتكنولوجيا والنقل البحري في القاهرة، مصر. نوع المنطقة: عام. البيانات من OpenStreetMap.",0
29.9917679,31.2636249,1179121562,مستشفى ماري مرقص,Hospital,Health,"تقع مستشفى ماري مرقص في القاهرة، مصر. نوع المنطقة: مستشفى. البيانات من OpenStreetMap.",0
30.9473667,30.0569464,1224903975,Beverly Hills schools,School,Education,"تقع Beverly Hills schools في القاهرة، مصر. نوع المنطقة: مدرسة. البيانات من OpenStreetMap.",0
31.3473432,30.0637093,1438270139,منظمه الصحه العالمية,Hospital,Health,"تقع منظمه الصحه العالمية في القاهرة، مصر. نوع المنطقة: مستشفى. البيانات من OpenStreetMap.",0
34.5146113,28.4891647,1470794916,El Kabany Language School,School,Education,"تقع El Kabany Language School في القاهرة، مصر. نوع المنطقة: مدرسة. البيانات من OpenStreetMap.",0
31.3292776,30.0941075,1656013830,مدرسة الفرير - مصر الجديدة,School,Education,"تقع مدرسة الفرير - مصر الجديدة في القاهرة، مصر. نوع المنطقة: مدرسة. البيانات من OpenStreetMap.",0
29.9408078,31.2258268,1698478723,Mostafa Kamel Hospital,Hospital,Health,"تقع Mostafa Kamel Hospital في القاهرة، مصر. نوع المنطقة: مستشفى. البيانات من OpenStreetMap.",0
31.4679359,30.8814697,1824897702,مدرسة البستان الإبتدائية,School,Education,"تقع مدرسة البستان الإبتدائية في القاهرة، مصر. نوع المنطقة: مدرسة. البيانات من OpenStreetMap.",0
31.4705462,30.88133,1824902180,مدرسة البستان الإعدادية بنين,School,Education,"تقع مدرسة البستان الإعدادية بنين في القاهرة، مصر. نوع المنطقة: مدرسة. البيانات من OpenStreetMap.",0
31.4575289,30.8874869,1824903882,مدرسة أحمد لطفي السيد الثانوية بنين,School,Education,"تقع مدرسة أحمد لطفي السيد الثانوية بنين في القاهرة، مصر. نوع المنطقة: مدرسة. البيانات من OpenStreetMap.",0
31.4570783,30.8884076,1824904304,مدرسة ابن الوليد الإبتدائية,School,Education,"تقع مدرسة ابن الوليد الإبتدائية في القاهرة، مصر. نوع المنطقة: مدرسة. البيانات من OpenStreetMap.",0
31.4567832,30.8889462,1824904536,مدرسة ناصر الثانوية التجارية المشتركة,School,Education,"تقع مدرسة ناصر الثانوية التجارية المشتركة في القاهرة، مصر. نوع المنطقة: مدرسة. البيانات من OpenStreetMap.",0
31.4564506,30.8896966,1824904546,مدرسة السنبلاوين الثانوية بنات,School,Education,"تقع مدرسة السنبلاوين الثانوية بنات في القاهرة، مصر. نوع المنطقة: مدرسة. البيانات من OpenStreetMap.",0
30.0620238,31.3096754,1837096771,مدرسة الشهيد حسين طه,School,Education,"تقع مدرسة الشهيد حسين طه في القاهرة، مصر. نوع المنطقة: مدرسة. البيانات من OpenStreetMap.",0
30.0599655,31.3026351,1840688410,إدارة المنتزة التعليمية,School,Education,"تقع إدارة المنتزة التعليمية في القاهرة، مصر. نوع المنطقة: مدرسة. البيانات من OpenStreetMap.",0
29.9275717,31.2052904,1844289361,معهد البحوث الطبيه,Hospital,Health,"تقع معهد البحوث الطبيه في القاهرة، مصر. نوع المنطقة: مستشفى. البيانات من OpenStreetMap.",0
29.9286838,31.2043914,1844290834,مستشفي المواساه,Hospital,Health,"تقع مستشفي المواساه في القاهرة، مصر. نوع المنطقة: مستشفى. البيانات من OpenStreetMap.",0
30.7643128,28.0912713,1888411221,بنك الدم الإقليمى,Hospital,Health,"تقع بنك الدم الإقليمى في القاهرة، مصر. نوع المنطقة: مستشفى. البيانات من OpenStreetMap.",0
30.7645596,28.0916688,1888411228,معهد الأورام,Hospital,Health,"تقع معهد الأورام في القاهرة، مصر. نوع المنطقة: مستشفى. البيانات من OpenStreetMap.",0
30.7624353,28.0841913,1888411235,مستوصف الجمعية الشرعية,Hospital,Health,"تقع مستوصف الجمعية الشرعية في القاهرة، مصر. نوع المنطقة: مستشفى. البيانات من OpenStreetMap.",0
30.7636369,28.0844184,1888411243,مدرسة السعيدية الابتدائية,School,Education,"تقع مدرسة السعيدية الابتدائية في القاهرة، مصر. نوع المنطقة: مدرسة. البيانات من OpenStreetMap.",0
30.7629395,28.084248,1888411246,مدرسة محمد فريد الإبتدائية,School,Education,"تقع مدرسة محمد فريد الإبتدائية في القاهرة، مصر. نوع المنطقة: مدرسة. البيانات من OpenStreetMap.",0
30.7618452,28.0840303,1888411263,مدرسة الإسلامية الخاصة,School,Education,"تقع مدرسة الإسلامية الخاصة في القاهرة، مصر. نوع المنطقة: مدرسة. البيانات من OpenStreetMap.",0
30.759458,28.0965337,1888451891,مستشفى المبرة,Hospital,Health,"تقع مستشفى المبرة في القاهرة، مصر. نوع المنطقة: مستشفى. البيانات من OpenStreetMap.",0
30.7513548,28.1039254,1891633308,اللغات,School,Education,"تقع اللغات في القاهرة، مصر. نوع المنطقة: مدرسة. البيانات من OpenStreetMap.",0
31.1896206,30.0540358,1920589480,مركز عدن الطبى,Hospital,Health,"تقع مركز عدن الطبى في القاهرة، مصر. نوع المنطقة: مستشفى. البيانات من OpenStreetMap.",0
31.2092094,29.9972489,1939482580,مكتب شئون العضوية النقابة العامة للبناء والأخشاب,Hospital,Health,"تقع مكتب شئون العضوية النقابة العامة للبناء والأخشاب في القاهرة، مصر. نوع المنطقة: مستشفى. البيانات من OpenStreetMap.",0
31.2122779,29.9983941,1939544659,مدرسة الصناعية للبنات,School,Education,"تقع مدرسة الصناعية للبنات في القاهرة، مصر. نوع المنطقة: مدرسة. البيانات من OpenStreetMap.",0
31.2123288,29.9979295,1939562321,مدرسة أحمد شوقى الاعدادية بنات,School,Education,"تقع مدرسة أحمد شوقى الاعدادية بنات في القاهرة، مصر. نوع المنطقة: مدرسة. البيانات من OpenStreetMap.",0
30.9850089,29.9860029,1940836168,مدرسة الدلتا للغات,School,Education,"تقع مدرسة الدلتا للغات في القاهرة، مصر. نوع المنطقة: مدرسة. البيانات من OpenStreetMap.",0
31.2092077,29.999781,1956718704,مدرسة وجيه البغدادى الثانوية بنات,School,Education,"تقع مدرسة وجيه البغدادى الثانوية بنات في القاهرة، مصر. نوع المنطقة: مدرسة. البيانات من OpenStreetMap.",0
34.4329047,28.0347708,2001022531,Nabq Dental Clinic,Hospital,Health,"تقع Nabq Dental Clinic في القاهرة، مصر. نوع المنطقة: مستشفى. البيانات من OpenStreetMap.",0
31.4551468,30.8805114,2007846786,مدرسة الشهيد الشقرى الابتدائية,School,Education,"تقع مدرسة الشهيد الشقرى الابتدائية في القاهرة، مصر. نوع المنطقة: مدرسة. البيانات من OpenStreetMap.",0
31.4527121,30.8814103,2007850659,مدرسة السلام الاعدادية بنين,School,Education,"تقع مدرسة السلام الاعدادية بنين في القاهرة، مصر. نوع المنطقة: مدرسة. البيانات من OpenStreetMap.",0
31.4523098,30.8812492,2007851962,مدرسة التربية الفكرية بالسنبلاوين,School,Education,"تقع مدرسة التربية الفكرية بالسنبلاوين في القاهرة، مصر. نوع المنطقة: مدرسة. البيانات من OpenStreetMap.",0
31.454616,30.8864547,2007853321,مدرسة السادات الثانويه بنين,School,Education,"تقع مدرسة السادات الثانويه بنين في القاهرة، مصر. نوع المنطقة: مدرسة. البيانات من OpenStreetMap.",0
31.4551253,30.8863629,2007856604,Al-Sunbullawayn Language School,School,Education,"تقع Al-Sunbullawayn Language School في القاهرة، مصر. نوع المنطقة: مدرسة. البيانات من OpenStreetMap.",0
31.4574967,30.8844477,2007861753,Makka Hospital,Hospital,Health,"تقع Makka Hospital في القاهرة، مصر. نوع المنطقة: مستشفى. البيانات من OpenStreetMap.",0
31.2281767,30.0302242,2061898503,كلية الطب القصر العيني,School,Education,"تقع كلية الطب القصر العيني في القاهرة، مصر. نوع المنطقة: مدرسة. البيانات من OpenStreetMap.",0
31.2048411,29.9982872,2110727784,مدرسة الحسينية,School,Education,"تقع مدرسة الحسينية في القاهرة، مصر. نوع المنطقة: مدرسة. البيانات من OpenStreetMap.",0
31.2206045,30.0644988,2229263081,Port Said Schools,School,Education,"تقع Port Said Schools في القاهرة، مصر. نوع المنطقة: مدرسة. البيانات من OpenStreetMap.",0
29.9977695,31.2659303,2245257694,Saint Vincent,School,Education,"تقع Saint Vincent في القاهرة، مصر. نوع المنطقة: مدرسة. البيانات من OpenStreetMap.",0
31.3086855,30.129727,2268005941,مدرسة عمار بن ياسر,School,Education,"تقع مدرسة عمار بن ياسر في القاهرة، مصر. نوع المنطقة: مدرسة. البيانات من OpenStreetMap.",0
31.3148116,30.1371548,2268005942,مجمع الشعراوى,School,Education,"تقع مجمع الشعراوى في القاهرة، مصر. نوع المنطقة: مدرسة. البيانات من OpenStreetMap.",0
31.3086372,30.1300843,2268005944,البنات الاعدادية,School,Education,"تقع البنات الاعدادية في القاهرة، مصر. نوع المنطقة: مدرسة. البيانات من OpenStreetMap.",0
31.3077521,30.1269386,2268006755,مستشفى النور المحمدى,Hospital,Health,"تقع مستشفى النور المحمدى في القاهرة، مصر. نوع المنطقة: مستشفى. البيانات من OpenStreetMap.",0
31.3139962,30.1333088,2268006756,مستشفى الحق,Hospital,Health,"تقع مستشفى الحق في القاهرة، مصر. نوع المنطقة: مستشفى. البيانات من OpenStreetMap.",0
30.4580854,31.0428488,2269265329,مدرسة الفكرية,School,Education,"تقع مدرسة الفكرية في القاهرة، مصر. نوع المنطقة: مدرسة. البيانات من OpenStreetMap.",0
34.2279393,31.2562276,2297109152,مستشفى رفح,Hospital,Health,"تقع مستشفى رفح في القاهرة، مصر. نوع المنطقة: مستشفى. البيانات من OpenStreetMap.",0
31.3435107,30.0975208,2312625782,ليسبه الحرية,School,Education,"تقع ليسبه الحرية في القاهرة، مصر. نوع المنطقة: مدرسة. البيانات من OpenStreetMap.",0
34.7926172,29.3925571,2429005805,El Wekala Medical Centre,Hospital,Health,"تقع El Wekala Medical Centre في القاهرة، مصر. نوع المنطقة: مستشفى. البيانات من OpenStreetMap.",0
30.7558824,28.1024495,2445781992,الزهراء الإبتدائية,School,Education,"تقع الزهراء الإبتدائية في القاهرة، مصر. نوع المنطقة: مدرسة. البيانات من OpenStreetMap.",0
31.7380609,30.2921747,2524251214,مدرسة السادات الثانوية بنات,School,Education,"تقع مدرسة السادات الثانوية بنات في القاهرة، مصر. نوع المنطقة: مدرسة. البيانات من OpenStreetMap.",0
31.7566488,30.2917256,2524331007,مستشفى خميس التخصصي,Hospital,Health,"تقع مستشفى خميس التخصصي في القاهرة، مصر. نوع المنطقة: مستشفى. البيانات من OpenStreetMap.",0
30.9337571,29.9667244,2549916507,د.محمد البراغى,Hospital,Health,"تقع د.محمد البراغى في القاهرة، مصر. نوع المنطقة: مستشفى. البيانات من OpenStreetMap.",0
30.9345898,29.9653218,2549944486,مركز الهادى لتعليم قيادة السيارات,School,Education,"تقع مركز الهادى لتعليم قيادة السيارات في القاهرة، مصر. نوع المنطقة: مدرسة. البيانات من OpenStreetMap.",0
30.9437865,29.9730095,2550066152,مركز الحصرى الصحى,Hospital,Health,"تقع مركز الحصرى الصحى في القاهرة، مصر. نوع المنطقة: مستشفى. البيانات من OpenStreetMap.",0
31.3962588,30.1457209,2621105516,Gohar School,School,Education,"تقع Gohar School في القاهرة، مصر. نوع المنطقة: مدرسة. البيانات من OpenStreetMap.",0
31.3955566,30.1459715,2621106542,Gohar Hospital,Hospital,Health,"تقع Gohar Hospital في القاهرة، مصر. نوع المنطقة: مستشفى. البيانات من OpenStreetMap.",0
29.9532423,31.2291897,2707487109,I Can Read Academy,School,Education,"تقع I Can Read Academy في القاهرة، مصر. نوع المنطقة: مدرسة. البيانات من OpenStreetMap.",0
32.2626943,30.5902189,2722597993,عيادة الدكتور عبد الحميد صبح,Hospital,Health,"تقع عيادة الدكتور عبد الحميد صبح في القاهرة، مصر. نوع المنطقة: مستشفى. البيانات من OpenStreetMap.",0
29.9753602,31.2504795,2928323670,كلية الإقبال القومية - بنات,School,Education,"تقع كلية الإقبال القومية - بنات في القاهرة، مصر. نوع المنطقة: مدرسة. البيانات من OpenStreetMap.",0
29.9623625,31.2357888,3051834198,مدرسة النوتردام دى سيون,School,Education,"تقع مدرسة النوتردام دى سيون في القاهرة، مصر. نوع المنطقة: مدرسة. البيانات من OpenStreetMap.",0
29.9377817,31.2115555,3051842573,مدرسة محمد كريم,School,Education,"تقع مدرسة محمد كريم في القاهرة، مصر. نوع المنطقة: مدرسة. البيانات من OpenStreetMap.",0
29.9203675,31.1993278,3051869674,مدرسة وابور المياه,School,Education,"تقع مدرسة وابور المياه في القاهرة، مصر. نوع المنطقة: مدرسة. البيانات من OpenStreetMap.",0
31.3656479,31.0453946,3118523495,مستشفى الجزيرة الدولى - السلاب,Hospital,Health,"تقع مستشفى الجزيرة الدولى - السلاب في القاهرة، مصر. نوع المنطقة: مستشفى. البيانات من OpenStreetMap.",0
31.3655295,31.0444348,3118641469,مركز عابد للعظام,Clinic,Health,"تقع مركز عابد للعظام في القاهرة، مصر. نوع المنطقة: عام. البيانات من OpenStreetMap.",0
31.3886277,31.0475408,3119668295,Al-Hekma Hospital,Hospital,Health,"تقع Al-Hekma Hospital في القاهرة، مصر. نوع المنطقة: مستشفى. البيانات من OpenStreetMap.",0
31.338523,30.1042297,3157884695,مستشفي الدعاة,Hospital,Health,"تقع مستشفي الدعاة في القاهرة، مصر. نوع المنطقة: مستشفى. البيانات من OpenStreetMap.",0
31.2143358,30.0414944,3208430197,Finy hospital,Hospital,Health,"تقع Finy hospital في القاهرة، مصر. نوع المنطقة: مستشفى. البيانات من OpenStreetMap.",0
31.2144598,30.0374677,3214300154,مستشفى 6 اكتوبر,Hospital,Health,"تقع مستشفى 6 اكتوبر في القاهرة، مصر. نوع المنطقة: مستشفى. البيانات من OpenStreetMap.",0
31.2516212,30.092295,3220003324,Ahmed Orabi,School,Education,"تقع Ahmed Orabi في القاهرة، مصر. نوع المنطقة: مدرسة. البيانات من OpenStreetMap.",0
31.2191221,30.0611031,3232998041,City International School,School,Education,"تقع City International School في القاهرة، مصر. نوع المنطقة: مدرسة. البيانات من OpenStreetMap.",0
31.3534174,30.5196212,3290355573,ibarhim shabaan pharmacy,Hospital,Health,"تقع ibarhim shabaan pharmacy في القاهرة، مصر. نوع المنطقة: مستشفى. البيانات من OpenStreetMap.",0
31.4224834,30.0039967,3395906136,مركز الطبيب,Hospital,Health,"تقع مركز الطبيب في القاهرة، مصر. نوع المنطقة: مستشفى. البيانات من OpenStreetMap.",0
29.9923347,31.2620088,3458193051,مستشفى شرق المدينة,Hospital,Health,"تقع مستشفى شرق المدينة في القاهرة، مصر. نوع المنطقة: مستشفى. البيانات من OpenStreetMap.",0
31.3088915,29.9894551,3521404376,مدرسة دار لقمان الحكيم الدولية,School,Education,"تقع مدرسة دار لقمان الحكيم الدولية في القاهرة، مصر. نوع المنطقة: مدرسة. البيانات من OpenStreetMap.",0
31.4675882,30.6726112,3748661346,مستشفى فرسيس,Hospital,Health,"تقع مستشفى فرسيس في القاهرة، مصر. نوع المنطقة: مستشفى. البيانات من OpenStreetMap.",0
31.3888576,30.1184005,3841179277,مركز الفحص الطبى لادارة الطيران الأمريكية FAA,Clinic,Health,"تقع مركز الفحص الطبى لادارة الطيران الأمريكية FAA في القاهرة، مصر. نوع المنطقة: عام. البيانات من OpenStreetMap.",0
31.3889072,30.1183228,3841179278,مركز الفحص الطبى للطيران المدنى ICAO,Clinic,Health,"تقع مركز الفحص الطبى للطيران المدنى ICAO في القاهرة، مصر. نوع المنطقة: عام. البيانات من OpenStreetMap.",0
29.9580884,31.2376371,3893917394,مستشفى إبراهيم عبيد التخصصي,Hospital,Health,"تقع مستشفى إبراهيم عبيد التخصصي في القاهرة، مصر. نوع المنطقة: مستشفى. البيانات من OpenStreetMap.",0
31.2538297,30.088695,3949929966,Nasr el Islam Hosiptal,Hospital,Health,"تقع Nasr el Islam Hosiptal في القاهرة، مصر. نوع المنطقة: مستشفى. البيانات من OpenStreetMap.",0
31.3392842,30.0464585,3966612431,عيادة د. احمد العساف,Clinic,Health,"تقع عيادة د. احمد العساف في القاهرة، مصر. نوع المنطقة: عام. البيانات من OpenStreetMap.",0
31.3415884,30.186327,3966621289,سجن المرج العمومي,Clinic,Health,"تقع سجن المرج العمومي في القاهرة، مصر. نوع المنطقة: عام. البيانات من OpenStreetMap.",0
31.2008468,30.0650864,3966621290,مستشفي الواحة,Hospital,Health,"تقع مستشفي الواحة في القاهرة، مصر. نوع المنطقة: مستشفى. البيانات من OpenStreetMap.",0
30.7949642,29.2383361,3966621291,د. احمد حسين نصر,Clinic,Health,"تقع د. احمد حسين نصر في القاهرة، مصر. نوع المنطقة: عام. البيانات من OpenStreetMap.",0
31.5023277,30.5838996,3966621293,د. ايمن عبد الرحمن,Clinic,Health,"تقع د. ايمن عبد الرحمن في القاهرة، مصر. نوع المنطقة: عام. البيانات من OpenStreetMap.",0
31.3213395,29.8599171,3966621667,مستشفي الهلال الأحمر المصري,Hospital,Health,"تقع مستشفي الهلال الأحمر المصري في القاهرة، مصر. نوع المنطقة: مستشفى. البيانات من OpenStreetMap.",0
31.4915372,30.5855544,3966621672,مستشفي المبرة,Hospital,Health,"تقع مستشفي المبرة في القاهرة، مصر. نوع المنطقة: مستشفى. البيانات من OpenStreetMap.",0
31.3887808,30.1183131,3966621673,مجلس طبي وزارة الطيران المدنى,Hospital,Health,"تقع مجلس طبي وزارة الطيران المدنى في القاهرة، مصر. نوع المنطقة: مستشفى. البيانات من OpenStreetMap.",0
31.1969057,30.0526266,3966622154,ليزك مصر,Clinic,Health,"تقع ليزك مصر في القاهرة، مصر. نوع المنطقة: عام. البيانات من OpenStreetMap.",0
30.859477,29.3106514,3966622155,مستشفي التامين الصحي بالفيوم,Hospital,Health,"تقع مستشفي التامين الصحي بالفيوم في القاهرة، مصر. نوع المنطقة: مستشفى. البيانات من OpenStreetMap.",0
31.2163557,30.0154743,3966622156,معهد بحوث امراض الرمد,Hospital,Health,"تقع معهد بحوث امراض الرمد في القاهرة، مصر. نوع المنطقة: مستشفى. البيانات من OpenStreetMap.",0
31.3386349,30.105397,3966622220,د. فتحي فوزي,Clinic,Health,"تقع د. فتحي فوزي في القاهرة، مصر. نوع المنطقة: عام. البيانات من OpenStreetMap.",0
31.4744552,30.2561237,3966622817,عيادة التامين الصحي بالعبور (القليوبية),Hospital,Health,"تقع عيادة التامين الصحي بالعبور (القليوبية) في القاهرة، مصر. نوع المنطقة: مستشفى. البيانات من OpenStreetMap.",0
31.2154001,30.0154244,3966622857,معهد الرمد التذكاري للابحاث,Hospital,Health,"تقع معهد الرمد التذكاري للابحاث في القاهرة، مصر. نوع المنطقة: مستشفى. البيانات من OpenStreetMap.",0
30.6736142,31.0968978,3979548721,مستشفى هيفاء الطبى,Hospital,Health,"تقع مستشفى هيفاء الطبى في القاهرة، مصر. نوع المنطقة: مستشفى. البيانات من OpenStreetMap.",0
32.4385846,26.1226111,4030283815,مدرسة نجع الجزيرة,School,Education,"تقع مدرسة نجع الجزيرة في القاهرة، مصر. نوع المنطقة: مدرسة. البيانات من OpenStreetMap.",0
32.431448,26.1177657,4030313430,مدرسة البلابيش,School,Education,"تقع مدرسة البلابيش في القاهرة، مصر. نوع المنطقة: مدرسة. البيانات من OpenStreetMap.",0
32.432933,26.1181687,4030318934,الوحده الصحية,Hospital,Health,"تقع الوحده الصحية في القاهرة، مصر. نوع المنطقة: مستشفى. البيانات من OpenStreetMap.",0
32.4363111,26.1171218,4030321921,مدرسة ابو بكر الصديق,School,Education,"تقع مدرسة ابو بكر الصديق في القاهرة، مصر. نوع المنطقة: مدرسة. البيانات من OpenStreetMap.",0
30.9985732,30.0238218,4116078289,Oasis Clinics,Clinic,Health,"تقع Oasis Clinics في القاهرة، مصر. نوع المنطقة: عام. البيانات من OpenStreetMap.",0
29.9799073,31.2556719,4131525289,مدرسة الآباء الفرنسيسكان,School,Education,"تقع مدرسة الآباء الفرنسيسكان في القاهرة، مصر. نوع المنطقة: مدرسة. البيانات من OpenStreetMap.",0
29.9545486,31.2379626,4150979195,كلية الزراعة بسابا باشا,School,Education,"تقع كلية الزراعة بسابا باشا في القاهرة، مصر. نوع المنطقة: مدرسة. البيانات من OpenStreetMap.",0
31.3619945,29.83289,4174524762,مدرسة الشهيد مصطفى محسن نصار الرسمية للغات,School,Education,"تقع مدرسة الشهيد مصطفى محسن نصار الرسمية للغات في القاهرة، مصر. نوع المنطقة: مدرسة. البيانات من OpenStreetMap.",0
31.3620806,29.8321121,4176067691,مدرسة الشهيد مصطفى محسن نصار الرسمية للغات,School,Education,"تقع مدرسة الشهيد مصطفى محسن نصار الرسمية للغات في القاهرة، مصر. نوع المنطقة: مدرسة. البيانات من OpenStreetMap.",0
31.1740995,27.1842189,4191885290,Assiut TSS,School,Education,"تقع Assiut TSS في القاهرة، مصر. نوع المنطقة: مدرسة. البيانات من OpenStreetMap.",0
31.2906725,30.0754611,4217352790,جامعة عين شمس كلية الحقوق,School,Education,"تقع جامعة عين شمس كلية الحقوق في القاهرة، مصر. نوع المنطقة: مدرسة. البيانات من OpenStreetMap.",0
31.3064179,30.0874453,4217880589,b karnak,School,Education,"تقع b karnak في القاهرة، مصر. نوع المنطقة: مدرسة. البيانات من OpenStreetMap.",0
31.431949,29.9763768,4226687896,Samir Fahmy Language School,School,Education,"تقع Samir Fahmy Language School في القاهرة، مصر. نوع المنطقة: مدرسة. البيانات من OpenStreetMap.",0
31.1862351,27.1838228,4229667089,Arc Angle Mikhael Hospital,Hospital,Health,"تقع Arc Angle Mikhael Hospital في القاهرة، مصر. نوع المنطقة: مستشفى. البيانات من OpenStreetMap.",0
31.1866477,27.1858024,4229667090,El Zerayeen Hospital,Hospital,Health,"تقع El Zerayeen Hospital في القاهرة، مصر. نوع المنطقة: مستشفى. البيانات من OpenStreetMap.",0
31.1860765,27.181769,4229667091,Essam El Shrief El Tkasosy Hospital,Hospital,Health,"تقع Essam El Shrief El Tkasosy Hospital في القاهرة، مصر. نوع المنطقة: مستشفى. البيانات من OpenStreetMap.",0
31.1854314,27.191093,4229667092,Sant Maria Hospital,Hospital,Health,"تقع Sant Maria Hospital في القاهرة، مصر. نوع المنطقة: مستشفى. البيانات من OpenStreetMap.",0
31.1792153,27.1887258,4229667093,El Akaad Hospital,Hospital,Health,"تقع El Akaad Hospital في القاهرة، مصر. نوع المنطقة: مستشفى. البيانات من OpenStreetMap.",0
31.1805005,27.1885444,4229667094,Dar El Shefaa Hospital,Hospital,Health,"تقع Dar El Shefaa Hospital في القاهرة، مصر. نوع المنطقة: مستشفى. البيانات من OpenStreetMap.",0
31.1812939,27.1888976,4229667095,El Reda Hospital,Hospital,Health,"تقع El Reda Hospital في القاهرة، مصر. نوع المنطقة: مستشفى. البيانات من OpenStreetMap.",0
31.1812136,27.1888727,4229667096,El Zhraa Hospital,Hospital,Health,"تقع El Zhraa Hospital في القاهرة، مصر. نوع المنطقة: مستشفى. البيانات من OpenStreetMap.",0
31.187412,27.1807668,4229667098,El Nseem Dr.Trez Mansour Hospital,Hospital,Health,"تقع El Nseem Dr.Trez Mansour Hospital في القاهرة، مصر. نوع المنطقة: مستشفى. البيانات من OpenStreetMap.",0
31.1797428,27.1906049,4229667099,El Hayah Hospital,Hospital,Health,"تقع El Hayah Hospital في القاهرة، مصر. نوع المنطقة: مستشفى. البيانات من OpenStreetMap.",0
31.1802102,27.1907612,4229667100,El Safaa Hospital,Hospital,Health,"تقع El Safaa Hospital في القاهرة، مصر. نوع المنطقة: مستشفى. البيانات من OpenStreetMap.",0
31.1818518,27.1857479,4229667101,El Aksaa Hospital,Hospital,Health,"تقع El Aksaa Hospital في القاهرة، مصر. نوع المنطقة: مستشفى. البيانات من OpenStreetMap.",0
31.1786987,27.1968316,4229667102,El Salama Hospital,Hospital,Health,"تقع El Salama Hospital في القاهرة، مصر. نوع المنطقة: مستشفى. البيانات من OpenStreetMap.",0
31.1800197,27.1933698,4229667103,مستشفى الشرطة,Hospital,Health,"تقع مستشفى الشرطة في القاهرة، مصر. نوع المنطقة: مستشفى. البيانات من OpenStreetMap.",0
31.17658,27.1954364,4229667104,El Sadr Hospital,Hospital,Health,"تقع El Sadr Hospital في القاهرة، مصر. نوع المنطقة: مستشفى. البيانات من OpenStreetMap.",0
31.1749665,27.1953832,4229667105,El Seha El Nafsya Hospital,Hospital,Health,"تقع El Seha El Nafsya Hospital في القاهرة، مصر. نوع المنطقة: مستشفى. البيانات من OpenStreetMap.",0
31.1881692,27.1931881,4229667119,مستشفى المبرة,Hospital,Health,"تقع مستشفى المبرة في القاهرة، مصر. نوع المنطقة: مستشفى. البيانات من OpenStreetMap.",0
31.166287,27.1848327,4229667120,مستشفی جامعة أسيوط,Hospital,Health,"تقع مستشفی جامعة أسيوط في القاهرة، مصر. نوع المنطقة: مستشفى. البيانات من OpenStreetMap.",0
31.1940161,27.1669352,4229667121,Nekabet El Moalmen Hospital,Hospital,Health,"تقع Nekabet El Moalmen Hospital في القاهرة، مصر. نوع المنطقة: مستشفى. البيانات من OpenStreetMap.",0
31.1794283,27.197229,4229667122,El Fayrouz Hospital,Hospital,Health,"تقع El Fayrouz Hospital في القاهرة، مصر. نوع المنطقة: مستشفى. البيانات من OpenStreetMap.",0
29.9833206,31.2535283,4233959790,مدرسة معالي سيدي بشر الجديدة MLS,School,Education,"تقع مدرسة معالي سيدي بشر الجديدة MLS في القاهرة، مصر. نوع المنطقة: مدرسة. البيانات من OpenStreetMap.",0
31.4939839,30.0588881,4243965092,The British School Al Rehab,School,Education,"تقع The British School Al Rehab في القاهرة، مصر. نوع المنطقة: مدرسة. البيانات من OpenStreetMap.",0
29.9136486,31.2100841,4275231891,الشاطبي الاعداديه بنات,School,Education,"تقع الشاطبي الاعداديه بنات في القاهرة، مصر. نوع المنطقة: مدرسة. البيانات من OpenStreetMap.",0
31.2483765,29.9673243,4292420889,Egyptian IVF Center,Clinic,Health,"تقع Egyptian IVF Center في القاهرة، مصر. نوع المنطقة: عام. البيانات من OpenStreetMap.",0
31.3065805,30.0917446,4302150189,مستشفى منشية البكرى العام,Hospital,Health,"تقع مستشفى منشية البكرى العام في القاهرة، مصر. نوع المنطقة: مستشفى. البيانات من OpenStreetMap.",0
31.360749,29.8166988,4328094091,مستشفى التقوى,Hospital,Health,"تقع مستشفى التقوى في القاهرة، مصر. نوع المنطقة: مستشفى. البيانات من OpenStreetMap.",0
31.2527215,29.6232621,4329142989,مدرسة المنارة الخاصة,School,Education,"تقع مدرسة المنارة الخاصة في القاهرة، مصر. نوع المنطقة: مدرسة. البيانات من OpenStreetMap.",0
29.8748483,31.2017524,4335098739,السواحل الاعدادية و الثانوية الرياضية,School,Education,"تقع السواحل الاعدادية و الثانوية الرياضية في القاهرة، مصر. نوع المنطقة: مدرسة. البيانات من OpenStreetMap.",0
29.8746412,31.2017369,4335100143,راس التين الثانوية بنين,School,Education,"تقع راس التين الثانوية بنين في القاهرة، مصر. نوع المنطقة: مدرسة. البيانات من OpenStreetMap.",0
31.2126874,30.0464766,4338866103,مستشفى جامكا,Hospital,Health,"تقع مستشفى جامكا في القاهرة، مصر. نوع المنطقة: مستشفى. البيانات من OpenStreetMap.",0
31.319471,29.9923517,4358590890,مدرسة الفردوس الخاصة للغات,School,Education,"تقع مدرسة الفردوس الخاصة للغات في القاهرة، مصر. نوع المنطقة: مدرسة. البيانات من OpenStreetMap.",0
31.3465042,30.0646977,4362086147,مستشفى العاملين بقطاع البترول,Hospital,Health,"تقع مستشفى العاملين بقطاع البترول في القاهرة، مصر. نوع المنطقة: مستشفى. البيانات من OpenStreetMap.",0
31.3123471,30.0896361,4362167750,مدرسة الخلفاء الإعدادية بنين,School,Education,"تقع مدرسة الخلفاء الإعدادية بنين في القاهرة، مصر. نوع المنطقة: مدرسة. البيانات من OpenStreetMap.",0
31.1912737,30.0553338,4362762999,مستشفى الأمل,Hospital,Health,"تقع مستشفى الأمل في القاهرة، مصر. نوع المنطقة: مستشفى. البيانات من OpenStreetMap.",0
31.226678,30.0271988,4364876094,د. إيهاب عامر (المنيل),Clinic,Health,"تقع د. إيهاب عامر (المنيل) في القاهرة، مصر. نوع المنطقة: عام. البيانات من OpenStreetMap.",0
31.6071115,30.1576507,4385997189,عيادة د ابراهيم زهران,Clinic,Health,"تقع عيادة د ابراهيم زهران في القاهرة، مصر. نوع المنطقة: عام. البيانات من OpenStreetMap.",0
29.9422849,31.2168739,4388651689,مستشفى مركز القلب الدولي icc,Hospital,Health,"تقع مستشفى مركز القلب الدولي icc في القاهرة، مصر. نوع المنطقة: مستشفى. البيانات من OpenStreetMap.",0
31.3497998,30.1007825,4391293992,مركز عيون د. حسين شاكر المرقبي,Clinic,Health,"تقع مركز عيون د. حسين شاكر المرقبي في القاهرة، مصر. نوع المنطقة: عام. البيانات من OpenStreetMap.",0
31.3657478,30.054675,4401010991,مدرسه حسان بن ثابت الابتدائيه,School,Education,"تقع مدرسه حسان بن ثابت الابتدائيه في القاهرة، مصر. نوع المنطقة: مدرسة. البيانات من OpenStreetMap.",0
33.0103862,31.0192268,4404184691,عمارة عطية أبو عبد الجليل,Clinic,Health,"تقع عمارة عطية أبو عبد الجليل في القاهرة، مصر. نوع المنطقة: عام. البيانات من OpenStreetMap.",0
30.5658339,29.3612328,4405249690,وحدة صحة عزبة زكي صالح,Clinic,Health,"تقع وحدة صحة عزبة زكي صالح في القاهرة، مصر. نوع المنطقة: عام. البيانات من OpenStreetMap.",0
30.9409514,29.9560728,4407126890,المعهد التكنولوجي العالي,School,Education,"تقع المعهد التكنولوجي العالي في القاهرة، مصر. نوع المنطقة: مدرسة. البيانات من OpenStreetMap.",0
31.4215137,30.1758837,4413976992,اسماء بنت ابي بكر الابتدائيه,School,Education,"تقع اسماء بنت ابي بكر الابتدائيه في القاهرة، مصر. نوع المنطقة: مدرسة. البيانات من OpenStreetMap.",0
31.165918,27.1879579,4415719689,كلية الصيدلة,School,Education,"تقع كلية الصيدلة في القاهرة، مصر. نوع المنطقة: مدرسة. البيانات من OpenStreetMap.",0
32.5064034,29.9566283,4424820093,المركز الطبي للبترول,Hospital,Health,"تقع المركز الطبي للبترول في القاهرة، مصر. نوع المنطقة: مستشفى. البيانات من OpenStreetMap.",0
31.2065441,30.0633824,4433384090,ابوزهرة,Clinic,Health,"تقع ابوزهرة في القاهرة، مصر. نوع المنطقة: عام. البيانات من OpenStreetMap.",0
31.2211084,30.0714239,4436512794,تجاره انجلش خارجيه جامعه حلوان,School,Education,"تقع تجاره انجلش خارجيه جامعه حلوان في القاهرة، مصر. نوع المنطقة: مدرسة. البيانات من OpenStreetMap.",0
31.2177266,30.042457,4456253990,مستشفي الكاتب,Clinic,Health,"تقع مستشفي الكاتب في القاهرة، مصر. نوع المنطقة: عام. البيانات من OpenStreetMap.",0
31.3238183,30.0724682,4469632892,د. ممدوح لبيب,Clinic,Health,"تقع د. ممدوح لبيب في القاهرة، مصر. نوع المنطقة: عام. البيانات من OpenStreetMap.",0
31.3348631,29.843024,4481982890,مدرسة حلوان الثانوية بنات,School,Education,"تقع مدرسة حلوان الثانوية بنات في القاهرة، مصر. نوع المنطقة: مدرسة. البيانات من OpenStreetMap.",0
31.0893498,29.0808297,4487356490,مدرسة الشعب,School,Education,"تقع مدرسة الشعب في القاهرة، مصر. نوع المنطقة: مدرسة. البيانات من OpenStreetMap.",0
31.0880078,29.08049,4487410290,مدرسة هابي هوم,School,Education,"تقع مدرسة هابي هوم في القاهرة، مصر. نوع المنطقة: مدرسة. البيانات من OpenStreetMap.",0
31.2257307,30.0307573,4507135890,وحده الملك فهد,Clinic,Health,"تقع وحده الملك فهد في القاهرة، مصر. نوع المنطقة: عام. البيانات من OpenStreetMap.",0
31.1379827,29.9916063,4507306689,دكتور محمد جلال الشيخ (مسالك بوليه),Clinic,Health,"تقع دكتور محمد جلال الشيخ (مسالك بوليه) في القاهرة، مصر. نوع المنطقة: عام. البيانات من OpenStreetMap.",0
31.6781779,30.5409402,4507494489,مستشفى ابوحماد العام,Hospital,Health,"تقع مستشفى ابوحماد العام في القاهرة، مصر. نوع المنطقة: مستشفى. البيانات من OpenStreetMap.",0
31.1764526,29.9945518,4510147392,صيدليه الفتح,Clinic,Health,"تقع صيدليه الفتح في القاهرة، مصر. نوع المنطقة: عام. البيانات من OpenStreetMap.",0
31.0856492,29.0699244,4515942291,مستشفى الدعوة,Hospital,Health,"تقع مستشفى الدعوة في القاهرة، مصر. نوع المنطقة: مستشفى. البيانات من OpenStreetMap.",0
31.1150868,29.0741499,4515942490,مستشفى التأمين الصحى ببنى سويف,Hospital,Health,"تقع مستشفى التأمين الصحى ببنى سويف في القاهرة، مصر. نوع المنطقة: مستشفى. البيانات من OpenStreetMap.",0
31.1500643,29.9903962,4516041489,مستشفى الهرم,Hospital,Health,"تقع مستشفى الهرم في القاهرة، مصر. نوع المنطقة: مستشفى. البيانات من OpenStreetMap.",0
31.1759901,30.9766441,4518397388,مستشفى المحلة الكبرى العام,Hospital,Health,"تقع مستشفى المحلة الكبرى العام في القاهرة، مصر. نوع المنطقة: مستشفى. البيانات من OpenStreetMap.",0
31.197121,30.052777,4535673596,رواد تصحيح الإبصار,Hospital,Health,"تقع رواد تصحيح الإبصار في القاهرة، مصر. نوع المنطقة: مستشفى. البيانات من OpenStreetMap.",0
32.7515625,25.9217049,4541619494,مستشفي قوص المركزى,Hospital,Health,"تقع مستشفي قوص المركزى في القاهرة، مصر. نوع المنطقة: مستشفى. البيانات من OpenStreetMap.",0
32.756759,25.919562,4541663489,عيادة جراحة العظام دكتور سعيد احمد,Clinic,Health,"تقع عيادة جراحة العظام دكتور سعيد احمد في القاهرة، مصر. نوع المنطقة: عام. البيانات من OpenStreetMap.",0
32.7883425,25.9335696,4541663490,المقربية الابتدائية الجديدة,School,Education,"تقع المقربية الابتدائية الجديدة في القاهرة، مصر. نوع المنطقة: مدرسة. البيانات من OpenStreetMap.",0
30.5059541,30.367109,4542663991,مستشفي السادات العام,Hospital,Health,"تقع مستشفي السادات العام في القاهرة، مصر. نوع المنطقة: مستشفى. البيانات من OpenStreetMap.",0
31.2349472,30.0292907,4548173996,مستشفي اطفال مصر- التأمين الصحي,Hospital,Health,"تقع مستشفي اطفال مصر- التأمين الصحي في القاهرة، مصر. نوع المنطقة: مستشفى. البيانات من OpenStreetMap.",0
31.3427807,30.8971817,4551344593,مدرسه,School,Education,"تقع مدرسه في القاهرة، مصر. نوع المنطقة: مدرسة. البيانات من OpenStreetMap.",0
31.2139692,30.0545611,4551373190,العجوزه الاعداديه المشتركه,School,Education,"تقع العجوزه الاعداديه المشتركه في القاهرة، مصر. نوع المنطقة: مدرسة. البيانات من OpenStreetMap.",0
31.1942975,30.0477787,4551412389,الشهيد نبيل سيد الرده (الناصريه),School,Education,"تقع الشهيد نبيل سيد الرده (الناصريه) في القاهرة، مصر. نوع المنطقة: مدرسة. البيانات من OpenStreetMap.",0
31.3352883,30.0941921,4557847093,مستشفى شاكر,Hospital,Health,"تقع مستشفى شاكر في القاهرة، مصر. نوع المنطقة: مستشفى. البيانات من OpenStreetMap.",0
32.0378048,26.0865691,4558024892,معهد فتيات بﻻد المال قبلى,School,Education,"تقع معهد فتيات بﻻد المال قبلى في القاهرة، مصر. نوع المنطقة: مدرسة. البيانات من OpenStreetMap.",0
31.1044618,27.2046435,4558822589,مدرسة مجمعة منقباد الإبتدائية المشتركة,School,Education,"تقع مدرسة مجمعة منقباد الإبتدائية المشتركة في القاهرة، مصر. نوع المنطقة: مدرسة. البيانات من OpenStreetMap.",0
30.6943135,28.702121,4559732591,جمعية الحامدون الخيرية ببرمشا,School,Education,"تقع جمعية الحامدون الخيرية ببرمشا في القاهرة، مصر. نوع المنطقة: مدرسة. البيانات من OpenStreetMap.",0
30.9317432,31.3299738,4560007307,مدرسه بكر الاعداديه المشتركه,School,Education,"تقع مدرسه بكر الاعداديه المشتركه في القاهرة، مصر. نوع المنطقة: مدرسة. البيانات من OpenStreetMap.",0
31.330529,30.0559906,4561090493,مستشفي جمال ابو العزايم,Hospital,Health,"تقع مستشفي جمال ابو العزايم في القاهرة، مصر. نوع المنطقة: مستشفى. البيانات من OpenStreetMap.",0
29.9265176,31.2109273,4563330892,مستشفى الانبا تكلا التخصصى,Hospital,Health,"تقع مستشفى الانبا تكلا التخصصى في القاهرة، مصر. نوع المنطقة: مستشفى. البيانات من OpenStreetMap.",0
30.9850562,30.7788846,4565737491,سيجر اداره الازهر,School,Education,"تقع سيجر اداره الازهر في القاهرة، مصر. نوع المنطقة: مدرسة. البيانات من OpenStreetMap.",0
30.9944267,30.9168313,4565739105,معهد سملا نموزجى وعادى,School,Education,"تقع معهد سملا نموزجى وعادى في القاهرة، مصر. نوع المنطقة: مدرسة. البيانات من OpenStreetMap.",0
30.9566141,30.9673292,4565739315,اداره قطور الازهريه(القسم),School,Education,"تقع اداره قطور الازهريه(القسم) في القاهرة، مصر. نوع المنطقة: مدرسة. البيانات من OpenStreetMap.",0
31.0585133,30.8042017,4565739508,معهد اشناواى الازهرى,School,Education,"تقع معهد اشناواى الازهرى في القاهرة، مصر. نوع المنطقة: مدرسة. البيانات من OpenStreetMap.",0
30.963896,30.9043785,4565739805,معهد بوريج الابتدائى,School,Education,"تقع معهد بوريج الابتدائى في القاهرة، مصر. نوع المنطقة: مدرسة. البيانات من OpenStreetMap.",0
30.9889198,30.779109,4565741090,معهد طنطا الاعدادى الثانوى بنين,School,Education,"تقع معهد طنطا الاعدادى الثانوى بنين في القاهرة، مصر. نوع المنطقة: مدرسة. البيانات من OpenStreetMap.",0
31.3492988,30.1045019,4567262789,عياده بيرفيكت دينتال,Clinic,Health,"تقع عياده بيرفيكت دينتال في القاهرة، مصر. نوع المنطقة: عام. البيانات من OpenStreetMap.",0
29.9159078,31.1945699,4569226791,مدرسة المأمون الابتدائية التجريبية للغات,School,Education,"تقع مدرسة المأمون الابتدائية التجريبية للغات في القاهرة، مصر. نوع المنطقة: مدرسة. البيانات من OpenStreetMap.",0
29.9168071,31.1949882,4569230990,مستشفى النزهة للقلب والعناية المركزة,Hospital,Health,"تقع مستشفى النزهة للقلب والعناية المركزة في القاهرة، مصر. نوع المنطقة: مستشفى. البيانات من OpenStreetMap.",0
29.9154382,31.1951922,4569230991,مدرسة جرين الابتدائية الخاصة,School,Education,"تقع مدرسة جرين الابتدائية الخاصة في القاهرة، مصر. نوع المنطقة: مدرسة. البيانات من OpenStreetMap.",0
31.0072636,30.8680071,4571614791,دار الطب,Clinic,Health,"تقع دار الطب في القاهرة، مصر. نوع المنطقة: عام. البيانات من OpenStreetMap.",0
29.9492136,31.2308163,4575165467,Hadyclinic for Plastic Surgery and Burn,Clinic,Health,"تقع Hadyclinic for Plastic Surgery and Burn في القاهرة، مصر. نوع المنطقة: عام. البيانات من OpenStreetMap.",0
32.6407748,25.6985339,4575796897,د.سامح ظريف,Clinic,Health,"تقع د.سامح ظريف في القاهرة، مصر. نوع المنطقة: عام. البيانات من OpenStreetMap.",0
32.6401007,25.6929075,4575832691,د.محمد بدوى,Clinic,Health,"تقع د.محمد بدوى في القاهرة، مصر. نوع المنطقة: عام. البيانات من OpenStreetMap.",0
32.639826,25.6939886,4575851892,د.مؤنس عبد الحميد,Clinic,Health,"تقع د.مؤنس عبد الحميد في القاهرة، مصر. نوع المنطقة: عام. البيانات من OpenStreetMap.",0
32.6465328,25.7030329,4575867589,د.ايفيت ظريف,Clinic,Health,"تقع د.ايفيت ظريف في القاهرة، مصر. نوع المنطقة: عام. البيانات من OpenStreetMap.",0
32.9474914,24.4781316,4575927531,د.باسم وحيد,Clinic,Health,"تقع د.باسم وحيد في القاهرة، مصر. نوع المنطقة: عام. البيانات من OpenStreetMap.",0
32.6487472,25.6913494,4575932895,د.رفيق زكرى,Clinic,Health,"تقع د.رفيق زكرى في القاهرة، مصر. نوع المنطقة: عام. البيانات من OpenStreetMap.",0
32.9477743,24.4784004,4575938804,د. مصطفى البصيلى,Clinic,Health,"تقع د. مصطفى البصيلى في القاهرة، مصر. نوع المنطقة: عام. البيانات من OpenStreetMap.",0
30.5507902,31.3510196,4575983319,مدرسة عوض الله,School,Education,"تقع مدرسة عوض الله في القاهرة، مصر. نوع المنطقة: مدرسة. البيانات من OpenStreetMap.",0
31.5011789,26.7678019,4575983700,د.مدحت ظريف,Clinic,Health,"تقع د.مدحت ظريف في القاهرة، مصر. نوع المنطقة: عام. البيانات من OpenStreetMap.",0
31.887971,26.3378526,4575983702,عثمان احمد عثمان,Clinic,Health,"تقع عثمان احمد عثمان في القاهرة، مصر. نوع المنطقة: عام. البيانات من OpenStreetMap.",0
31.6016112,26.7001425,4575983739,د. هناء شهدى,Hospital,Health,"تقع د. هناء شهدى في القاهرة، مصر. نوع المنطقة: مستشفى. البيانات من OpenStreetMap.",0
31.6017458,26.7005143,4575983740,د.ايمن عبدالحافظ,Clinic,Health,"تقع د.ايمن عبدالحافظ في القاهرة، مصر. نوع المنطقة: عام. البيانات من OpenStreetMap.",0
32.0563847,26.2737179,4575984692,د.عبد الحميد زغلول,Clinic,Health,"تقع د.عبد الحميد زغلول في القاهرة، مصر. نوع المنطقة: عام. البيانات من OpenStreetMap.",0
31.883077,26.3472289,4575984693,مها المصرى,Clinic,Health,"تقع مها المصرى في القاهرة، مصر. نوع المنطقة: عام. البيانات من OpenStreetMap.",0
31.6978573,26.5461182,4575984694,د.عبد الناصر بدوى,Hospital,Health,"تقع د.عبد الناصر بدوى في القاهرة، مصر. نوع المنطقة: مستشفى. البيانات من OpenStreetMap.",0
31.6931452,26.550535,4575984705,د.اكرم شعبان,Clinic,Health,"تقع د.اكرم شعبان في القاهرة، مصر. نوع المنطقة: عام. البيانات من OpenStreetMap.",0
31.6954683,26.5580083,4575984949,Email khela,Clinic,Health,"تقع Email khela في القاهرة، مصر. نوع المنطقة: عام. البيانات من OpenStreetMap.",0
31.8900134,26.3349686,4576018297,د.علاء مهران,Clinic,Health,"تقع د.علاء مهران في القاهرة، مصر. نوع المنطقة: عام. البيانات من OpenStreetMap.",0
31.6960427,26.5483285,4576039092,د.شادية حراز,Clinic,Health,"تقع د.شادية حراز في القاهرة، مصر. نوع المنطقة: عام. البيانات من OpenStreetMap.",0
31.6959177,26.5597429,4576039093,د.اسحق كامل,Clinic,Health,"تقع د.اسحق كامل في القاهرة، مصر. نوع المنطقة: عام. البيانات من OpenStreetMap.",0
31.6879869,26.5608066,4576039094,رمضان ابو الحسن,Clinic,Health,"تقع رمضان ابو الحسن في القاهرة، مصر. نوع المنطقة: عام. البيانات من OpenStreetMap.",0
31.6985433,26.5575517,4576039195,د.مينا مفيد,Clinic,Health,"تقع د.مينا مفيد في القاهرة، مصر. نوع المنطقة: عام. البيانات من OpenStreetMap.",0
31.8207758,26.3923998,4576039196,مجدى اديب,Clinic,Health,"تقع مجدى اديب في القاهرة، مصر. نوع المنطقة: عام. البيانات من OpenStreetMap.",0
31.8210057,26.3920354,4576039197,منتصر الدباح,Clinic,Health,"تقع منتصر الدباح في القاهرة، مصر. نوع المنطقة: عام. البيانات من OpenStreetMap.",0
31.7010139,26.5515615,4576039296,د.مهاب رياض,Clinic,Health,"تقع د.مهاب رياض في القاهرة، مصر. نوع المنطقة: عام. البيانات من OpenStreetMap.",0
31.697555,26.5580083,4576039297,د.جمال مازن,Clinic,Health,"تقع د.جمال مازن في القاهرة، مصر. نوع المنطقة: عام. البيانات من OpenStreetMap.",0
31.8893442,26.3327937,4576039298,سهير الجمال,Clinic,Health,"تقع سهير الجمال في القاهرة، مصر. نوع المنطقة: عام. البيانات من OpenStreetMap.",0
31.6921191,26.5704837,4576039299,اسامة عبد الحميد,Clinic,Health,"تقع اسامة عبد الحميد في القاهرة، مصر. نوع المنطقة: عام. البيانات من OpenStreetMap.",0
31.6961808,26.5581736,4576039392,D emil khela,Clinic,Health,"تقع D emil khela في القاهرة، مصر. نوع المنطقة: عام. البيانات من OpenStreetMap.",0
31.6959395,26.5483585,4576040191,د.عاطف حراز,Clinic,Health,"تقع د.عاطف حراز في القاهرة، مصر. نوع المنطقة: عام. البيانات من OpenStreetMap.",0
31.8011711,26.4772359,4576040192,نبيل فخرى,Clinic,Health,"تقع نبيل فخرى في القاهرة، مصر. نوع المنطقة: عام. البيانات من OpenStreetMap.",0
31.4756248,26.7391132,4576040193,عبد الحميد سلطان,Clinic,Health,"تقع عبد الحميد سلطان في القاهرة، مصر. نوع المنطقة: عام. البيانات من OpenStreetMap.",0
31.5015125,26.7660114,4576040194,مدحت ظريف,Clinic,Health,"تقع مدحت ظريف في القاهرة، مصر. نوع المنطقة: عام. البيانات من OpenStreetMap.",0
31.8911944,26.3324161,4576043491,د.نبيل صابر,Hospital,Health,"تقع د.نبيل صابر في القاهرة، مصر. نوع المنطقة: مستشفى. البيانات من OpenStreetMap.",0
31.4329438,26.9094763,4576043516,D.Mohamed taha Aboalam,Clinic,Health,"تقع D.Mohamed taha Aboalam في القاهرة، مصر. نوع المنطقة: عام. البيانات من OpenStreetMap.",0
31.6700609,26.6611505,4576043518,محمد فتحى,Clinic,Health,"تقع محمد فتحى في القاهرة، مصر. نوع المنطقة: عام. البيانات من OpenStreetMap.",0
31.6705367,26.6617517,4576043519,هشلم ابراهيم,Clinic,Health,"تقع هشلم ابراهيم في القاهرة، مصر. نوع المنطقة: عام. البيانات من OpenStreetMap.",0
31.4342235,26.9053581,4576043520,ياسر نوير,Clinic,Health,"تقع ياسر نوير في القاهرة، مصر. نوع المنطقة: عام. البيانات من OpenStreetMap.",0
31.437139,26.902668,4576044907,نشاءت سعيد,Clinic,Health,"تقع نشاءت سعيد في القاهرة، مصر. نوع المنطقة: عام. البيانات من OpenStreetMap.",0
31.4346883,26.9064117,4576044908,Samia Kamel,Clinic,Health,"تقع Samia Kamel في القاهرة، مصر. نوع المنطقة: عام. البيانات من OpenStreetMap.",0
31.4342783,26.9070517,4576044909,محمد عبد الدايم,Clinic,Health,"تقع محمد عبد الدايم في القاهرة، مصر. نوع المنطقة: عام. البيانات من OpenStreetMap.",0
31.4328283,26.9071967,4576044910,اشرف رضوات,Clinic,Health,"تقع اشرف رضوات في القاهرة، مصر. نوع المنطقة: عام. البيانات من OpenStreetMap.",0
31.4981953,26.7688214,4576056401,محمد يونس,Clinic,Health,"تقع محمد يونس في القاهرة، مصر. نوع المنطقة: عام. البيانات من OpenStreetMap.",0
31.500115,26.76628,4576056402,هانى محمود فؤاد,Clinic,Health,"تقع هانى محمود فؤاد في القاهرة، مصر. نوع المنطقة: عام. البيانات من OpenStreetMap.",0
31.671,26.66101,4576057094,ممدوح الخولى,Clinic,Health,"تقع ممدوح الخولى في القاهرة، مصر. نوع المنطقة: عام. البيانات من OpenStreetMap.",0
31.6016394,26.7007093,4576058589,م المراغة العام,Hospital,Health,"تقع م المراغة العام في القاهرة، مصر. نوع المنطقة: مستشفى. البيانات من OpenStreetMap.",0
31.5012017,26.7671833,4576058590,د.مدحت ظريف,Clinic,Health,"تقع د.مدحت ظريف في القاهرة، مصر. نوع المنطقة: عام. البيانات من OpenStreetMap.",0
31.49885,26.7679167,4576123691,ماهر بطيخ,Clinic,Health,"تقع ماهر بطيخ في القاهرة، مصر. نوع المنطقة: عام. البيانات من OpenStreetMap.",0
32.05831,26.2767883,4576123692,عبدالحكيم محمود,Clinic,Health,"تقع عبدالحكيم محمود في القاهرة، مصر. نوع المنطقة: عام. البيانات من OpenStreetMap.",0
31.6940995,26.5496434,4576123694,محمود عبدالحفيظ,Clinic,Health,"تقع محمود عبدالحفيظ في القاهرة، مصر. نوع المنطقة: عام. البيانات من OpenStreetMap.",0
31.5008467,26.76642,4576142189,عبدالحميد سلطان,Clinic,Health,"تقع عبدالحميد سلطان في القاهرة، مصر. نوع المنطقة: عام. البيانات من OpenStreetMap.",0
31.499225,26.7673633,4576143091,باسم الراهب,Clinic,Health,"تقع باسم الراهب في القاهرة، مصر. نوع المنطقة: عام. البيانات من OpenStreetMap.",0
31.6936972,26.549918,4576144192,احمد رضوان,Clinic,Health,"تقع احمد رضوان في القاهرة، مصر. نوع المنطقة: عام. البيانات من OpenStreetMap.",0
31.6876378,26.5638738,4576144193,م ناصر,Clinic,Health,"تقع م ناصر في القاهرة، مصر. نوع المنطقة: عام. البيانات من OpenStreetMap.",0
32.0582967,26.2765533,4576148689,عبدالله ابو نصير,Clinic,Health,"تقع عبدالله ابو نصير في القاهرة، مصر. نوع المنطقة: عام. البيانات من OpenStreetMap.",0
31.8210733,26.3932,4576148690,د.ياسر عثمان,Clinic,Health,"تقع د.ياسر عثمان في القاهرة، مصر. نوع المنطقة: عام. البيانات من OpenStreetMap.",0
31.6030617,26.69874,4576148691,د.ناصر ابو عقيل,Clinic,Health,"تقع د.ناصر ابو عقيل في القاهرة، مصر. نوع المنطقة: عام. البيانات من OpenStreetMap.",0
32.0554638,26.2754546,4576150189,محمود عبدالقادر,Clinic,Health,"تقع محمود عبدالقادر في القاهرة، مصر. نوع المنطقة: عام. البيانات من OpenStreetMap.",0
31.6946374,26.554738,4576150190,سهام صديق,Clinic,Health,"تقع سهام صديق في القاهرة، مصر. نوع المنطقة: عام. البيانات من OpenStreetMap.",0
31.692941,26.5504649,4576150191,احمد الطيب,Clinic,Health,"تقع احمد الطيب في القاهرة، مصر. نوع المنطقة: عام. البيانات من OpenStreetMap.",0
31.6705,26.6619731,4576150193,محمود خلف,Clinic,Health,"تقع محمود خلف في القاهرة، مصر. نوع المنطقة: عام. البيانات من OpenStreetMap.",0
31.6983432,26.5608014,4576150194,الزهراء السيد شرف,Clinic,Health,"تقع الزهراء السيد شرف في القاهرة، مصر. نوع المنطقة: عام. البيانات من OpenStreetMap.",0
32.0557889,26.2762633,4576150889,اشرف عابدين,Clinic,Health,"تقع اشرف عابدين في القاهرة، مصر. نوع المنطقة: عام. البيانات من OpenStreetMap.",0
31.6051589,26.7008736,4576150892,فيولا جمال,Clinic,Health,"تقع فيولا جمال في القاهرة، مصر. نوع المنطقة: عام. البيانات من OpenStreetMap.",0
31.6965833,26.5587785,4576159689,د.اميل خله,Clinic,Health,"تقع د.اميل خله في القاهرة، مصر. نوع المنطقة: عام. البيانات من OpenStreetMap.",0
31.8900333,26.3352533,4576159690,هويدا منصور,Clinic,Health,"تقع هويدا منصور في القاهرة، مصر. نوع المنطقة: عام. البيانات من OpenStreetMap.",0
31.5001445,26.7695068,4576159693,عبدالحميد,Clinic,Health,"تقع عبدالحميد في القاهرة، مصر. نوع المنطقة: عام. البيانات من OpenStreetMap.",0
31.6926405,26.5646769,4576173389,اكرم قدرى,Clinic,Health,"تقع اكرم قدرى في القاهرة، مصر. نوع المنطقة: عام. البيانات من OpenStreetMap.",0
31.890577,26.335061,4576199091,مجدى اديب,Clinic,Health,"تقع مجدى اديب في القاهرة، مصر. نوع المنطقة: عام. البيانات من OpenStreetMap.",0
32.000565,26.2348033,4576824191,بيشوى نبيل,Clinic,Health,"تقع بيشوى نبيل في القاهرة، مصر. نوع المنطقة: عام. البيانات من OpenStreetMap.",0
31.8884233,26.332055,4576829494,درويش عصام,Clinic,Health,"تقع درويش عصام في القاهرة، مصر. نوع المنطقة: عام. البيانات من OpenStreetMap.",0
31.8892963,26.3314146,4576833890,محمد جمال حماية,Clinic,Health,"تقع محمد جمال حماية في القاهرة، مصر. نوع المنطقة: عام. البيانات من OpenStreetMap.",0
31.6916194,26.5571117,4576879794,اسكندر عزمى,Clinic,Health,"تقع اسكندر عزمى في القاهرة، مصر. نوع المنطقة: عام. البيانات من OpenStreetMap.",0
31.8899249,26.3314797,4576911189,ايمن السكرى,Clinic,Health,"تقع ايمن السكرى في القاهرة، مصر. نوع المنطقة: عام. البيانات من OpenStreetMap.",0
31.688066,26.5554121,4576912091,عاطف حبيب,Clinic,Health,"تقع عاطف حبيب في القاهرة، مصر. نوع المنطقة: عام. البيانات من OpenStreetMap.",0
32.0027466,26.2348316,4576917889,ابراهيم صالح,Clinic,Health,"تقع ابراهيم صالح في القاهرة، مصر. نوع المنطقة: عام. البيانات من OpenStreetMap.",0
31.69913,26.5450183,4576923789,مايكل سامى,Clinic,Health,"تقع مايكل سامى في القاهرة، مصر. نوع المنطقة: عام. البيانات من OpenStreetMap.",0
31.8905881,26.3350561,4576931889,احمد طه,Clinic,Health,"تقع احمد طه في القاهرة، مصر. نوع المنطقة: عام. البيانات من OpenStreetMap.",0
31.9988513,26.2352823,4576931890,عواطف عبد الفتاح,Clinic,Health,"تقع عواطف عبد الفتاح في القاهرة، مصر. نوع المنطقة: عام. البيانات من OpenStreetMap.",0
31.691684,26.5528673,4576934790,ايمن طه موسى,Clinic,Health,"تقع ايمن طه موسى في القاهرة، مصر. نوع المنطقة: عام. البيانات من OpenStreetMap.",0
32.0038689,26.2344955,4576934791,دكتورة هبه رشاد,Clinic,Health,"تقع دكتورة هبه رشاد في القاهرة، مصر. نوع المنطقة: عام. البيانات من OpenStreetMap.",0
31.6887191,26.5598234,4576937789,نظام كامل,Clinic,Health,"تقع نظام كامل في القاهرة، مصر. نوع المنطقة: عام. البيانات من OpenStreetMap.",0
31.6920099,26.5693466,4576943290,شادى فاروق,Clinic,Health,"تقع شادى فاروق في القاهرة، مصر. نوع المنطقة: عام. البيانات من OpenStreetMap.",0
31.7347409,30.296051,4579809392,مدارس المصرية المتكاملة,School,Education,"تقع مدارس المصرية المتكاملة في القاهرة، مصر. نوع المنطقة: مدرسة. البيانات من OpenStreetMap.",0
30.0623411,31.304292,4579813697,مدرسة الفريق عبد المنعم واصل الرسمية لغات,School,Education,"تقع مدرسة الفريق عبد المنعم واصل الرسمية لغات في القاهرة، مصر. نوع المنطقة: مدرسة. البيانات من OpenStreetMap.",0
31.4417926,30.1544511,4584818900,نفرتاري للغات,School,Education,"تقع نفرتاري للغات في القاهرة، مصر. نوع المنطقة: مدرسة. البيانات من OpenStreetMap.",0
31.24174,29.9674551,4587257690,مستشفى المعادى ق.م,Hospital,Health,"تقع مستشفى المعادى ق.م في القاهرة، مصر. نوع المنطقة: مستشفى. البيانات من OpenStreetMap.",0
31.3814885,31.2187183,4588746089,مدرسة الترزى بلقاس دقهليه,School,Education,"تقع مدرسة الترزى بلقاس دقهليه في القاهرة، مصر. نوع المنطقة: مدرسة. البيانات من OpenStreetMap.",0
29.9669399,31.2463037,4589307996,الدولبة لتدريب اطقم اليخوت,School,Education,"تقع الدولبة لتدريب اطقم اليخوت في القاهرة، مصر. نوع المنطقة: مدرسة. البيانات من OpenStreetMap.",0
31.5210962,30.5857599,4597508390,كلية الزراعة جامعة الزقازيق,School,Education,"تقع كلية الزراعة جامعة الزقازيق في القاهرة، مصر. نوع المنطقة: مدرسة. البيانات من OpenStreetMap.",0
31.2084314,30.0400411,4599426889,"عيادة الدكتور ""الأيمن فتحي حسين""",Clinic,Health,"تقع عيادة الدكتور ""الأيمن فتحي حسين"" في القاهرة، مصر. نوع المنطقة: عام. البيانات من OpenStreetMap.",0
31.3263385,30.049253,4607726053,Al Sayida Aisha School,School,Education,"تقع Al Sayida Aisha School في القاهرة، مصر. نوع المنطقة: مدرسة. البيانات من OpenStreetMap.",0
31.7369658,26.4246063,4616644589,د مايكل نعيم العمايده,Clinic,Health,"تقع د مايكل نعيم العمايده في القاهرة، مصر. نوع المنطقة: عام. البيانات من OpenStreetMap.",0
31.693459,26.5505173,4622546792,د.محمد صفوت,Clinic,Health,"تقع د.محمد صفوت في القاهرة، مصر. نوع المنطقة: عام. البيانات من OpenStreetMap.",0
31.7417025,30.2925951,4638382090,مدرسة البنات الرسمية للغات,School,Education,"تقع مدرسة البنات الرسمية للغات في القاهرة، مصر. نوع المنطقة: مدرسة. البيانات من OpenStreetMap.",0
31.7289563,30.3136689,4638382091,عمر بن العاص الرسمية,School,Education,"تقع عمر بن العاص الرسمية في القاهرة، مصر. نوع المنطقة: مدرسة. البيانات من OpenStreetMap.",0
31.3181568,30.1130399,4643156891,مستشفي الحلمية العسكري,Hospital,Health,"تقع مستشفي الحلمية العسكري في القاهرة، مصر. نوع المنطقة: مستشفى. البيانات من OpenStreetMap.",0
32.3202676,31.2440232,4643646691,مستشفى بورفواد,Hospital,Health,"تقع مستشفى بورفواد في القاهرة، مصر. نوع المنطقة: مستشفى. البيانات من OpenStreetMap.",0
31.4909946,30.5872137,4658648390,عيادة المبرة الشاملة,Hospital,Health,"تقع عيادة المبرة الشاملة في القاهرة، مصر. نوع المنطقة: مستشفى. البيانات من OpenStreetMap.",0
31.2079311,30.0486115,4682221091,دكتور بدران,Hospital,Health,"تقع دكتور بدران في القاهرة، مصر. نوع المنطقة: مستشفى. البيانات من OpenStreetMap.",0
29.9385546,31.2103065,4683208396,مستشفى المدينة للمرأة,Hospital,Health,"تقع مستشفى المدينة للمرأة في القاهرة، مصر. نوع المنطقة: مستشفى. البيانات من OpenStreetMap.",0
31.306246,30.0962148,4684958289,عيادة الدكتور سامح السيد سالم,Clinic,Health,"تقع عيادة الدكتور سامح السيد سالم في القاهرة، مصر. نوع المنطقة: عام. البيانات من OpenStreetMap.",0
31.1506313,29.9907225,4693001189,مستشفي الهرم,Hospital,Health,"تقع مستشفي الهرم في القاهرة، مصر. نوع المنطقة: مستشفى. البيانات من OpenStreetMap.",0
31.3737691,30.1275872,4701452889,أكاديمية النزهة الجديده للمساحة ونظم المعلومات,School,Education,"تقع أكاديمية النزهة الجديده للمساحة ونظم المعلومات في القاهرة، مصر. نوع المنطقة: مدرسة. البيانات من OpenStreetMap.",0
34.3952838,30.368827,4711604389,الوحدة الصحية,Hospital,Health,"تقع الوحدة الصحية في القاهرة، مصر. نوع المنطقة: مستشفى. البيانات من OpenStreetMap.",0
31.6853934,30.5346131,4714151393,الثانوية بنين,School,Education,"تقع الثانوية بنين في القاهرة، مصر. نوع المنطقة: مدرسة. البيانات من OpenStreetMap.",0
31.6853001,30.5345751,4714151491,الثانوية بنات,School,Education,"تقع الثانوية بنات في القاهرة، مصر. نوع المنطقة: مدرسة. البيانات من OpenStreetMap.",0
31.68098,30.5335538,4714164490,مدرسة الصنايع,School,Education,"تقع مدرسة الصنايع في القاهرة، مصر. نوع المنطقة: مدرسة. البيانات من OpenStreetMap.",0
31.7363957,30.2986627,4716174098,يو سى ماس,School,Education,"تقع يو سى ماس في القاهرة، مصر. نوع المنطقة: مدرسة. البيانات من OpenStreetMap.",0
34.6089114,25.6013878,4716324527,Jaz Lamaya clinic,Clinic,Health,"تقع Jaz Lamaya clinic في القاهرة، مصر. نوع المنطقة: عام. البيانات من OpenStreetMap.",0
31.3287032,30.0888906,4721454089,مدرسة مصر الجديدة النموذجية بنات,School,Education,"تقع مدرسة مصر الجديدة النموذجية بنات في القاهرة، مصر. نوع المنطقة: مدرسة. البيانات من OpenStreetMap.",0
31.3826141,30.0930561,4733980424,مركز طبي مساكن شيراتون,Hospital,Health,"تقع مركز طبي مساكن شيراتون في القاهرة، مصر. نوع المنطقة: مستشفى. البيانات من OpenStreetMap.",0
31.6804017,30.5440661,4735372722,مدرسة التجارة,School,Education,"تقع مدرسة التجارة في القاهرة، مصر. نوع المنطقة: مدرسة. البيانات من OpenStreetMap.",0
31.5994922,30.169909,4736356223,مدرسة الدوار,School,Education,"تقع مدرسة الدوار في القاهرة، مصر. نوع المنطقة: مدرسة. البيانات من OpenStreetMap.",0
31.5149299,26.7762134,4743090027,مجمع 25 يناير التعليمي,School,Education,"تقع مجمع 25 يناير التعليمي في القاهرة، مصر. نوع المنطقة: مدرسة. البيانات من OpenStreetMap.",0
31.4973678,26.7738527,4743134421,طهطا العام,Hospital,Health,"تقع طهطا العام في القاهرة، مصر. نوع المنطقة: مستشفى. البيانات من OpenStreetMap.",0
31.3409817,30.0810958,4743822321,مس إيرينى,School,Education,"تقع مس إيرينى في القاهرة، مصر. نوع المنطقة: مدرسة. البيانات من OpenStreetMap.",0
29.9406952,31.2123904,4745917821,مركز الصفوة للعيون,Hospital,Health,"تقع مركز الصفوة للعيون في القاهرة، مصر. نوع المنطقة: مستشفى. البيانات من OpenStreetMap.",0
29.9520648,31.2337129,4745917822,الهيئة العامة للتأمين الصحي,Hospital,Health,"تقع الهيئة العامة للتأمين الصحي في القاهرة، مصر. نوع المنطقة: مستشفى. البيانات من OpenStreetMap.",0
34.887139,25.0612439,4750648997,One Life Hospital,Clinic,Health,"تقع One Life Hospital في القاهرة، مصر. نوع المنطقة: عام. البيانات من OpenStreetMap.",0
31.2728416,30.7352406,4754465334,مستشفى التكامل بميت محسن,Hospital,Health,"تقع مستشفى التكامل بميت محسن في القاهرة، مصر. نوع المنطقة: مستشفى. البيانات من OpenStreetMap.",0
29.8822714,31.2086119,4759244922,مدرسة الأنفوشي الثانوية - بنين,School,Education,"تقع مدرسة الأنفوشي الثانوية - بنين في القاهرة، مصر. نوع المنطقة: مدرسة. البيانات من OpenStreetMap.",0
29.8815197,31.2083488,4759348722,مستشفى النقراشي,Hospital,Health,"تقع مستشفى النقراشي في القاهرة، مصر. نوع المنطقة: مستشفى. البيانات من OpenStreetMap.",0
31.3844462,31.0474963,4765039480,"عيادة أ.د. محمد أبوحجازى لطب المخ والأعصاب Prof.Dr. Mohammad Abu-Hegazy, Neurology Consultant",Hospital,Health,"تقع عيادة أ.د. محمد أبوحجازى لطب المخ والأعصاب Prof.Dr. Mohammad Abu-Hegazy, Neurology Consultant في القاهرة، مصر. نوع المنطقة: مستشفى. البيانات من OpenStreetMap.",0
29.941556,31.2168583,4781406721,مستشفى بدراوى,Hospital,Health,"تقع مستشفى بدراوى في القاهرة، مصر. نوع المنطقة: مستشفى. البيانات من OpenStreetMap.",0
31.0152798,30.5606982,4787216421,مستشفي موده عيون,Hospital,Health,"تقع مستشفي موده عيون في القاهرة، مصر. نوع المنطقة: مستشفى. البيانات من OpenStreetMap.",0
31.2559295,30.1012896,4796819622,مدرسه احمد حلمي,School,Education,"تقع مدرسه احمد حلمي في القاهرة، مصر. نوع المنطقة: مدرسة. البيانات من OpenStreetMap.",0
31.0120502,30.0394462,4805841724,M.S.G International British School of Egypt,School,Education,"تقع M.S.G International British School of Egypt في القاهرة، مصر. نوع المنطقة: مدرسة. البيانات من OpenStreetMap.",0
31.4029127,31.0531765,4809625722,الزهراء اللغات,School,Education,"تقع الزهراء اللغات في القاهرة، مصر. نوع المنطقة: مدرسة. البيانات من OpenStreetMap.",0
32.5583775,25.2916299,4812390121,مست إسنا المركزي,Hospital,Health,"تقع مست إسنا المركزي في القاهرة، مصر. نوع المنطقة: مستشفى. البيانات من OpenStreetMap.",0
31.3331087,30.0447659,4822481526,سنتر ميراج,School,Education,"تقع سنتر ميراج في القاهرة، مصر. نوع المنطقة: مدرسة. البيانات من OpenStreetMap.",0
32.878682,24.9796725,4826153923,محمد يونس,Clinic,Health,"تقع محمد يونس في القاهرة، مصر. نوع المنطقة: عام. البيانات من OpenStreetMap.",0
32.9038398,24.0867279,4826153925,اسامه زكريا,Clinic,Health,"تقع اسامه زكريا في القاهرة، مصر. نوع المنطقة: عام. البيانات من OpenStreetMap.",0
32.8767068,24.9793491,4826162321,حمدى كعوان,Clinic,Health,"تقع حمدى كعوان في القاهرة، مصر. نوع المنطقة: عام. البيانات من OpenStreetMap.",0
32.8795012,24.9797105,4826162322,حمزة سعد,Clinic,Health,"تقع حمزة سعد في القاهرة، مصر. نوع المنطقة: عام. البيانات من OpenStreetMap.",0
32.8805344,24.9823432,4826162323,عبد الاله العونى,Clinic,Health,"تقع عبد الاله العونى في القاهرة، مصر. نوع المنطقة: عام. البيانات من OpenStreetMap.",0
32.8817735,24.9831197,4826162324,عمرو بكرى,Clinic,Health,"تقع عمرو بكرى في القاهرة، مصر. نوع المنطقة: عام. البيانات من OpenStreetMap.",0
32.8611272,24.9377155,4826164222,هانى جرجس,Clinic,Health,"تقع هانى جرجس في القاهرة، مصر. نوع المنطقة: عام. البيانات من OpenStreetMap.",0
32.9050353,24.0865218,4826164224,ادهم بدوى,Clinic,Health,"تقع ادهم بدوى في القاهرة، مصر. نوع المنطقة: عام. البيانات من OpenStreetMap.",0
32.9067892,24.101074,4826164225,يحى ابراهيم صدر,Clinic,Health,"تقع يحى ابراهيم صدر في القاهرة، مصر. نوع المنطقة: عام. البيانات من OpenStreetMap.",0
32.9092525,24.093629,4826172921,محمد حسن صدر,Clinic,Health,"تقع محمد حسن صدر في القاهرة، مصر. نوع المنطقة: عام. البيانات من OpenStreetMap.",0
32.9077925,24.0940853,4826172922,فوزى عباس نسا,Clinic,Health,"تقع فوزى عباس نسا في القاهرة، مصر. نوع المنطقة: عام. البيانات من OpenStreetMap.",0
32.9018307,24.0933572,4826173721,عبد الحميد حامد نسا,Clinic,Health,"تقع عبد الحميد حامد نسا في القاهرة، مصر. نوع المنطقة: عام. البيانات من OpenStreetMap.",0
32.9092453,24.0859508,4826173722,نادية محمود نسا,Clinic,Health,"تقع نادية محمود نسا في القاهرة، مصر. نوع المنطقة: عام. البيانات من OpenStreetMap.",0
32.946232,24.4741604,4826177721,علاء عبد الوهاب,Clinic,Health,"تقع علاء عبد الوهاب في القاهرة، مصر. نوع المنطقة: عام. البيانات من OpenStreetMap.",0
32.8814104,24.9827634,4826178921,ربيع حسين,Clinic,Health,"تقع ربيع حسين في القاهرة، مصر. نوع المنطقة: عام. البيانات من OpenStreetMap.",0
32.8749821,24.9818717,4826178922,سليم حسن,Clinic,Health,"تقع سليم حسن في القاهرة، مصر. نوع المنطقة: عام. البيانات من OpenStreetMap.",0
32.8759904,24.9792646,4826179722,نجاح عبد المجيد,Clinic,Health,"تقع نجاح عبد المجيد في القاهرة، مصر. نوع المنطقة: عام. البيانات من OpenStreetMap.",0
32.8753124,24.9791944,4826179725,عماد مصطفى حامد,Clinic,Health,"تقع عماد مصطفى حامد في القاهرة، مصر. نوع المنطقة: عام. البيانات من OpenStreetMap.",0
32.9482577,24.4768284,4826179727,محمد عبدالوهاب,Clinic,Health,"تقع محمد عبدالوهاب في القاهرة، مصر. نوع المنطقة: عام. البيانات من OpenStreetMap.",0
32.8754664,24.9748386,4826179823,بلال ابوزيد,Clinic,Health,"تقع بلال ابوزيد في القاهرة، مصر. نوع المنطقة: عام. البيانات من OpenStreetMap.",0
32.875596,24.9744804,4826180821,اسماء فوزى,Clinic,Health,"تقع اسماء فوزى في القاهرة، مصر. نوع المنطقة: عام. البيانات من OpenStreetMap.",0
32.9480618,24.477815,4826180822,محمد كمال,Clinic,Health,"تقع محمد كمال في القاهرة، مصر. نوع المنطقة: عام. البيانات من OpenStreetMap.",0
32.9515012,24.4760167,4826187221,محمد السلواوى,Clinic,Health,"تقع محمد السلواوى في القاهرة، مصر. نوع المنطقة: عام. البيانات من OpenStreetMap.",0
32.9473099,24.4769322,4826187821,محمود النجار,Clinic,Health,"تقع محمود النجار في القاهرة، مصر. نوع المنطقة: عام. البيانات من OpenStreetMap.",0
32.9505045,24.4780936,4826188121,مصطفى أبو الغيط,Clinic,Health,"تقع مصطفى أبو الغيط في القاهرة، مصر. نوع المنطقة: عام. البيانات من OpenStreetMap.",0
32.9526466,24.4785766,4826189721,طه الفارسى,Clinic,Health,"تقع طه الفارسى في القاهرة، مصر. نوع المنطقة: عام. البيانات من OpenStreetMap.",0
32.9483395,24.4801042,4826189722,فاطمة يوسف,Clinic,Health,"تقع فاطمة يوسف في القاهرة، مصر. نوع المنطقة: عام. البيانات من OpenStreetMap.",0
32.9512553,24.4752519,4826190421,أشرف الأمير,Clinic,Health,"تقع أشرف الأمير في القاهرة، مصر. نوع المنطقة: عام. البيانات من OpenStreetMap.",0
32.9013831,24.0957267,4826190426,محى راغب,Clinic,Health,"تقع محى راغب في القاهرة، مصر. نوع المنطقة: عام. البيانات من OpenStreetMap.",0
32.8956241,24.0901002,4826190922,فاطمة فوزى,Clinic,Health,"تقع فاطمة فوزى في القاهرة، مصر. نوع المنطقة: عام. البيانات من OpenStreetMap.",0
32.8941386,24.0857654,4826191222,نبيل تاودروس,Clinic,Health,"تقع نبيل تاودروس في القاهرة، مصر. نوع المنطقة: عام. البيانات من OpenStreetMap.",0
32.9004552,24.0914098,4826191227,قمر احمد محمد,Clinic,Health,"تقع قمر احمد محمد في القاهرة، مصر. نوع المنطقة: عام. البيانات من OpenStreetMap.",0
32.8949782,24.0849399,4826192921,ياسر عبدالكريم,Clinic,Health,"تقع ياسر عبدالكريم في القاهرة، مصر. نوع المنطقة: عام. البيانات من OpenStreetMap.",0
32.8980926,24.0848245,4826192922,بهاء الهوارى,Clinic,Health,"تقع بهاء الهوارى في القاهرة، مصر. نوع المنطقة: عام. البيانات من OpenStreetMap.",0
32.8946794,24.0849879,4826200322,ناهد شلك,Clinic,Health,"تقع ناهد شلك في القاهرة، مصر. نوع المنطقة: عام. البيانات من OpenStreetMap.",0
32.9092225,24.0840496,4826200323,محمد خليفة,Clinic,Health,"تقع محمد خليفة في القاهرة، مصر. نوع المنطقة: عام. البيانات من OpenStreetMap.",0
32.9492466,24.4774123,4826200324,نادر الشوربجى,Clinic,Health,"تقع نادر الشوربجى في القاهرة، مصر. نوع المنطقة: عام. البيانات من OpenStreetMap.",0
32.9481874,24.4777904,4826200325,فاطمة يوسف,Clinic,Health,"تقع فاطمة يوسف في القاهرة، مصر. نوع المنطقة: عام. البيانات من OpenStreetMap.",0
32.9483554,24.4802912,4826200326,اسامة نيازى,Clinic,Health,"تقع اسامة نيازى في القاهرة، مصر. نوع المنطقة: عام. البيانات من OpenStreetMap.",0
32.9456833,24.4772308,4826218221,أحمد سويلم,Clinic,Health,"تقع أحمد سويلم في القاهرة، مصر. نوع المنطقة: عام. البيانات من OpenStreetMap.",0
32.8764357,24.9791415,4826218222,محمد عطية,Clinic,Health,"تقع محمد عطية في القاهرة، مصر. نوع المنطقة: عام. البيانات من OpenStreetMap.",0
32.8810507,24.9826114,4826218223,محمد مهلل,Clinic,Health,"تقع محمد مهلل في القاهرة، مصر. نوع المنطقة: عام. البيانات من OpenStreetMap.",0
32.9290482,24.4096528,4826218224,محمود رضا,Clinic,Health,"تقع محمود رضا في القاهرة، مصر. نوع المنطقة: عام. البيانات من OpenStreetMap.",0
32.9297859,24.4120721,4826218225,ياسر خليل,Clinic,Health,"تقع ياسر خليل في القاهرة، مصر. نوع المنطقة: عام. البيانات من OpenStreetMap.",0
32.9282362,24.409177,4826218226,توفيق عنتر,Clinic,Health,"تقع توفيق عنتر في القاهرة، مصر. نوع المنطقة: عام. البيانات من OpenStreetMap.",0
32.9520809,24.4775599,4826218321,مصطفى جعفر,Clinic,Health,"تقع مصطفى جعفر في القاهرة، مصر. نوع المنطقة: عام. البيانات من OpenStreetMap.",0
32.8769441,24.9851346,4826218322,عبدالسلام السايح,Clinic,Health,"تقع عبدالسلام السايح في القاهرة، مصر. نوع المنطقة: عام. البيانات من OpenStreetMap.",0
32.9298983,24.4121102,4826218323,رافت فضلى,Clinic,Health,"تقع رافت فضلى في القاهرة، مصر. نوع المنطقة: عام. البيانات من OpenStreetMap.",0
32.9503156,24.4764599,4826219721,محمود عبدالفتاح,Clinic,Health,"تقع محمود عبدالفتاح في القاهرة، مصر. نوع المنطقة: عام. البيانات من OpenStreetMap.",0
32.8806747,24.9825327,4826219722,شعبان كامل,Clinic,Health,"تقع شعبان كامل في القاهرة، مصر. نوع المنطقة: عام. البيانات من OpenStreetMap.",0
32.9111474,24.0845575,4826226622,ناديه محمود,Clinic,Health,"تقع ناديه محمود في القاهرة، مصر. نوع المنطقة: عام. البيانات من OpenStreetMap.",0
32.8815234,24.9827792,4826226624,محسن راجح,Clinic,Health,"تقع محسن راجح في القاهرة، مصر. نوع المنطقة: عام. البيانات من OpenStreetMap.",0
32.9482118,24.4751782,4826226626,إبراهيم أحمد,Clinic,Health,"تقع إبراهيم أحمد في القاهرة، مصر. نوع المنطقة: عام. البيانات من OpenStreetMap.",0
32.9295966,24.4101442,4826230221,معتز محمد,Clinic,Health,"تقع معتز محمد في القاهرة، مصر. نوع المنطقة: عام. البيانات من OpenStreetMap.",0
32.927626,24.4073873,4826230222,مرفت حسن,Clinic,Health,"تقع مرفت حسن في القاهرة، مصر. نوع المنطقة: عام. البيانات من OpenStreetMap.",0
32.8948088,24.0850021,4826232624,احمد رجب,Clinic,Health,"تقع احمد رجب في القاهرة، مصر. نوع المنطقة: عام. البيانات من OpenStreetMap.",0
32.9286425,24.4092826,4826233121,طارق فايز,Clinic,Health,"تقع طارق فايز في القاهرة، مصر. نوع المنطقة: عام. البيانات من OpenStreetMap.",0
32.8977258,24.0829595,4826233122,احمد قناوى,Clinic,Health,"تقع احمد قناوى في القاهرة، مصر. نوع المنطقة: عام. البيانات من OpenStreetMap.",0
32.5502037,25.3045153,4826236722,احمد فراج,Clinic,Health,"تقع احمد فراج في القاهرة، مصر. نوع المنطقة: عام. البيانات من OpenStreetMap.",0
32.9085526,24.083975,4826239821,جرجس نادى,Clinic,Health,"تقع جرجس نادى في القاهرة، مصر. نوع المنطقة: عام. البيانات من OpenStreetMap.",0
32.9515036,24.4760787,4827043123,محمد السلواوى,Clinic,Health,"تقع محمد السلواوى في القاهرة، مصر. نوع المنطقة: عام. البيانات من OpenStreetMap.",0
32.6403654,25.6890049,4827090722,صديق احمد,Clinic,Health,"تقع صديق احمد في القاهرة، مصر. نوع المنطقة: عام. البيانات من OpenStreetMap.",0
32.6402913,25.6921967,4827096722,فهد فاضل,Clinic,Health,"تقع فهد فاضل في القاهرة، مصر. نوع المنطقة: عام. البيانات من OpenStreetMap.",0
31.2112053,30.0507952,4829303623,المصل واللقاح,Hospital,Health,"تقع المصل واللقاح في القاهرة، مصر. نوع المنطقة: مستشفى. البيانات من OpenStreetMap.",0
29.9507951,31.2296187,4833291729,مدرسة رشدي الثانوية الصناعية - بنات,School,Education,"تقع مدرسة رشدي الثانوية الصناعية - بنات في القاهرة، مصر. نوع المنطقة: مدرسة. البيانات من OpenStreetMap.",0
32.4759886,25.5025387,4838404723,وحدة صحة الغريرة,Hospital,Health,"تقع وحدة صحة الغريرة في القاهرة، مصر. نوع المنطقة: مستشفى. البيانات من OpenStreetMap.",0
34.3951402,30.3689709,4853146023,الوحدة الصحية بقرية بئر بدا,Hospital,Health,"تقع الوحدة الصحية بقرية بئر بدا في القاهرة، مصر. نوع المنطقة: مستشفى. البيانات من OpenStreetMap.",0
31.9988211,26.2356712,4884524121,معمل الشفاء,Clinic,Health,"تقع معمل الشفاء في القاهرة، مصر. نوع المنطقة: عام. البيانات من OpenStreetMap.",0
32.2137074,26.0601147,4891526623,داود تكلا بك,School,Education,"تقع داود تكلا بك في القاهرة، مصر. نوع المنطقة: مدرسة. البيانات من OpenStreetMap.",0
29.9371354,31.2068516,4899849821,مدرسة عباس العقاد الإعدادية,School,Education,"تقع مدرسة عباس العقاد الإعدادية في القاهرة، مصر. نوع المنطقة: مدرسة. البيانات من OpenStreetMap.",0
30.7747717,28.6954304,4913935120,مستشفى العدوة العام,Hospital,Health,"تقع مستشفى العدوة العام في القاهرة، مصر. نوع المنطقة: مستشفى. البيانات من OpenStreetMap.",0
31.2492731,30.0983691,4914746727,مستشفي الفتح الخلفاوي,Hospital,Health,"تقع مستشفي الفتح الخلفاوي في القاهرة، مصر. نوع المنطقة: مستشفى. البيانات من OpenStreetMap.",0
31.3334341,30.1046866,4924166623,مستشفي بتروجاس,Hospital,Health,"تقع مستشفي بتروجاس في القاهرة، مصر. نوع المنطقة: مستشفى. البيانات من OpenStreetMap.",0
31.3311765,30.103598,4927950621,مستشفي بتروجاس - قطاع البترول,Hospital,Health,"تقع مستشفي بتروجاس - قطاع البترول في القاهرة، مصر. نوع المنطقة: مستشفى. البيانات من OpenStreetMap.",0
29.9468087,31.2235999,4947150522,مدرسة عبد الله النديم الإعدادية,School,Education,"تقع مدرسة عبد الله النديم الإعدادية في القاهرة، مصر. نوع المنطقة: مدرسة. البيانات من OpenStreetMap.",0
29.9474539,31.2234965,4947150621,مدرسة مصطفى كامل الثانوية الصناعية بنات,School,Education,"تقع مدرسة مصطفى كامل الثانوية الصناعية بنات في القاهرة، مصر. نوع المنطقة: مدرسة. البيانات من OpenStreetMap.",0
29.9474299,31.2246436,4947159121,مدرسة المقدم شريف محمد عمر,School,Education,"تقع مدرسة المقدم شريف محمد عمر في القاهرة، مصر. نوع المنطقة: مدرسة. البيانات من OpenStreetMap.",0
29.9790886,31.2571133,4960265626,مدرسة سيدي بشر الإعدادية القديمة - بنات,School,Education,"تقع مدرسة سيدي بشر الإعدادية القديمة - بنات في القاهرة، مصر. نوع المنطقة: مدرسة. البيانات من OpenStreetMap.",0
31.6015578,26.7001923,4962015223,د محمود عبد الراضى,Clinic,Health,"تقع د محمود عبد الراضى في القاهرة، مصر. نوع المنطقة: عام. البيانات من OpenStreetMap.",0
31.2040393,30.0545581,5032097923,clean vision laser centre,Hospital,Health,"تقع clean vision laser centre في القاهرة، مصر. نوع المنطقة: مستشفى. البيانات من OpenStreetMap.",0
29.9300207,31.1743125,5059551521,مستشفى الشرطه,Hospital,Health,"تقع مستشفى الشرطه في القاهرة، مصر. نوع المنطقة: مستشفى. البيانات من OpenStreetMap.",0
31.4042687,26.9355973,5070576322,مدرسة خالد بن الوليد الابتدائية المشتركة,School,Education,"تقع مدرسة خالد بن الوليد الابتدائية المشتركة في القاهرة، مصر. نوع المنطقة: مدرسة. البيانات من OpenStreetMap.",0
31.1913092,30.002392,5082699903,Taha Hossen,School,Education,"تقع Taha Hossen في القاهرة، مصر. نوع المنطقة: مدرسة. البيانات من OpenStreetMap.",0
31.3431749,30.0901428,5096279322,مدرسة عمر بن الخطاب الرسمية للغات,School,Education,"تقع مدرسة عمر بن الخطاب الرسمية للغات في القاهرة، مصر. نوع المنطقة: مدرسة. البيانات من OpenStreetMap.",0
31.2973597,30.1233343,5105686232,مستشفى تبارك للاطفال,Clinic,Health,"تقع مستشفى تبارك للاطفال في القاهرة، مصر. نوع المنطقة: مستشفى. البيانات من OpenStreetMap.",0
31.2974113,30.1244776,5105686233,صيدلية دكتور عبد اللطيف,Hospital,Health,"تقع صيدلية دكتور عبد اللطيف في القاهرة، مصر. نوع المنطقة: مستشفى. البيانات من OpenStreetMap.",0
30.5072352,31.2309038,5107762521,مجمع المدارس الشهيدلبيب السموني,School,Education,"تقع مجمع المدارس الشهيدلبيب السموني في القاهرة، مصر. نوع المنطقة: مدرسة. البيانات من OpenStreetMap.",0
30.314618,31.104539,5108253592,Abu Homos Hospital,Hospital,Health,"تقع Abu Homos Hospital في القاهرة، مصر. نوع المنطقة: مستشفى. البيانات من OpenStreetMap.",0
31.2967861,30.1253566,5108363022,مركز طبي مسجد خاتم النبيين,Clinic,Health,"تقع مركز طبي مسجد خاتم النبيين في القاهرة، مصر. نوع المنطقة: عام. البيانات من OpenStreetMap.",0
31.2774003,30.0785593,5111904824,عيادة اد عبد العظيم الحفني,Clinic,Health,"تقع عيادة اد عبد العظيم الحفني في القاهرة، مصر. نوع المنطقة: عام. البيانات من OpenStreetMap.",0
31.5129891,30.6150621,5121303726,مدرسة احمد قدري الابتدائية,School,Education,"تقع مدرسة احمد قدري الابتدائية في القاهرة، مصر. نوع المنطقة: مدرسة. البيانات من OpenStreetMap.",0
31.346945,30.0648509,5122232721,مستشفى الكبد د يس عبد الغفار الخيرية,Hospital,Health,"تقع مستشفى الكبد د يس عبد الغفار الخيرية في القاهرة، مصر. نوع المنطقة: مستشفى. البيانات من OpenStreetMap.",0
31.3226978,30.0512623,5129741027,مجمع الملك فهد الرسمي للغات,School,Education,"تقع مجمع الملك فهد الرسمي للغات في القاهرة، مصر. نوع المنطقة: مدرسة. البيانات من OpenStreetMap.",0
31.3576569,30.0555088,5134665939,مدرسة المنهل الخاصة,School,Education,"تقع مدرسة المنهل الخاصة في القاهرة، مصر. نوع المنطقة: مدرسة. البيانات من OpenStreetMap.",0
31.35774,30.0561602,5134665947,مركز طبي الحى الثامن,Hospital,Health,"تقع مركز طبي الحى الثامن في القاهرة، مصر. نوع المنطقة: مستشفى. البيانات من OpenStreetMap.",0
31.3603878,30.0597161,5134666024,ايجيكير,Hospital,Health,"تقع ايجيكير في القاهرة، مصر. نوع المنطقة: مستشفى. البيانات من OpenStreetMap.",0
31.3576391,30.0553351,5134666532,مركز طبي الحى الثامن,Hospital,Health,"تقع مركز طبي الحى الثامن في القاهرة، مصر. نوع المنطقة: مستشفى. البيانات من OpenStreetMap.",0
31.7912362,31.4416328,5136697221,مدرسة احمد عبد القادر للتعليم الاساسي,School,Education,"تقع مدرسة احمد عبد القادر للتعليم الاساسي في القاهرة، مصر. نوع المنطقة: مدرسة. البيانات من OpenStreetMap.",0
31.264262,29.967548,5140221524,مستشفى الريان,Hospital,Health,"تقع مستشفى الريان في القاهرة، مصر. نوع المنطقة: مستشفى. البيانات من OpenStreetMap.",0
31.55318,31.0358615,5144015721,د محمد عبدالهادي,Clinic,Health,"تقع د محمد عبدالهادي في القاهرة، مصر. نوع المنطقة: عام. البيانات من OpenStreetMap.",0
33.8246187,27.2579863,5157320324,New son bijou divers,School,Education,"تقع New son bijou divers في القاهرة، مصر. نوع المنطقة: مدرسة. البيانات من OpenStreetMap.",0
29.9951977,31.2630983,5170748421,مستشفى المدينة المنورة,Hospital,Health,"تقع مستشفى المدينة المنورة في القاهرة، مصر. نوع المنطقة: مستشفى. البيانات من OpenStreetMap.",0
29.9912443,31.2607607,5170785121,وحدة صحة الاسرة بسيدي بشر بحري - منطقة المنتزه الطبية,Clinic,Health,"تقع وحدة صحة الاسرة بسيدي بشر بحري - منطقة المنتزه الطبية في القاهرة، مصر. نوع المنطقة: عام. البيانات من OpenStreetMap.",0
31.2154842,30.0657467,5186532750,Mahmoud Eye Surgery Centre,Hospital,Health,"تقع Mahmoud Eye Surgery Centre في القاهرة، مصر. نوع المنطقة: مستشفى. البيانات من OpenStreetMap.",0
31.215934,30.043792,5197081721,اكادمية ناصر,School,Education,"تقع اكادمية ناصر في القاهرة، مصر. نوع المنطقة: مدرسة. البيانات من OpenStreetMap.",0
29.9041544,31.2017726,5200295222,ASM E.2,Hospital,Health,"تقع ASM E.2 في القاهرة، مصر. نوع المنطقة: مستشفى. البيانات من OpenStreetMap.",0
31.453032,30.0643409,5207364215,اسماء بنت ابى بكر,School,Education,"تقع اسماء بنت ابى بكر في القاهرة، مصر. نوع المنطقة: مدرسة. البيانات من OpenStreetMap.",0
29.7426657,31.0024157,5208258347,مدرسة الصفوة,School,Education,"تقع مدرسة الصفوة في القاهرة، مصر. نوع المنطقة: مدرسة. البيانات من OpenStreetMap.",0
29.882505,31.1739916,5209317741,مدرسة للقبارى الاعدادية بنات,School,Education,"تقع مدرسة للقبارى الاعدادية بنات في القاهرة، مصر. نوع المنطقة: مدرسة. البيانات من OpenStreetMap.",0
31.9234452,26.2857256,5226729421,قرية كوم معين,School,Education,"تقع قرية كوم معين في القاهرة، مصر. نوع المنطقة: مدرسة. البيانات من OpenStreetMap.",0
31.6223525,31.1627751,5235463821,حاتم موسى الإعدادية المشتركة,School,Education,"تقع حاتم موسى الإعدادية المشتركة في القاهرة، مصر. نوع المنطقة: مدرسة. البيانات من OpenStreetMap.",0
31.2791158,30.0677761,5236030024,المأمون الثانوية الفندقيه,School,Education,"تقع المأمون الثانوية الفندقيه في القاهرة، مصر. نوع المنطقة: مدرسة. البيانات من OpenStreetMap.",0
29.9453354,31.2142751,5237673858,دكتور ياسر يحيي,Clinic,Health,"تقع دكتور ياسر يحيي في القاهرة، مصر. نوع المنطقة: عام. البيانات من OpenStreetMap.",0
31.5678436,30.1330299,5249629043,NIS Al-Shorouk School,School,Education,"تقع NIS Al-Shorouk School في القاهرة، مصر. نوع المنطقة: مدرسة. البيانات من OpenStreetMap.",0
31.5674658,30.1380597,5249634787,NIS Al-Shorouk School,School,Education,"تقع NIS Al-Shorouk School في القاهرة، مصر. نوع المنطقة: مدرسة. البيانات من OpenStreetMap.",0
30.9492154,29.9605467,5250347121,مدرسة الحي الثاني الإسباني,School,Education,"تقع مدرسة الحي الثاني الإسباني في القاهرة، مصر. نوع المنطقة: مدرسة. البيانات من OpenStreetMap.",0
31.9221422,26.2847757,5264063822,كوم معين,School,Education,"تقع كوم معين في القاهرة، مصر. نوع المنطقة: مدرسة. البيانات من OpenStreetMap.",0
33.8413404,27.2300378,5280869323,وحده الميناء,Hospital,Health,"تقع وحده الميناء في القاهرة، مصر. نوع المنطقة: مستشفى. البيانات من OpenStreetMap.",0
31.088949,29.955946,5292044311,Heart Center,Clinic,Health,"تقع Heart Center في القاهرة، مصر. نوع المنطقة: عام. البيانات من OpenStreetMap.",0
31.0892029,29.9571467,5292045044,Bio Lab,Clinic,Health,"تقع Bio Lab في القاهرة، مصر. نوع المنطقة: عام. البيانات من OpenStreetMap.",0
31.0894738,29.9592393,5292045097,Tabarak,Clinic,Health,"تقع Tabarak في القاهرة، مصر. نوع المنطقة: عام. البيانات من OpenStreetMap.",0
31.3492447,30.1139539,5314820040,المستشفى الوطنى للعيون,Clinic,Health,"تقع المستشفى الوطنى للعيون في القاهرة، مصر. نوع المنطقة: عام. البيانات من OpenStreetMap.",0
31.3198716,30.0927628,5314820042,مجمع اطباء بطرس غالى,Clinic,Health,"تقع مجمع اطباء بطرس غالى في القاهرة، مصر. نوع المنطقة: عام. البيانات من OpenStreetMap.",0
31.3346683,30.10947,5314820045,عيادة هليوبوليس للعيون,Clinic,Health,"تقع عيادة هليوبوليس للعيون في القاهرة، مصر. نوع المنطقة: عام. البيانات من OpenStreetMap.",0
31.3227981,30.0985908,5314820046,عيادات ايجيبت ميديكال التخصصية,Clinic,Health,"تقع عيادات ايجيبت ميديكال التخصصية في القاهرة، مصر. نوع المنطقة: عام. البيانات من OpenStreetMap.",0
31.3281267,30.0966748,5314820047,مجمع جمال الدين الافغاني,Clinic,Health,"تقع مجمع جمال الدين الافغاني في القاهرة، مصر. نوع المنطقة: عام. البيانات من OpenStreetMap.",0
31.3443183,30.1104717,5314820371,عيادة دكتور محمد مغازى,Clinic,Health,"تقع عيادة دكتور محمد مغازى في القاهرة، مصر. نوع المنطقة: عام. البيانات من OpenStreetMap.",0
31.33279,30.1057899,5314820374,مجمع اطباء 2,Clinic,Health,"تقع مجمع اطباء 2 في القاهرة، مصر. نوع المنطقة: عام. البيانات من OpenStreetMap.",0
31.3309778,30.0850693,5314820424,المشرق للعيون,Hospital,Health,"تقع المشرق للعيون في القاهرة، مصر. نوع المنطقة: مستشفى. البيانات من OpenStreetMap.",0
31.3266103,30.1026758,5314820724,مركز الدكتور محمد حامد للعيون,Hospital,Health,"تقع مركز الدكتور محمد حامد للعيون في القاهرة، مصر. نوع المنطقة: مستشفى. البيانات من OpenStreetMap.",0
29.955702,31.1484562,5315862132,الوحدة الصحية أبيس 7,Hospital,Health,"تقع الوحدة الصحية أبيس 7 في القاهرة، مصر. نوع المنطقة: مستشفى. البيانات من OpenStreetMap.",0
31.345959,29.9825257,5350940121,مستشفى البنك الاهلي,Hospital,Health,"تقع مستشفى البنك الاهلي في القاهرة، مصر. نوع المنطقة: مستشفى. البيانات من OpenStreetMap.",0
32.276547,30.5934122,5352968521,عيادة دكتور محمد ثروت طه,Clinic,Health,"تقع عيادة دكتور محمد ثروت طه في القاهرة، مصر. نوع المنطقة: عام. البيانات من OpenStreetMap.",0
31.501931,30.0815455,5359156224,family park,Clinic,Health,"تقع family park في القاهرة، مصر. نوع المنطقة: عام. البيانات من OpenStreetMap.",0
29.9980108,31.2412802,5375598928,عيادات زهراء السيوف التخصصية,Clinic,Health,"تقع عيادات زهراء السيوف التخصصية في القاهرة، مصر. نوع المنطقة: عام. البيانات من OpenStreetMap.",0
29.9999766,31.2419168,5375599822,عيادات السلامة التخصصية,Clinic,Health,"تقع عيادات السلامة التخصصية في القاهرة، مصر. نوع المنطقة: عام. البيانات من OpenStreetMap.",0
30.6433074,31.1768261,5375705623,مدرسة العتيقي,School,Education,"تقع مدرسة العتيقي في القاهرة، مصر. نوع المنطقة: مدرسة. البيانات من OpenStreetMap.",0
30.6420497,31.175806,5378454524,مدرسة العتيقي,School,Education,"تقع مدرسة العتيقي في القاهرة، مصر. نوع المنطقة: مدرسة. البيانات من OpenStreetMap.",0
31.3372636,30.0790385,5383243322,الجولف ميموريال,Clinic,Health,"تقع الجولف ميموريال في القاهرة، مصر. نوع المنطقة: عام. البيانات من OpenStreetMap.",0
31.6579092,30.149718,5417944724,مركز 73 متر,Hospital,Health,"تقع مركز 73 متر في القاهرة، مصر. نوع المنطقة: مستشفى. البيانات من OpenStreetMap.",0
31.8465838,26.3671473,5420105570,مدرسه خالد بن الوليد,School,Education,"تقع مدرسه خالد بن الوليد في القاهرة، مصر. نوع المنطقة: مدرسة. البيانات من OpenStreetMap.",0
31.846848,26.3669943,5420112979,وحده صحه بندار الشرقيه,Hospital,Health,"تقع وحده صحه بندار الشرقيه في القاهرة، مصر. نوع المنطقة: مستشفى. البيانات من OpenStreetMap.",0
31.8430908,26.3669277,5420185032,مدرسه بندار الغربيه الاعداديه المشتركه,School,Education,"تقع مدرسه بندار الغربيه الاعداديه المشتركه في القاهرة، مصر. نوع المنطقة: مدرسة. البيانات من OpenStreetMap.",0
31.4018046,26.936833,5427951424,مدرسة أولاد الياس الثانوية المشتركة,School,Education,"تقع مدرسة أولاد الياس الثانوية المشتركة في القاهرة، مصر. نوع المنطقة: مدرسة. البيانات من OpenStreetMap.",0
31.4059028,26.937701,5427951531,الأزهر,School,Education,"تقع الأزهر في القاهرة، مصر. نوع المنطقة: مدرسة. البيانات من OpenStreetMap.",0
31.4070781,26.9340065,5427951625,مدرسة عمر بن الخطاب الثانوية التجارية,School,Education,"تقع مدرسة عمر بن الخطاب الثانوية التجارية في القاهرة، مصر. نوع المنطقة: مدرسة. البيانات من OpenStreetMap.",0
31.4028059,26.9371692,5427951721,مدرسة اولاد الياس الإعدادية الحديثة,School,Education,"تقع مدرسة اولاد الياس الإعدادية الحديثة في القاهرة، مصر. نوع المنطقة: مدرسة. البيانات من OpenStreetMap.",0
31.2513977,30.0232965,5475557322,مغربي للعيون,Hospital,Health,"تقع مغربي للعيون في القاهرة، مصر. نوع المنطقة: مستشفى. البيانات من OpenStreetMap.",0
31.1530491,30.0050618,5483532228,الطائف,School,Education,"تقع الطائف في القاهرة، مصر. نوع المنطقة: مدرسة. البيانات من OpenStreetMap.",0
31.011445,30.0335965,5503724260,GERMAN VETERINARY HOSPITAL EGYPT,Hospital,Health,"تقع GERMAN VETERINARY HOSPITAL EGYPT في القاهرة، مصر. نوع المنطقة: مستشفى. البيانات من OpenStreetMap.",0
31.2261714,30.0242377,5518514125,مركز دكتورة منى العقاد,Clinic,Health,"تقع مركز دكتورة منى العقاد في القاهرة، مصر. نوع المنطقة: عام. البيانات من OpenStreetMap.",0
31.1815206,27.1926355,5519176581,Nasser High school,School,Education,"تقع Nasser High school في القاهرة، مصر. نوع المنطقة: مدرسة. البيانات من OpenStreetMap.",0
31.2803752,30.0663395,5535757821,DFC مركز القدم السكري,Clinic,Health,"تقع DFC مركز القدم السكري في القاهرة، مصر. نوع المنطقة: عام. البيانات من OpenStreetMap.",0
31.1752859,29.9636401,5539553721,مدرسة الحياه,School,Education,"تقع مدرسة الحياه في القاهرة، مصر. نوع المنطقة: مدرسة. البيانات من OpenStreetMap.",0
31.8357253,31.5159327,5551667834,Ras El Bar Hospital,Hospital,Health,"تقع Ras El Bar Hospital في القاهرة، مصر. نوع المنطقة: مستشفى. البيانات من OpenStreetMap.",0
31.8311299,31.5042862,5551676105,El Gerby Preparotry,School,Education,"تقع El Gerby Preparotry في القاهرة، مصر. نوع المنطقة: مدرسة. البيانات من OpenStreetMap.",0
31.831368,31.5038881,5551676106,Marine School for Boys,School,Education,"تقع Marine School for Boys في القاهرة، مصر. نوع المنطقة: مدرسة. البيانات من OpenStreetMap.",0
31.8305134,31.5041031,5551676107,Primary School,School,Education,"تقع Primary School في القاهرة، مصر. نوع المنطقة: مدرسة. البيانات من OpenStreetMap.",0
31.8265419,31.5007282,5551680466,مستشفي الدلتا,Hospital,Health,"تقع مستشفي الدلتا في القاهرة، مصر. نوع المنطقة: مستشفى. البيانات من OpenStreetMap.",0
31.5719934,30.4221577,5572455024,مستشفى الغندور بلبيس,Hospital,Health,"تقع مستشفى الغندور بلبيس في القاهرة، مصر. نوع المنطقة: مستشفى. البيانات من OpenStreetMap.",0
31.39453,31.0457302,5587465366,Tabarak Hospital,Hospital,Health,"تقع Tabarak Hospital في القاهرة، مصر. نوع المنطقة: مستشفى. البيانات من OpenStreetMap.",0
31.3882233,31.0476295,5587465640,X-Ray,Clinic,Health,"تقع X-Ray في القاهرة، مصر. نوع المنطقة: عام. البيانات من OpenStreetMap.",0
31.3079294,30.0905778,5628663421,برج الأطباء,Hospital,Health,"تقع برج الأطباء في القاهرة، مصر. نوع المنطقة: مستشفى. البيانات من OpenStreetMap.",0
31.3111826,30.0920312,5628663422,مدرسة الطبري اعدادي بنين روكسي,School,Education,"تقع مدرسة الطبري اعدادي بنين روكسي في القاهرة، مصر. نوع المنطقة: مدرسة. البيانات من OpenStreetMap.",0
31.3109352,30.0919228,5628663423,مدرسة الطبري الثانوية بنين روكسي,School,Education,"تقع مدرسة الطبري الثانوية بنين روكسي في القاهرة، مصر. نوع المنطقة: مدرسة. البيانات من OpenStreetMap.",0
31.3102053,30.0903584,5628663428,مدرسة خليفة المؤمون الابتدائي,School,Education,"تقع مدرسة خليفة المؤمون الابتدائي في القاهرة، مصر. نوع المنطقة: مدرسة. البيانات من OpenStreetMap.",0
29.9312484,31.2100021,5633894821,عيادة د سامح فتحي,Clinic,Health,"تقع عيادة د سامح فتحي في القاهرة، مصر. نوع المنطقة: عام. البيانات من OpenStreetMap.",0
31.4632664,30.2311459,5637102822,مدرسة الجولف,School,Education,"تقع مدرسة الجولف في القاهرة، مصر. نوع المنطقة: مدرسة. البيانات من OpenStreetMap.",0
31.3283729,30.0909668,5643087934,NEUROMED - Centre de neurochirurgie intégré,Clinic,Health,"تقع NEUROMED - Centre de neurochirurgie intégré في القاهرة، مصر. نوع المنطقة: عام. البيانات من OpenStreetMap.",0
31.822604,31.4071405,5734327542,مركز كيوان للعلاج الطبيعي والتخسيس,Hospital,Health,"تقع مركز كيوان للعلاج الطبيعي والتخسيس في القاهرة، مصر. نوع المنطقة: مستشفى. البيانات من OpenStreetMap.",0
31.0008777,30.0302505,5769888882,Seniors Dental Clinic,Hospital,Health,"تقع Seniors Dental Clinic في القاهرة، مصر. نوع المنطقة: مستشفى. البيانات من OpenStreetMap.",0
31.2668872,30.6414801,5776366012,مستشفي مسجد وصبف,Hospital,Health,"تقع مستشفي مسجد وصبف في القاهرة، مصر. نوع المنطقة: مستشفى. البيانات من OpenStreetMap.",0
31.4181409,30.0147462,5817986010,مستشفى,Hospital,Health,"تقع مستشفى في القاهرة، مصر. نوع المنطقة: مستشفى. البيانات من OpenStreetMap.",0
31.3629945,30.05288,5859605285,منارة هليوبوليس المتكاملة للغات,School,Education,"تقع منارة هليوبوليس المتكاملة للغات في القاهرة، مصر. نوع المنطقة: مدرسة. البيانات من OpenStreetMap.",0
29.9933271,31.2397069,5867328034,الجمعية الشرعية,Hospital,Health,"تقع الجمعية الشرعية في القاهرة، مصر. نوع المنطقة: مستشفى. البيانات من OpenStreetMap.",0
31.3783093,31.0427801,5900240797,التأمين الصحي,Hospital,Health,"تقع التأمين الصحي في القاهرة، مصر. نوع المنطقة: مستشفى. البيانات من OpenStreetMap.",0
31.3687761,30.0585002,5927199777,مدرسة الراية,School,Education,"تقع مدرسة الراية في القاهرة، مصر. نوع المنطقة: مدرسة. البيانات من OpenStreetMap.",0
31.3107816,30.3119824,5938245285,منزل الدكتور احمد اسماعيل غنية,Clinic,Health,"تقع منزل الدكتور احمد اسماعيل غنية في القاهرة، مصر. نوع المنطقة: عام. البيانات من OpenStreetMap.",0
29.8937999,31.1967645,5948072588,عيادة المنشية للتأمين على الطلاب والمواليد - منطقة وسط الطبية,Clinic,Health,"تقع عيادة المنشية للتأمين على الطلاب والمواليد - منطقة وسط الطبية في القاهرة، مصر. نوع المنطقة: عام. البيانات من OpenStreetMap.",0
29.9639451,31.2343075,5948124620,مستشفى الفتح,Hospital,Health,"تقع مستشفى الفتح في القاهرة، مصر. نوع المنطقة: مستشفى. البيانات من OpenStreetMap.",0
29.9626566,31.2345278,5948127094,مستشفى البترول,Hospital,Health,"تقع مستشفى البترول في القاهرة، مصر. نوع المنطقة: مستشفى. البيانات من OpenStreetMap.",0
31.6920654,31.440234,5984828885,المستشفى العسكرى دمياط الجديده,Hospital,Health,"تقع المستشفى العسكرى دمياط الجديده في القاهرة، مصر. نوع المنطقة: مستشفى. البيانات من OpenStreetMap.",0
31.4320663,30.4656906,5995095777,مدرسة السرايا الاعدادية,School,Education,"تقع مدرسة السرايا الاعدادية في القاهرة، مصر. نوع المنطقة: مدرسة. البيانات من OpenStreetMap.",0
31.4304504,30.4654772,5995095970,مدرسة السرايا الابتدائية,School,Education,"تقع مدرسة السرايا الابتدائية في القاهرة، مصر. نوع المنطقة: مدرسة. البيانات من OpenStreetMap.",0
31.3605971,29.8373274,6051527410,مدرسة على مبارك للتعليم الاساسى,School,Education,"تقع مدرسة على مبارك للتعليم الاساسى في القاهرة، مصر. نوع المنطقة: مدرسة. البيانات من OpenStreetMap.",0
29.9850196,31.2553539,6080046486,مستشفى البدراوي ٢,Hospital,Health,"تقع مستشفى البدراوي ٢ في القاهرة، مصر. نوع المنطقة: مستشفى. البيانات من OpenStreetMap.",0
29.9661419,31.2446944,6082411794,صحة فلمنج,Clinic,Health,"تقع صحة فلمنج في القاهرة، مصر. نوع المنطقة: عام. البيانات من OpenStreetMap.",0
29.9356486,31.2205607,6090044297,مدرسة سيدي جابر الإبتدائية الرسمية,School,Education,"تقع مدرسة سيدي جابر الإبتدائية الرسمية في القاهرة، مصر. نوع المنطقة: مدرسة. البيانات من OpenStreetMap.",0
31.2772995,29.9876238,6092176485,مستشفى جراحات اليوم الواحد بالمعادي الجديدة,Hospital,Health,"تقع مستشفى جراحات اليوم الواحد بالمعادي الجديدة في القاهرة، مصر. نوع المنطقة: مستشفى. البيانات من OpenStreetMap.",0
29.9821849,31.2439359,6093260385,مستشفى فكتوريا,Hospital,Health,"تقع مستشفى فكتوريا في القاهرة، مصر. نوع المنطقة: مستشفى. البيانات من OpenStreetMap.",0
29.983127,31.2442821,6093260486,مستوصف لواء الإسلام,Clinic,Health,"تقع مستوصف لواء الإسلام في القاهرة، مصر. نوع المنطقة: عام. البيانات من OpenStreetMap.",0
29.9867739,31.2442273,6093262085,مستشفى لواء الإسلام,Hospital,Health,"تقع مستشفى لواء الإسلام في القاهرة، مصر. نوع المنطقة: مستشفى. البيانات من OpenStreetMap.",0
29.9199829,31.2028128,6110860686,مستشفى طلبة جامعة الإسكندرية,Hospital,Health,"تقع مستشفى طلبة جامعة الإسكندرية في القاهرة، مصر. نوع المنطقة: مستشفى. البيانات من OpenStreetMap.",0
30.0006714,31.2398262,6113237387,مركز عناية الطبي,Clinic,Health,"تقع مركز عناية الطبي في القاهرة، مصر. نوع المنطقة: عام. البيانات من OpenStreetMap.",0
30.0016332,31.2389199,6113237388,عيادات الأندلس الحديثة التخصصية,Clinic,Health,"تقع عيادات الأندلس الحديثة التخصصية في القاهرة، مصر. نوع المنطقة: عام. البيانات من OpenStreetMap.",0
29.9414862,31.219401,6115961588,مستشفى سيدي جابر التخصصي,Hospital,Health,"تقع مستشفى سيدي جابر التخصصي في القاهرة، مصر. نوع المنطقة: مستشفى. البيانات من OpenStreetMap.",0
30.0030899,31.2416301,6115990885,عيادات الحسن التخصصية,Clinic,Health,"تقع عيادات الحسن التخصصية في القاهرة، مصر. نوع المنطقة: عام. البيانات من OpenStreetMap.",0
29.984435,31.2508335,6121714890,وحدة صحة الأسرة - دربالة,Clinic,Health,"تقع وحدة صحة الأسرة - دربالة في القاهرة، مصر. نوع المنطقة: عام. البيانات من OpenStreetMap.",0
29.9029881,31.1911004,6149871174,Ahmed Maher Hospital,Hospital,Health,"تقع Ahmed Maher Hospital في القاهرة، مصر. نوع المنطقة: مستشفى. البيانات من OpenStreetMap.",0
34.4369781,28.0236753,6157536564,Integrated Clinic,Clinic,Health,"تقع Integrated Clinic في القاهرة، مصر. نوع المنطقة: عام. البيانات من OpenStreetMap.",0
29.9946057,31.2401139,6172684089,مدرسة معالي الشوادفي,School,Education,"تقع مدرسة معالي الشوادفي في القاهرة، مصر. نوع المنطقة: مدرسة. البيانات من OpenStreetMap.",0
31.3779264,30.1033833,6176570230,American Hospotal,Hospital,Health,"تقع American Hospotal في القاهرة، مصر. نوع المنطقة: مستشفى. البيانات من OpenStreetMap.",0
31.1948446,30.0912533,6178083885,مدرسة الرضا الخاصه,School,Education,"تقع مدرسة الرضا الخاصه في القاهرة، مصر. نوع المنطقة: مدرسة. البيانات من OpenStreetMap.",0
31.4658197,30.2349983,6178083887,معاذ ابن جبل,School,Education,"تقع معاذ ابن جبل في القاهرة، مصر. نوع المنطقة: مدرسة. البيانات من OpenStreetMap.",0
32.6407377,25.6903634,6183011185,د/ نوبي ابوزيد جيلاني,Clinic,Health,"تقع د/ نوبي ابوزيد جيلاني في القاهرة، مصر. نوع المنطقة: عام. البيانات من OpenStreetMap.",0
31.7004518,30.1625768,6255492285,الياسمين,School,Education,"تقع الياسمين في القاهرة، مصر. نوع المنطقة: مدرسة. البيانات من OpenStreetMap.",0
29.9965397,31.2383454,6258053385,مدرسة د. عبد القادر أبو عقادة - الرسمية - لغات,School,Education,"تقع مدرسة د. عبد القادر أبو عقادة - الرسمية - لغات في القاهرة، مصر. نوع المنطقة: مدرسة. البيانات من OpenStreetMap.",0
31.4153594,30.0060214,6315499285,أخناتون المصرية للغات,School,Education,"تقع أخناتون المصرية للغات في القاهرة، مصر. نوع المنطقة: مدرسة. البيانات من OpenStreetMap.",0
29.9993576,31.239903,6318358185,عيادات فور كيدز لطب الأطفال,Clinic,Health,"تقع عيادات فور كيدز لطب الأطفال في القاهرة، مصر. نوع المنطقة: عام. البيانات من OpenStreetMap.",0
31.3042252,30.0952401,6341456685,دكتور محمود ناجي استشاري جراحة العظام و المفاصل,Clinic,Health,"تقع دكتور محمود ناجي استشاري جراحة العظام و المفاصل في القاهرة، مصر. نوع المنطقة: عام. البيانات من OpenStreetMap.",0
31.3015455,30.0878755,6341456985,دكتور محمود ناجي استشاري جراحة العظام و المفاصل,Clinic,Health,"تقع دكتور محمود ناجي استشاري جراحة العظام و المفاصل في القاهرة، مصر. نوع المنطقة: عام. البيانات من OpenStreetMap.",0
31.2278942,29.8945334,6346041885,مركز ابن هارون الذهبي لعلوم القرآن الكريم,School,Education,"تقع مركز ابن هارون الذهبي لعلوم القرآن الكريم في القاهرة، مصر. نوع المنطقة: مدرسة. البيانات من OpenStreetMap.",0
30.0031379,31.2369221,6354466086,معهد الإمام الحسين,School,Education,"تقع معهد الإمام الحسين في القاهرة، مصر. نوع المنطقة: مدرسة. البيانات من OpenStreetMap.",0
31.2170023,30.0421128,6364912887,مستشفى ستار,Clinic,Health,"تقع مستشفى ستار في القاهرة، مصر. نوع المنطقة: عام. البيانات من OpenStreetMap.",0
29.9703691,31.2320812,6371119888,الهلال الأحمر المصري - فرع الإسكندرية - باكوس,Hospital,Health,"تقع الهلال الأحمر المصري - فرع الإسكندرية - باكوس في القاهرة، مصر. نوع المنطقة: مستشفى. البيانات من OpenStreetMap.",0
30.7545085,28.1011077,6371769385,مستشفي بالمنيا,Hospital,Health,"تقع مستشفي بالمنيا في القاهرة، مصر. نوع المنطقة: مستشفى. البيانات من OpenStreetMap.",0
29.9736309,31.2478922,6372854086,مستشفى لوران,Hospital,Health,"تقع مستشفى لوران في القاهرة، مصر. نوع المنطقة: مستشفى. البيانات من OpenStreetMap.",0
31.6920749,30.7832821,6373599159,عيادة,Clinic,Health,"تقع عيادة في القاهرة، مصر. نوع المنطقة: عام. البيانات من OpenStreetMap.",0
31.6875548,30.781246,6373641081,الوحدة الصحية,Hospital,Health,"تقع الوحدة الصحية في القاهرة، مصر. نوع المنطقة: مستشفى. البيانات من OpenStreetMap.",0
31.691913,30.7822003,6375972155,عيادة نساء وتوليد,Clinic,Health,"تقع عيادة نساء وتوليد في القاهرة، مصر. نوع المنطقة: عام. البيانات من OpenStreetMap.",0
30.5073023,30.3686645,6376942056,Dr.Mohamed Mehanna Dental clinic/د.محمد مهنا,Clinic,Health,"تقع Dr.Mohamed Mehanna Dental clinic/د.محمد مهنا في القاهرة، مصر. نوع المنطقة: عام. البيانات من OpenStreetMap.",0
31.3987904,29.9774213,6398051087,القطاميه الابتدائيه المشتركه,School,Education,"تقع القطاميه الابتدائيه المشتركه في القاهرة، مصر. نوع المنطقة: مدرسة. البيانات من OpenStreetMap.",0
32.5540586,25.3024614,6411889485,مستشفى إسنا,Hospital,Health,"تقع مستشفى إسنا في القاهرة، مصر. نوع المنطقة: مستشفى. البيانات من OpenStreetMap.",0
31.4915706,30.7417361,6419407697,مدرسة علي قطيم الاعدادية,School,Education,"تقع مدرسة علي قطيم الاعدادية في القاهرة، مصر. نوع المنطقة: مدرسة. البيانات من OpenStreetMap.",0
29.943616,31.2133741,6419509386,مدارس جمعية سيدي جابر للغات - بنين,School,Education,"تقع مدارس جمعية سيدي جابر للغات - بنين في القاهرة، مصر. نوع المنطقة: مدرسة. البيانات من OpenStreetMap.",0
31.4228833,29.9903099,6438108169,Jamalek Skin Center Arabella west,Clinic,Health,"تقع Jamalek Skin Center Arabella west في القاهرة، مصر. نوع المنطقة: عام. البيانات من OpenStreetMap.",0
31.4913922,30.7419939,6442952600,مدرسة علي قطيم الاعدادية,School,Education,"تقع مدرسة علي قطيم الاعدادية في القاهرة، مصر. نوع المنطقة: مدرسة. البيانات من OpenStreetMap.",0
29.9348175,31.2083152,6443281834,مستشفى سموحة الدولي,Hospital,Health,"تقع مستشفى سموحة الدولي في القاهرة، مصر. نوع المنطقة: مستشفى. البيانات من OpenStreetMap.",0
29.9382112,31.2070386,6443286997,مركز صحة الأسرة بسموحة,Clinic,Health,"تقع مركز صحة الأسرة بسموحة في القاهرة، مصر. نوع المنطقة: عام. البيانات من OpenStreetMap.",0
31.2040933,30.0605475,6455945788,مركز سفنكس,Clinic,Health,"تقع مركز سفنكس في القاهرة، مصر. نوع المنطقة: عام. البيانات من OpenStreetMap.",0
29.9251413,31.2159038,6464341985,مدرسة الشهيد عباس الأعصر الإبتدائية,School,Education,"تقع مدرسة الشهيد عباس الأعصر الإبتدائية في القاهرة، مصر. نوع المنطقة: مدرسة. البيانات من OpenStreetMap.",0
31.2731182,30.0874718,6500318660,One Day Surgeries Hospital,Hospital,Health,"تقع One Day Surgeries Hospital في القاهرة، مصر. نوع المنطقة: مستشفى. البيانات من OpenStreetMap.",0
29.9753775,31.251513,6509448487,مستشفى الإقبال,Hospital,Health,"تقع مستشفى الإقبال في القاهرة، مصر. نوع المنطقة: مستشفى. البيانات من OpenStreetMap.",0
31.3286219,30.0508411,6548637385,مركز نيروكير,Clinic,Health,"تقع مركز نيروكير في القاهرة، مصر. نوع المنطقة: عام. البيانات من OpenStreetMap.",0
32.9038663,24.086528,6553559444,عاطف الحداد,Clinic,Health,"تقع عاطف الحداد في القاهرة، مصر. نوع المنطقة: عام. البيانات من OpenStreetMap.",0
29.9125867,31.1952169,6572089485,مستشفى زمزم,Hospital,Health,"تقع مستشفى زمزم في القاهرة، مصر. نوع المنطقة: مستشفى. البيانات من OpenStreetMap.",0
31.3418608,30.0891875,6575069741,Touches Clinic,Clinic,Health,"تقع Touches Clinic في القاهرة، مصر. نوع المنطقة: عام. البيانات من OpenStreetMap.",0
29.9326961,31.2197891,6585383385,د. محمد شفيق شاهين,Clinic,Health,"تقع د. محمد شفيق شاهين في القاهرة، مصر. نوع المنطقة: عام. البيانات من OpenStreetMap.",0
31.2490967,30.0947545,6586989894,مستشفى البتول,Hospital,Health,"تقع مستشفى البتول في القاهرة، مصر. نوع المنطقة: مستشفى. البيانات من OpenStreetMap.",0
31.3069372,30.0994343,6594370445,مدرسة سراى القبة الاعدادية بنات,School,Education,"تقع مدرسة سراى القبة الاعدادية بنات في القاهرة، مصر. نوع المنطقة: مدرسة. البيانات من OpenStreetMap.",0
31.2817941,29.9734067,6595817693,El Nakhel Hospital,Hospital,Health,"تقع El Nakhel Hospital في القاهرة، مصر. نوع المنطقة: مستشفى. البيانات من OpenStreetMap.",0
31.3118454,29.9825818,6600552477,The Egyptian international school - El Marag,School,Education,"تقع The Egyptian international school - El Marag في القاهرة، مصر. نوع المنطقة: مدرسة. البيانات من OpenStreetMap.",0
31.3053274,30.0920762,6613793606,مدرسة كاظم اغا الابتدائية,School,Education,"تقع مدرسة كاظم اغا الابتدائية في القاهرة، مصر. نوع المنطقة: مدرسة. البيانات من OpenStreetMap.",0
29.9914857,31.2297019,6632972242,وحدة صحة أسرة دنا الجديدة (الوطنية) - منطقة شرق الطبية,Clinic,Health,"تقع وحدة صحة أسرة دنا الجديدة (الوطنية) - منطقة شرق الطبية في القاهرة، مصر. نوع المنطقة: عام. البيانات من OpenStreetMap.",0
29.9592561,31.2299351,6641374085,مدرسة النجم الساطع الليبية,School,Education,"تقع مدرسة النجم الساطع الليبية في القاهرة، مصر. نوع المنطقة: مدرسة. البيانات من OpenStreetMap.",0
31.6355301,30.417604,6644423452,Sekem Medical Centre,Hospital,Health,"تقع Sekem Medical Centre في القاهرة، مصر. نوع المنطقة: مستشفى. البيانات من OpenStreetMap.",0
31.2488562,29.974263,6669794949,عيادات الشفاء التخصصية,Clinic,Health,"تقع عيادات الشفاء التخصصية في القاهرة، مصر. نوع المنطقة: عام. البيانات من OpenStreetMap.",0
31.3274532,30.127331,6743975794,Elsalam Hospital مستشفى السلام,Hospital,Health,"تقع Elsalam Hospital مستشفى السلام في القاهرة، مصر. نوع المنطقة: مستشفى. البيانات من OpenStreetMap.",0
27.2430948,31.3512468,6784633286,مستشفى عرابي التخصصي,Hospital,Health,"تقع مستشفى عرابي التخصصي في القاهرة، مصر. نوع المنطقة: مستشفى. البيانات من OpenStreetMap.",0
27.2441196,31.3513891,6784703885,مدرسة زاهر جلال,School,Education,"تقع مدرسة زاهر جلال في القاهرة، مصر. نوع المنطقة: مدرسة. البيانات من OpenStreetMap.",0
31.2123314,30.0165177,6790594488,استشاري جراحة الأطفال - دكتور/ خالد صلاح - Dr/ Khaled Salah,Clinic,Health,"تقع استشاري جراحة الأطفال - دكتور/ خالد صلاح - Dr/ Khaled Salah في القاهرة، مصر. نوع المنطقة: عام. البيانات من OpenStreetMap.",0
31.3312422,30.0983618,6795952385,مستش,Hospital,Health,"تقع مستش في القاهرة، مصر. نوع المنطقة: مستشفى. البيانات من OpenStreetMap.",0
29.9085547,31.1910639,6796349005,مستشفى سهلا الجديدة,Hospital,Health,"تقع مستشفى سهلا الجديدة في القاهرة، مصر. نوع المنطقة: مستشفى. البيانات من OpenStreetMap.",0
30.7569163,28.0952585,6806985285,دكتور ياسر الحسيني فتحي,Clinic,Health,"تقع دكتور ياسر الحسيني فتحي في القاهرة، مصر. نوع المنطقة: عام. البيانات من OpenStreetMap.",0
31.3401779,29.8422293,6810153718,Al-Muslim Al-Sagheer,School,Education,"تقع Al-Muslim Al-Sagheer في القاهرة، مصر. نوع المنطقة: مدرسة. البيانات من OpenStreetMap.",0
25.1592019,31.5608844,6817313185,مستشفي السلوم المركزي,Clinic,Health,"تقع مستشفي السلوم المركزي في القاهرة، مصر. نوع المنطقة: عام. البيانات من OpenStreetMap.",0
31.7019659,30.1371584,6865497248,مدرسة طلعت حرب الفندقية,School,Education,"تقع مدرسة طلعت حرب الفندقية في القاهرة، مصر. نوع المنطقة: مدرسة. البيانات من OpenStreetMap.",0
31.713015,30.1387702,6865497250,مدرسة تحيا مصر الإعدادية,School,Education,"تقع مدرسة تحيا مصر الإعدادية في القاهرة، مصر. نوع المنطقة: مدرسة. البيانات من OpenStreetMap.",0
31.1705293,27.1897353,6935686634,كلية العلوم,University,Education,"تقع كلية العلوم في القاهرة، مصر. نوع المنطقة: عام. البيانات من OpenStreetMap.",0
31.2456346,30.0606418,6946430685,معمل د.إيليا أنيس إسحق,Clinic,Health,"تقع معمل د.إيليا أنيس إسحق في القاهرة، مصر. نوع المنطقة: عام. البيانات من OpenStreetMap.",0
29.9531454,31.2072614,6948109927,دكتور ممدوح حسين لطب الاطفال,Hospital,Health,"تقع دكتور ممدوح حسين لطب الاطفال في القاهرة، مصر. نوع المنطقة: مستشفى. البيانات من OpenStreetMap.",0
29.9447672,31.2154155,6948848891,Jamalek Skin Center Smouha,Clinic,Health,"تقع Jamalek Skin Center Smouha في القاهرة، مصر. نوع المنطقة: عام. البيانات من OpenStreetMap.",0
29.941974,31.2158369,6948853990,مستشفي اسكندرية الدولي,Hospital,Health,"تقع مستشفي اسكندرية الدولي في القاهرة، مصر. نوع المنطقة: مستشفى. البيانات من OpenStreetMap.",0
29.9971426,31.2385737,6968134385,مدرسة د. عائشة عبد الرحمن الثانوية - بنات,School,Education,"تقع مدرسة د. عائشة عبد الرحمن الثانوية - بنات في القاهرة، مصر. نوع المنطقة: مدرسة. البيانات من OpenStreetMap.",0
31.3025062,30.086977,6968250185,مركز مصر للأشعة,Clinic,Health,"تقع مركز مصر للأشعة في القاهرة، مصر. نوع المنطقة: عام. البيانات من OpenStreetMap.",0
31.3207353,30.1292933,6970489318,Bright dental center,Hospital,Health,"تقع Bright dental center في القاهرة، مصر. نوع المنطقة: مستشفى. البيانات من OpenStreetMap.",0
28.409126,31.0490672,6976458373,مدرسة الضبعة الفنية المتقدمة لتكنولوجيا الطاقة النووية,School,Education,"تقع مدرسة الضبعة الفنية المتقدمة لتكنولوجيا الطاقة النووية في القاهرة، مصر. نوع المنطقة: مدرسة. البيانات من OpenStreetMap.",0
29.8749193,31.1634679,6982945286,الثلاث مدارس,School,Education,"تقع الثلاث مدارس في القاهرة، مصر. نوع المنطقة: مدرسة. البيانات من OpenStreetMap.",0
29.8708821,31.1698343,6982945486,النصر الشاملة,Hospital,Health,"تقع النصر الشاملة في القاهرة، مصر. نوع المنطقة: مستشفى. البيانات من OpenStreetMap.",0
32.2703428,31.2675342,7022378617,Alglaa Pharmacy portsaid - صيدلية الجلاء بورسعيد,Hospital,Health,"تقع Alglaa Pharmacy portsaid - صيدلية الجلاء بورسعيد في القاهرة، مصر. نوع المنطقة: مستشفى. البيانات من OpenStreetMap.",0
31.5649364,30.4238256,7070042735,د / احمد شلبي,Clinic,Health,"تقع د / احمد شلبي في القاهرة، مصر. نوع المنطقة: عام. البيانات من OpenStreetMap.",0
33.8267656,27.198284,7146563486,El Kawser Private Hospital,Hospital,Health,"تقع El Kawser Private Hospital في القاهرة، مصر. نوع المنطقة: مستشفى. البيانات من OpenStreetMap.",0
31.2636082,30.0599146,7147303485,205 عيادة الدكتور أحمد عبدالعزيز أبو زيد/استاذ الجراحة/ جامعة عين شمس,Clinic,Health,"تقع 205 عيادة الدكتور أحمد عبدالعزيز أبو زيد/استاذ الجراحة/ جامعة عين شمس في القاهرة، مصر. نوع المنطقة: عام. البيانات من OpenStreetMap.",0
31.7367214,30.6133195,7234296652,الدكتور هيثم الطحلاوي لطب الفم وجميل الاسنان,Clinic,Health,"تقع الدكتور هيثم الطحلاوي لطب الفم وجميل الاسنان في القاهرة، مصر. نوع المنطقة: عام. البيانات من OpenStreetMap.",0
31.3417916,30.0798217,7266633050,"دكتورة جميلة محمد نصر، القلب و الأوعية الدموية",Clinic,Health,"تقع دكتورة جميلة محمد نصر، القلب و الأوعية الدموية في القاهرة، مصر. نوع المنطقة: عام. البيانات من OpenStreetMap.",0
31.3087414,30.3175479,7271343185,مستشفي الشاملة شبين القناطر,Clinic,Health,"تقع مستشفي الشاملة شبين القناطر في القاهرة، مصر. نوع المنطقة: عام. البيانات من OpenStreetMap.",0
31.289008,30.3277122,7271343285,مدرسة أنور حسان,School,Education,"تقع مدرسة أنور حسان في القاهرة، مصر. نوع المنطقة: مدرسة. البيانات من OpenStreetMap.",0
31.8873904,26.3470237,7288659118,Family clinic عيادات الاسرة,Hospital,Health,"تقع Family clinic عيادات الاسرة في القاهرة، مصر. نوع المنطقة: مستشفى. البيانات من OpenStreetMap.",0
32.9257195,24.1030246,7305484193,General Hospital,Clinic,Health,"تقع General Hospital في القاهرة، مصر. نوع المنطقة: عام. البيانات من OpenStreetMap.",0
31.3268199,29.8437594,7345679685,محمد حسن الفقي,Clinic,Health,"تقع محمد حسن الفقي في القاهرة، مصر. نوع المنطقة: عام. البيانات من OpenStreetMap.",0
31.3156638,29.9751122,7367385103,عيادة د.أشرف سيد كامل لطب الأطفال,Clinic,Health,"تقع عيادة د.أشرف سيد كامل لطب الأطفال في القاهرة، مصر. نوع المنطقة: عام. البيانات من OpenStreetMap.",0
31.0068038,30.5525503,7464934905,مستوصف السيدة العذراء,Hospital,Health,"تقع مستوصف السيدة العذراء في القاهرة، مصر. نوع المنطقة: مستشفى. البيانات من OpenStreetMap.",0
30.9341442,31.1154724,7467342543,bakr dental clinic,Hospital,Health,"تقع bakr dental clinic في القاهرة، مصر. نوع المنطقة: مستشفى. البيانات من OpenStreetMap.",0
30.9707252,29.9530615,7516169085,شارع حورس,School,Education,"تقع شارع حورس في القاهرة، مصر. نوع المنطقة: مدرسة. البيانات من OpenStreetMap.",0
30.9752977,29.9576032,7516169086,مدرسة الشباب والرياضة,School,Education,"تقع مدرسة الشباب والرياضة في القاهرة، مصر. نوع المنطقة: مدرسة. البيانات من OpenStreetMap.",0
31.315031,29.9811655,7635900880,Pharmancy,Hospital,Health,"تقع Pharmancy في القاهرة، مصر. نوع المنطقة: مستشفى. البيانات من OpenStreetMap.",0
30.5266137,30.3755554,7644688489,الشهيد محمد شعبان,School,Education,"تقع الشهيد محمد شعبان في القاهرة، مصر. نوع المنطقة: مدرسة. البيانات من OpenStreetMap.",0
31.4260482,30.0011112,7912594388,Canadian International School of Cairo,School,Education,"تقع Canadian International School of Cairo في القاهرة، مصر. نوع المنطقة: مدرسة. البيانات من OpenStreetMap.",0
29.9333478,31.2063166,7927743786,Mohamed fawzy moaz school,School,Education,"تقع Mohamed fawzy moaz school في القاهرة، مصر. نوع المنطقة: مدرسة. البيانات من OpenStreetMap.",0
30.0778434,30.7600122,7931900885,معمل الصفوة,Clinic,Health,"تقع معمل الصفوة في القاهرة، مصر. نوع المنطقة: عام. البيانات من OpenStreetMap.",0
31.1922102,30.1241237,7968247693,الوحدة الصحية بطناش,Hospital,Health,"تقع الوحدة الصحية بطناش في القاهرة، مصر. نوع المنطقة: مستشفى. البيانات من OpenStreetMap.",0
31.339633,30.0754592,7973148688,عيادات سيمويا الايطالية للتجميل SIMOE Italian Beauty Clinics,Clinic,Health,"تقع عيادات سيمويا الايطالية للتجميل SIMOE Italian Beauty Clinics في القاهرة، مصر. نوع المنطقة: عام. البيانات من OpenStreetMap.",0
31.9439453,31.1646368,8008006996,المعهد الديني المنزله,School,Education,"تقع المعهد الديني المنزله في القاهرة، مصر. نوع المنطقة: مدرسة. البيانات من OpenStreetMap.",0
31.4307162,30.0035594,8022166385,معاهد البخارى التجمع,School,Education,"تقع معاهد البخارى التجمع في القاهرة، مصر. نوع المنطقة: مدرسة. البيانات من OpenStreetMap.",0
30.5376648,30.8263964,8232520551,عيادة الدكتور أسامة سيف,Clinic,Health,"تقع عيادة الدكتور أسامة سيف في القاهرة، مصر. نوع المنطقة: عام. البيانات من OpenStreetMap.",0
31.3325384,30.0987504,8269531226,مدرسة نوتردام,School,Education,"تقع مدرسة نوتردام في القاهرة، مصر. نوع المنطقة: مدرسة. البيانات من OpenStreetMap.",0
31.3047611,29.9855331,8314937117,الفيوتشر,School,Education,"تقع الفيوتشر في القاهرة، مصر. نوع المنطقة: مدرسة. البيانات من OpenStreetMap.",0
31.3073714,30.929692,8334043917,بقطارس الابتدائية المشتركة,School,Education,"تقع بقطارس الابتدائية المشتركة في القاهرة، مصر. نوع المنطقة: مدرسة. البيانات من OpenStreetMap.",0
31.2383746,30.051386,8343379230,مستشفى هيئة النقل العام,Hospital,Health,"تقع مستشفى هيئة النقل العام في القاهرة، مصر. نوع المنطقة: مستشفى. البيانات من OpenStreetMap.",0
31.0067546,30.0218222,8405405096,Rofayda Maternity Hospital,Hospital,Health,"تقع Rofayda Maternity Hospital في القاهرة، مصر. نوع المنطقة: مستشفى. البيانات من OpenStreetMap.",0
31.3039112,30.0915657,8411329858,مدرسة القبة الثانوية بنين,School,Education,"تقع مدرسة القبة الثانوية بنين في القاهرة، مصر. نوع المنطقة: مدرسة. البيانات من OpenStreetMap.",0
31.3023367,30.0926402,8411329859,مدرسة النور بحمامات القبة للمكفوفين,School,Education,"تقع مدرسة النور بحمامات القبة للمكفوفين في القاهرة، مصر. نوع المنطقة: مدرسة. البيانات من OpenStreetMap.",0
31.3012961,30.0925543,8411329860,مدرسة المستقبل الرسمية للغات,School,Education,"تقع مدرسة المستقبل الرسمية للغات في القاهرة، مصر. نوع المنطقة: مدرسة. البيانات من OpenStreetMap.",0
31.3014033,30.0909693,8411329865,مدرسة الجيل الجديد,School,Education,"تقع مدرسة الجيل الجديد في القاهرة، مصر. نوع المنطقة: مدرسة. البيانات من OpenStreetMap.",0
31.2990484,30.0883955,8411329877,مستشفى الحياة التخصصى,Hospital,Health,"تقع مستشفى الحياة التخصصى في القاهرة، مصر. نوع المنطقة: مستشفى. البيانات من OpenStreetMap.",0
31.2975356,30.0887483,8411329881,مدرسة ابو بكر الصديق الاعدادية بنين,School,Education,"تقع مدرسة ابو بكر الصديق الاعدادية بنين في القاهرة، مصر. نوع المنطقة: مدرسة. البيانات من OpenStreetMap.",0
31.2978863,30.0866596,8411329887,مدرسة ابن سندر الاعدادية,School,Education,"تقع مدرسة ابن سندر الاعدادية في القاهرة، مصر. نوع المنطقة: مدرسة. البيانات من OpenStreetMap.",0
31.3065009,30.0961525,8412022595,مدرسة القبة الثانوية - بنات,School,Education,"تقع مدرسة القبة الثانوية - بنات في القاهرة، مصر. نوع المنطقة: مدرسة. البيانات من OpenStreetMap.",0
31.3084455,30.094723,8414617069,مدرسة كلية السلام,School,Education,"تقع مدرسة كلية السلام في القاهرة، مصر. نوع المنطقة: مدرسة. البيانات من OpenStreetMap.",0
31.3319027,30.0947798,8435463580,تكنو سكان,Clinic,Health,"تقع تكنو سكان في القاهرة، مصر. نوع المنطقة: عام. البيانات من OpenStreetMap.",0
31.8597059,26.2952165,8442563817,عيادة الدكتور محمود درويش,Clinic,Health,"تقع عيادة الدكتور محمود درويش في القاهرة، مصر. نوع المنطقة: عام. البيانات من OpenStreetMap.",0
31.2098896,30.0380016,8492017117,مركز الدقي للأشعة,Clinic,Health,"تقع مركز الدقي للأشعة في القاهرة، مصر. نوع المنطقة: عام. البيانات من OpenStreetMap.",0
31.3664536,30.1218731,8496848667,مستشفى دكتور عادل صادق لعلاج الامراض النفسية و الإدمان,Hospital,Health,"تقع مستشفى دكتور عادل صادق لعلاج الامراض النفسية و الإدمان في القاهرة، مصر. نوع المنطقة: مستشفى. البيانات من OpenStreetMap.",0
31.4861358,30.0283455,8501558934,عيادة الدكتور عمرو سويدان,Clinic,Health,"تقع عيادة الدكتور عمرو سويدان في القاهرة، مصر. نوع المنطقة: عام. البيانات من OpenStreetMap.",0
31.1997567,30.0090415,8525210717,ض,Clinic,Health,"تقع ض في القاهرة، مصر. نوع المنطقة: عام. البيانات من OpenStreetMap.",0
31.2000708,30.0134787,8525210719,عيادة الدكتور احمد محمود عبدالحفيظ إستشاري صدر,Clinic,Health,"تقع عيادة الدكتور احمد محمود عبدالحفيظ إستشاري صدر في القاهرة، مصر. نوع المنطقة: عام. البيانات من OpenStreetMap.",0
31.2123823,30.0304354,8525210817,مركز القلب والشرائين للرعاية الطبية,Clinic,Health,"تقع مركز القلب والشرائين للرعاية الطبية في القاهرة، مصر. نوع المنطقة: عام. البيانات من OpenStreetMap.",0
31.3094992,30.093691,8553680280,مدرسة الطبرى الابتدائية,School,Education,"تقع مدرسة الطبرى الابتدائية في القاهرة، مصر. نوع المنطقة: مدرسة. البيانات من OpenStreetMap.",0
31.527074,29.9936449,8564623337,مدرسة النيل المصرية,School,Education,"تقع مدرسة النيل المصرية في القاهرة، مصر. نوع المنطقة: مدرسة. البيانات من OpenStreetMap.",0
30.7594908,30.5514404,8595939883,مدرسة عمر شاهين الاعدادية,School,Education,"تقع مدرسة عمر شاهين الاعدادية في القاهرة، مصر. نوع المنطقة: مدرسة. البيانات من OpenStreetMap.",0
30.9190033,29.9519168,8602282617,زهره المدائن,School,Education,"تقع زهره المدائن في القاهرة، مصر. نوع المنطقة: مدرسة. البيانات من OpenStreetMap.",0
31.2432214,30.0441751,8611347645,مكتب صحة - عابدين,Clinic,Health,"تقع مكتب صحة - عابدين في القاهرة، مصر. نوع المنطقة: عام. البيانات من OpenStreetMap.",0
31.2442788,30.0397738,8611347646,مركز طبي عابدين (ابو طبل),Clinic,Health,"تقع مركز طبي عابدين (ابو طبل) في القاهرة، مصر. نوع المنطقة: عام. البيانات من OpenStreetMap.",0
29.9576749,31.2370413,8679556020,المستشفى الألماني  مركز القلب الألماني,Hospital,Health,"تقع المستشفى الألماني  مركز القلب الألماني في القاهرة، مصر. نوع المنطقة: مستشفى. البيانات من OpenStreetMap.",0
30.9998893,30.0308912,8790034817,د. أحمد وجيه,Clinic,Health,"تقع د. أحمد وجيه في القاهرة، مصر. نوع المنطقة: عام. البيانات من OpenStreetMap.",0
31.0724737,30.4702651,8819019261,الوحدة الصحية بقرية المقاطع,Hospital,Health,"تقع الوحدة الصحية بقرية المقاطع في القاهرة، مصر. نوع المنطقة: مستشفى. البيانات من OpenStreetMap.",0
31.3232768,30.1430443,8842480762,عيادة الدكتور كيرلس كمال رزق,Clinic,Health,"تقع عيادة الدكتور كيرلس كمال رزق في القاهرة، مصر. نوع المنطقة: عام. البيانات من OpenStreetMap.",0
31.4853836,30.0345352,8866998349,Zaki Dental Clinic,Clinic,Health,"تقع Zaki Dental Clinic في القاهرة، مصر. نوع المنطقة: عام. البيانات من OpenStreetMap.",0
31.3500451,30.0990398,8893396233,مستشفی الجلاء العسكري,Clinic,Health,"تقع مستشفی الجلاء العسكري في القاهرة، مصر. نوع المنطقة: عام. البيانات من OpenStreetMap.",0
29.5737539,30.8831696,8968577939,مستشفي برج العرب العام,Hospital,Health,"تقع مستشفي برج العرب العام في القاهرة، مصر. نوع المنطقة: مستشفى. البيانات من OpenStreetMap.",0
31.1610182,29.9932249,8984182236,مدارس اسباتس الخاصة,School,Education,"تقع مدارس اسباتس الخاصة في القاهرة، مصر. نوع المنطقة: مدرسة. البيانات من OpenStreetMap.",0
30.0074204,31.2627606,8997180445,عياده الدكتور اميل عطالله,Clinic,Health,"تقع عياده الدكتور اميل عطالله في القاهرة، مصر. نوع المنطقة: عام. البيانات من OpenStreetMap.",0
31.1403804,30.1498791,8999676687,مدرسه برطس الاعداديه المشتركه,School,Education,"تقع مدرسه برطس الاعداديه المشتركه في القاهرة، مصر. نوع المنطقة: مدرسة. البيانات من OpenStreetMap.",0
30.3666711,31.028917,9002231384,مدرسة كيمان دميسه,School,Education,"تقع مدرسة كيمان دميسه في القاهرة، مصر. نوع المنطقة: مدرسة. البيانات من OpenStreetMap.",0
29.96397,31.2392452,9006511017,المسشتفى التخصصي لامراض الجهاز الهضمي والكبد,Hospital,Health,"تقع المسشتفى التخصصي لامراض الجهاز الهضمي والكبد في القاهرة، مصر. نوع المنطقة: مستشفى. البيانات من OpenStreetMap.",0
31.8086842,31.4057516,9051708228,مدرسة منية دمياط الاعدادية,School,Education,"تقع مدرسة منية دمياط الاعدادية في القاهرة، مصر. نوع المنطقة: مدرسة. البيانات من OpenStreetMap.",0
29.9620771,31.2377873,9062912017,معمل المبرة جليم لتحاليل,Clinic,Health,"تقع معمل المبرة جليم لتحاليل في القاهرة، مصر. نوع المنطقة: عام. البيانات من OpenStreetMap.",0
29.9630934,31.2385483,9064027917,مبرة العصافرة للتحاليل جليم,Clinic,Health,"تقع مبرة العصافرة للتحاليل جليم في القاهرة، مصر. نوع المنطقة: عام. البيانات من OpenStreetMap.",0
30.0060922,31.2640047,9074826432,عياده الدكتور اميل عطالله,Clinic,Health,"تقع عياده الدكتور اميل عطالله في القاهرة، مصر. نوع المنطقة: عام. البيانات من OpenStreetMap.",0
31.3736285,30.0796287,9100036719,مستشفى الكهرباء بألماظة,Clinic,Health,"تقع مستشفى الكهرباء بألماظة في القاهرة، مصر. نوع المنطقة: عام. البيانات من OpenStreetMap.",0
31.352549,30.0556972,9165743652,د. ملك نادر,Clinic,Health,"تقع د. ملك نادر في القاهرة، مصر. نوع المنطقة: عام. البيانات من OpenStreetMap.",0
30.9951822,30.7873512,9181240391,الدكتور حسام الحوشي,Clinic,Health,"تقع الدكتور حسام الحوشي في القاهرة، مصر. نوع المنطقة: عام. البيانات من OpenStreetMap.",0
30.9415917,30.6682316,9201282842,مدرسة بروي الابتدائيه المشتركه,School,Education,"تقع مدرسة بروي الابتدائيه المشتركه في القاهرة، مصر. نوع المنطقة: مدرسة. البيانات من OpenStreetMap.",0
31.2729478,29.9840696,9227183317,مستشفي الياسمين بالمعادي,Clinic,Health,"تقع مستشفي الياسمين بالمعادي في القاهرة، مصر. نوع المنطقة: عام. البيانات من OpenStreetMap.",0
32.7617347,25.736702,9253917819,الأقصر الثانوية للمتفوقين في العلوم والتكنولوجيا,School,Education,"تقع الأقصر الثانوية للمتفوقين في العلوم والتكنولوجيا في القاهرة، مصر. نوع المنطقة: مدرسة. البيانات من OpenStreetMap.",0
31.502158,30.0555601,9286224566,مدرسة غرياني الدولية,School,Education,"تقع مدرسة غرياني الدولية في القاهرة، مصر. نوع المنطقة: مدرسة. البيانات من OpenStreetMap.",0
34.2895602,27.8922684,9300702927,King International University Salmaa,University,Education,"تقع King International University Salmaa في القاهرة، مصر. نوع المنطقة: عام. البيانات من OpenStreetMap.",0
31.7440456,26.5606661,9319623397,معهد مبروك الازهرى,School,Education,"تقع معهد مبروك الازهرى في القاهرة، مصر. نوع المنطقة: مدرسة. البيانات من OpenStreetMap.",0
29.9101858,31.2018205,9349213302,Alsalama Hospital,Hospital,Health,"تقع Alsalama Hospital في القاهرة، مصر. نوع المنطقة: مستشفى. البيانات من OpenStreetMap.",0
31.3895394,30.1648545,9353567607,مدارس الشعراوي الحديثة الخاصة,School,Education,"تقع مدارس الشعراوي الحديثة الخاصة في القاهرة، مصر. نوع المنطقة: مدرسة. البيانات من OpenStreetMap.",0
29.8877093,31.1924056,9354385246,Nabil El Wakad Official Language School,School,Education,"تقع Nabil El Wakad Official Language School في القاهرة، مصر. نوع المنطقة: مدرسة. البيانات من OpenStreetMap.",0
34.3044144,27.8609939,9385788533,Sinai Clinic Hospital,Hospital,Health,"تقع Sinai Clinic Hospital في القاهرة، مصر. نوع المنطقة: مستشفى. البيانات من OpenStreetMap.",0
31.1724843,30.0155486,9431855191,مدرسة الكرنك الخاصة,School,Education,"تقع مدرسة الكرنك الخاصة في القاهرة، مصر. نوع المنطقة: مدرسة. البيانات من OpenStreetMap.",0
31.1724532,30.0155567,9437339205,مدرسة الكرنك الخاصة,School,Education,"تقع مدرسة الكرنك الخاصة في القاهرة، مصر. نوع المنطقة: مدرسة. البيانات من OpenStreetMap.",0
31.2437068,29.8503091,9462334224,مدرسة ميت رهينة الاعدادية بنين,School,Education,"تقع مدرسة ميت رهينة الاعدادية بنين في القاهرة، مصر. نوع المنطقة: مدرسة. البيانات من OpenStreetMap.",0
31.1449995,31.0928946,9490253796,مدرسة خالد بن الوليد التجارية للبنات بدمرو,School,Education,"تقع مدرسة خالد بن الوليد التجارية للبنات بدمرو في القاهرة، مصر. نوع المنطقة: مدرسة. البيانات من OpenStreetMap.",0
31.1773338,29.9916871,9505425582,مدرسة الضياء الخاصة,School,Education,"تقع مدرسة الضياء الخاصة في القاهرة، مصر. نوع المنطقة: مدرسة. البيانات من OpenStreetMap.",0
31.2289619,30.0125466,9509648007,دار السلام للأورام (هرمل),Hospital,Health,"تقع دار السلام للأورام (هرمل) في القاهرة، مصر. نوع المنطقة: مستشفى. البيانات من OpenStreetMap.",0
31.2288914,29.8542633,9509994500,مجمع مدارس سقارة,School,Education,"تقع مجمع مدارس سقارة في القاهرة، مصر. نوع المنطقة: مدرسة. البيانات من OpenStreetMap.",0
31.2187612,29.8903099,9511984996,مدرسة الشهيد صابر عبد الحكيم,School,Education,"تقع مدرسة الشهيد صابر عبد الحكيم في القاهرة، مصر. نوع المنطقة: مدرسة. البيانات من OpenStreetMap.",0
31.1315275,29.9912065,9521824404,مدرسة نصار الإبتدائية المشتركة,School,Education,"تقع مدرسة نصار الإبتدائية المشتركة في القاهرة، مصر. نوع المنطقة: مدرسة. البيانات من OpenStreetMap.",0
31.8147081,31.4091204,9535875883,مدرسة مشرفة الاعدادية بنين,School,Education,"تقع مدرسة مشرفة الاعدادية بنين في القاهرة، مصر. نوع المنطقة: مدرسة. البيانات من OpenStreetMap.",0
31.1945838,30.0818178,9555718717,مركز الربيع لعلاج آلام العمود الفقري و الغضروف,Clinic,Health,"تقع مركز الربيع لعلاج آلام العمود الفقري و الغضروف في القاهرة، مصر. نوع المنطقة: عام. البيانات من OpenStreetMap.",0
31.1851933,30.0098294,9560550632,مدرسة حسام الدين الخاصة,School,Education,"تقع مدرسة حسام الدين الخاصة في القاهرة، مصر. نوع المنطقة: مدرسة. البيانات من OpenStreetMap.",0
31.3040373,29.9919523,9561258989,مدرسة الشهيد الطيار خضر,School,Education,"تقع مدرسة الشهيد الطيار خضر في القاهرة، مصر. نوع المنطقة: مدرسة. البيانات من OpenStreetMap.",0
31.1514353,29.9956129,9568706448,مستشفى الجابري,Hospital,Health,"تقع مستشفى الجابري في القاهرة، مصر. نوع المنطقة: مستشفى. البيانات من OpenStreetMap.",0
31.188481,29.9455923,9568725004,مستشفى شبرامنت المركزي,Hospital,Health,"تقع مستشفى شبرامنت المركزي في القاهرة، مصر. نوع المنطقة: مستشفى. البيانات من OpenStreetMap.",0
31.1804263,29.9853598,9569381023,مدرسه المجد الخاصه,School,Education,"تقع مدرسه المجد الخاصه في القاهرة، مصر. نوع المنطقة: مدرسة. البيانات من OpenStreetMap.",0
30.0218604,31.2691233,9571597046,مدرسة حورس,School,Education,"تقع مدرسة حورس في القاهرة، مصر. نوع المنطقة: مدرسة. البيانات من OpenStreetMap.",0
31.1835413,30.0176519,9571692437,مدرسة الشروق الخاصة,School,Education,"تقع مدرسة الشروق الخاصة في القاهرة، مصر. نوع المنطقة: مدرسة. البيانات من OpenStreetMap.",0
31.1751954,29.9628725,9573989592,Al Hayat Modern Language School,School,Education,"تقع Al Hayat Modern Language School في القاهرة، مصر. نوع المنطقة: مدرسة. البيانات من OpenStreetMap.",0
31.3849315,31.0444066,9580961404,Dr. Ahmed Raouf Ophthalmology Clinic,Clinic,Health,"تقع Dr. Ahmed Raouf Ophthalmology Clinic في القاهرة، مصر. نوع المنطقة: عام. البيانات من OpenStreetMap.",0
31.6559055,30.1495132,9588506872,معهد الشروق الابتدائي النموذجي,School,Education,"تقع معهد الشروق الابتدائي النموذجي في القاهرة، مصر. نوع المنطقة: مدرسة. البيانات من OpenStreetMap.",0
31.3484681,30.0475517,9642835955,مدرسه الالسن للغات,School,Education,"تقع مدرسه الالسن للغات في القاهرة، مصر. نوع المنطقة: مدرسة. البيانات من OpenStreetMap.",0
29.9059535,31.2025983,9648152027,Department for Internal Medicine,Hospital,Health,"تقع Department for Internal Medicine في القاهرة، مصر. نوع المنطقة: مستشفى. البيانات من OpenStreetMap.",0
31.1545246,29.9967716,9651950237,مستشفى الحبيب التخصصي,Hospital,Health,"تقع مستشفى الحبيب التخصصي في القاهرة، مصر. نوع المنطقة: مستشفى. البيانات من OpenStreetMap.",0
29.9021818,31.1961938,9656178680,Sayed Darwish Primary School,School,Education,"تقع Sayed Darwish Primary School في القاهرة، مصر. نوع المنطقة: مدرسة. البيانات من OpenStreetMap.",0
31.3535425,30.0529457,9660893188,مدرسة مدينة نصر الثانوية الفنية التجارية بنات,School,Education,"تقع مدرسة مدينة نصر الثانوية الفنية التجارية بنات في القاهرة، مصر. نوع المنطقة: مدرسة. البيانات من OpenStreetMap.",0
31.1498471,30.9532282,9670857598,مستشفى صدر المحلة,Hospital,Health,"تقع مستشفى صدر المحلة في القاهرة، مصر. نوع المنطقة: مستشفى. البيانات من OpenStreetMap.",0
31.3337401,30.0430439,9689605040,مدرسة جمال عبد الناصر التجريبية,School,Education,"تقع مدرسة جمال عبد الناصر التجريبية في القاهرة، مصر. نوع المنطقة: مدرسة. البيانات من OpenStreetMap.",0
31.3271472,30.0973951,9694678866,مدرسة التوفيقية الحديثة الخاصة,School,Education,"تقع مدرسة التوفيقية الحديثة الخاصة في القاهرة، مصر. نوع المنطقة: مدرسة. البيانات من OpenStreetMap.",0
31.2459649,30.0926606,9697106717,مستشفى الصفوة,Hospital,Health,"تقع مستشفى الصفوة في القاهرة، مصر. نوع المنطقة: مستشفى. البيانات من OpenStreetMap.",0
31.163441,29.9901051,9702924463,مدرسة اسباتس الخاصة,School,Education,"تقع مدرسة اسباتس الخاصة في القاهرة، مصر. نوع المنطقة: مدرسة. البيانات من OpenStreetMap.",0
31.5563304,30.1052033,9714624813,مدرسة مودرن سكول هليوبوليس الجديدة,School,Education,"تقع مدرسة مودرن سكول هليوبوليس الجديدة في القاهرة، مصر. نوع المنطقة: مدرسة. البيانات من OpenStreetMap.",0
31.2123436,29.8980946,9739025499,مدرسة الشهيد احمد خالد زهران الاعدادية,School,Education,"تقع مدرسة الشهيد احمد خالد زهران الاعدادية في القاهرة، مصر. نوع المنطقة: مدرسة. البيانات من OpenStreetMap.",0
31.2314815,30.0315752,9741078672,عيادة كريم سعيد,Clinic,Health,"تقع عيادة كريم سعيد في القاهرة، مصر. نوع المنطقة: عام. البيانات من OpenStreetMap.",0
31.5533044,30.1636403,9750285595,Dr. Hani Allawy Clinic,Hospital,Health,"تقع Dr. Hani Allawy Clinic في القاهرة، مصر. نوع المنطقة: مستشفى. البيانات من OpenStreetMap.",0
31.2126026,29.8978725,9751076229,معهد ابوصير الازهري ابتدائي,School,Education,"تقع معهد ابوصير الازهري ابتدائي في القاهرة، مصر. نوع المنطقة: مدرسة. البيانات من OpenStreetMap.",0
31.1965078,29.9327325,9761055560,معاهد المدينة العليا,University,Education,"تقع معاهد المدينة العليا في القاهرة، مصر. نوع المنطقة: عام. البيانات من OpenStreetMap.",0
31.163256,29.9926236,9762746673,مستشفى الرحاب التخصصي,Hospital,Health,"تقع مستشفى الرحاب التخصصي في القاهرة، مصر. نوع المنطقة: مستشفى. البيانات من OpenStreetMap.",0
31.3284172,30.0965609,9764636806,مستشفي جمال الدين الافغاني,Hospital,Health,"تقع مستشفي جمال الدين الافغاني في القاهرة، مصر. نوع المنطقة: مستشفى. البيانات من OpenStreetMap.",0
31.3318384,30.095903,9771756015,مدرسة العبيدية,School,Education,"تقع مدرسة العبيدية في القاهرة، مصر. نوع المنطقة: مدرسة. البيانات من OpenStreetMap.",0
31.3439566,30.0894631,9771774518,مدرسة السيدة حنيفة السلحدار الثانوية الصناعية بنات,School,Education,"تقع مدرسة السيدة حنيفة السلحدار الثانوية الصناعية بنات في القاهرة، مصر. نوع المنطقة: مدرسة. البيانات من OpenStreetMap.",0
30.8216168,27.9324626,9787616082,مستشفي العروة الوثقي,Hospital,Health,"تقع مستشفي العروة الوثقي في القاهرة، مصر. نوع المنطقة: مستشفى. البيانات من OpenStreetMap.",0
30.8232068,27.9372015,9787616090,مستشفي الفكرية العام,Hospital,Health,"تقع مستشفي الفكرية العام في القاهرة، مصر. نوع المنطقة: مستشفى. البيانات من OpenStreetMap.",0
31.1866866,30.0047923,9809753775,مستشفى بهيه لعلاج سرطان الثدي,Hospital,Health,"تقع مستشفى بهيه لعلاج سرطان الثدي في القاهرة، مصر. نوع المنطقة: مستشفى. البيانات من OpenStreetMap.",0
31.2261325,30.0235306,9822436734,د. عمرو عنتر أخصائي التخاطب,Clinic,Health,"تقع د. عمرو عنتر أخصائي التخاطب في القاهرة، مصر. نوع المنطقة: عام. البيانات من OpenStreetMap.",0
31.1836667,30.0149728,9846863903,مدرسة الشهيد احمد سعيد محمود-الكرنك سابقاً,School,Education,"تقع مدرسة الشهيد احمد سعيد محمود-الكرنك سابقاً في القاهرة، مصر. نوع المنطقة: مدرسة. البيانات من OpenStreetMap.",0
31.327129,30.0940053,9850700146,مستشفي سانت ريتا,Hospital,Health,"تقع مستشفي سانت ريتا في القاهرة، مصر. نوع المنطقة: مستشفى. البيانات من OpenStreetMap.",0
31.32844,30.0894028,9853455859,مدرسة مصر الجديدة للغات,School,Education,"تقع مدرسة مصر الجديدة للغات في القاهرة، مصر. نوع المنطقة: مدرسة. البيانات من OpenStreetMap.",0
31.3641444,30.0497203,9886904117,مدرسة سمبيات ابيولا,School,Education,"تقع مدرسة سمبيات ابيولا في القاهرة، مصر. نوع المنطقة: مدرسة. البيانات من OpenStreetMap.",0
31.4136968,30.005501,9898538917,إخناتون,School,Education,"تقع إخناتون في القاهرة، مصر. نوع المنطقة: مدرسة. البيانات من OpenStreetMap.",0
31.2938813,29.9610528,9969105317,معهد التدريب الراقي: بمنطقة زهراء المعادي,School,Education,"تقع معهد التدريب الراقي: بمنطقة زهراء المعادي في القاهرة، مصر. نوع المنطقة: مدرسة. البيانات من OpenStreetMap.",0
31.3754809,30.096033,9974957559,الاكاديمية البحرية شيراتون,University,Education,"تقع الاكاديمية البحرية شيراتون في القاهرة، مصر. نوع المنطقة: عام. البيانات من OpenStreetMap.",0
31.0217183,30.5499895,9974960728,home,Hospital,Health,"تقع home في القاهرة، مصر. نوع المنطقة: مستشفى. البيانات من OpenStreetMap.",0
31.3182019,30.1139213,9974961422,مستشفى الحلميه العسكرى,Hospital,Health,"تقع مستشفى الحلميه العسكرى في القاهرة، مصر. نوع المنطقة: مستشفى. البيانات من OpenStreetMap.",0
31.3736724,30.0959811,9974963717,الاكاديمية البحرية شيراتون,University,Education,"تقع الاكاديمية البحرية شيراتون في القاهرة، مصر. نوع المنطقة: عام. البيانات من OpenStreetMap.",0
31.1976361,30.0468047,10008144006,Dr. Hamed Kadry Plastic Surgery Clinic عيادة أ.د حامد قدري لجراحات التجميل,Clinic,Health,"تقع Dr. Hamed Kadry Plastic Surgery Clinic عيادة أ.د حامد قدري لجراحات التجميل في القاهرة، مصر. نوع المنطقة: عام. البيانات من OpenStreetMap.",0
31.2046879,30.0542029,10017881219,Dr Ahmed Abdelsalam Obesity Clinic,Clinic,Health,"تقع Dr Ahmed Abdelsalam Obesity Clinic في القاهرة، مصر. نوع المنطقة: عام. البيانات من OpenStreetMap.",0
31.3077718,30.0763826,10033391517,عيادة جراحة اورام العظام اد/ محمد عبدالرحمن مصطفى الننى,Clinic,Health,"تقع عيادة جراحة اورام العظام اد/ محمد عبدالرحمن مصطفى الننى في القاهرة، مصر. نوع المنطقة: عام. البيانات من OpenStreetMap.",0
31.307917,30.0758972,10033391518,عيادة جراحة اورام العظام اد/ محمد عبدالرحمن مصطفى الننى,Clinic,Health,"تقع عيادة جراحة اورام العظام اد/ محمد عبدالرحمن مصطفى الننى في القاهرة، مصر. نوع المنطقة: عام. البيانات من OpenStreetMap.",0
31.6582147,30.1932457,10033391519,المركز الطبى العالمى,Hospital,Health,"تقع المركز الطبى العالمى في القاهرة، مصر. نوع المنطقة: مستشفى. البيانات من OpenStreetMap.",0
31.3446212,30.5158362,10039920599,عياده د/ مني الحضري استشاري امراض النساء والولادة,Clinic,Health,"تقع عياده د/ مني الحضري استشاري امراض النساء والولادة في القاهرة، مصر. نوع المنطقة: عام. البيانات من OpenStreetMap.",0
31.2188841,30.0758256,10044302413,مدرسة باحثة البادية الثانوية التجارية للبنات,School,Education,"تقع مدرسة باحثة البادية الثانوية التجارية للبنات في القاهرة، مصر. نوع المنطقة: مدرسة. البيانات من OpenStreetMap.",0
31.6685683,30.0767538,10106608817,مجموعه 122,School,Education,"تقع مجموعه 122 في القاهرة، مصر. نوع المنطقة: مدرسة. البيانات من OpenStreetMap.",0
31.0177849,29.9958598,10114877417,مدارس النيل للغات,School,Education,"تقع مدارس النيل للغات في القاهرة، مصر. نوع المنطقة: مدرسة. البيانات من OpenStreetMap.",0
31.1964898,29.9343496,10116112876,معاهد الفراعنة,University,Education,"تقع معاهد الفراعنة في القاهرة، مصر. نوع المنطقة: عام. البيانات من OpenStreetMap.",0
31.0526966,29.9757626,10116320617,مدرسه الحلم للغات,School,Education,"تقع مدرسه الحلم للغات في القاهرة، مصر. نوع المنطقة: مدرسة. البيانات من OpenStreetMap.",0
32.88664,24.068354,10178857510,Eng. Mohammed Mekkawy Yacoub Language School,School,Education,"تقع Eng. Mohammed Mekkawy Yacoub Language School في القاهرة، مصر. نوع المنطقة: مدرسة. البيانات من OpenStreetMap.",0
31.4826926,30.2221383,10207020117,مستشفى فريد حبيب,Hospital,Health,"تقع مستشفى فريد حبيب في القاهرة، مصر. نوع المنطقة: مستشفى. البيانات من OpenStreetMap.",0
31.2719005,29.8478498,10223205851,مدرسة الشهيد عاطف الاسلامبولى الاعداديه بنين,School,Education,"تقع مدرسة الشهيد عاطف الاسلامبولى الاعداديه بنين في القاهرة، مصر. نوع المنطقة: مدرسة. البيانات من OpenStreetMap.",0
30.9236024,29.9637416,10278941209,مركز حبيبة التخصصي,Clinic,Health,"تقع مركز حبيبة التخصصي في القاهرة، مصر. نوع المنطقة: عام. البيانات من OpenStreetMap.",0
31.332632,30.0807161,10280525304,مركز الدرة التخصصي للعيون,Hospital,Health,"تقع مركز الدرة التخصصي للعيون في القاهرة، مصر. نوع المنطقة: مستشفى. البيانات من OpenStreetMap.",0
31.7233948,30.1451471,10310788409,مستشفي بدر الجامعي - جامعة حلوان,Hospital,Health,"تقع مستشفي بدر الجامعي - جامعة حلوان في القاهرة، مصر. نوع المنطقة: مستشفى. البيانات من OpenStreetMap.",0
31.1944545,30.0509934,10591346706,School STJ,School,Education,"تقع School STJ في القاهرة، مصر. نوع المنطقة: مدرسة. البيانات من OpenStreetMap.",0
31.2778197,30.8024491,10604284408,معهد الديني,School,Education,"تقع معهد الديني في القاهرة، مصر. نوع المنطقة: مدرسة. البيانات من OpenStreetMap.",0
31.1829476,30.0124843,10631947011,مدرسة نصر الخاصة,School,Education,"تقع مدرسة نصر الخاصة في القاهرة، مصر. نوع المنطقة: مدرسة. البيانات من OpenStreetMap.",0
32.0083268,31.1742056,10651039659,مدرسة العصافرة الثانوية المشتركة,School,Education,"تقع مدرسة العصافرة الثانوية المشتركة في القاهرة، مصر. نوع المنطقة: مدرسة. البيانات من OpenStreetMap.",0
32.0097958,31.1745691,10651039664,مدرسة الخلايلة الإبتدائية,School,Education,"تقع مدرسة الخلايلة الإبتدائية في القاهرة، مصر. نوع المنطقة: مدرسة. البيانات من OpenStreetMap.",0
32.017691,31.1689065,10651046973,مدرسة الحرية الإبتدائية,School,Education,"تقع مدرسة الحرية الإبتدائية في القاهرة، مصر. نوع المنطقة: مدرسة. البيانات من OpenStreetMap.",0
32.017292,31.1715054,10651046978,الوحدة الصحية بالعصافرة,Hospital,Health,"تقع الوحدة الصحية بالعصافرة في القاهرة، مصر. نوع المنطقة: مستشفى. البيانات من OpenStreetMap.",0
32.0076759,31.1697702,10651050227,مدرسة العصافرة الإبتدائية,School,Education,"تقع مدرسة العصافرة الإبتدائية في القاهرة، مصر. نوع المنطقة: مدرسة. البيانات من OpenStreetMap.",0
32.0079954,31.1696945,10651050232,مدرسة السيدة نفيسة الإعدادية للبنات,School,Education,"تقع مدرسة السيدة نفيسة الإعدادية للبنات في القاهرة، مصر. نوع المنطقة: مدرسة. البيانات من OpenStreetMap.",0
32.0042162,31.1671067,10651117371,مدرسة العصافرة الإعدادية بنين,School,Education,"تقع مدرسة العصافرة الإعدادية بنين في القاهرة، مصر. نوع المنطقة: مدرسة. البيانات من OpenStreetMap.",0
32.0076771,31.1699148,10651453139,مدرسة السلام الإبتدائية,School,Education,"تقع مدرسة السلام الإبتدائية في القاهرة، مصر. نوع المنطقة: مدرسة. البيانات من OpenStreetMap.",0
30.8499091,29.3073584,10676089794,Dr. Ahmed Zidan Center,Hospital,Health,"تقع Dr. Ahmed Zidan Center في القاهرة، مصر. نوع المنطقة: مستشفى. البيانات من OpenStreetMap.",0
32.2699025,31.2532652,10686009205,مدرسه النيل الدوليه,School,Education,"تقع مدرسه النيل الدوليه في القاهرة، مصر. نوع المنطقة: مدرسة. البيانات من OpenStreetMap.",0
31.0534087,30.6481232,10749393305,Shintina Alhajar Tropical,Hospital,Health,"تقع Shintina Alhajar Tropical في القاهرة، مصر. نوع المنطقة: مستشفى. البيانات من OpenStreetMap.",0
31.1974285,30.0340457,10783904205,مستشفى المروة,Clinic,Health,"تقع مستشفى المروة في القاهرة، مصر. نوع المنطقة: عام. البيانات من OpenStreetMap.",0
30.978533,30.0240332,10784186707,مدرسة مارفيل,School,Education,"تقع مدرسة مارفيل في القاهرة، مصر. نوع المنطقة: مدرسة. البيانات من OpenStreetMap.",0
30.9843773,29.9837245,10784198106,مستشفى أكتوبر كلينيك,Hospital,Health,"تقع مستشفى أكتوبر كلينيك في القاهرة، مصر. نوع المنطقة: مستشفى. البيانات من OpenStreetMap.",0
30.9840573,29.9835817,10784198107,المستشفى الدولية للمسالك البولية,Clinic,Health,"تقع المستشفى الدولية للمسالك البولية في القاهرة، مصر. نوع المنطقة: عام. البيانات من OpenStreetMap.",0
29.9445404,31.2125623,10785561505,مدارس محمد زهران,School,Education,"تقع مدارس محمد زهران في القاهرة، مصر. نوع المنطقة: مدرسة. البيانات من OpenStreetMap.",0
29.9440001,31.2124001,10785669705,مدرسة الخنساء الإعدادية - بنات,School,Education,"تقع مدرسة الخنساء الإعدادية - بنات في القاهرة، مصر. نوع المنطقة: مدرسة. البيانات من OpenStreetMap.",0
31.2025454,30.0519254,10788501071,كيوتس عيادة الجلدية,Clinic,Health,"تقع كيوتس عيادة الجلدية في القاهرة، مصر. نوع المنطقة: عام. البيانات من OpenStreetMap.",0
32.0096728,26.2883133,10789866120,الشهيد حلمى حافظ مازن الثانوية المشتركة,School,Education,"تقع الشهيد حلمى حافظ مازن الثانوية المشتركة في القاهرة، مصر. نوع المنطقة: مدرسة. البيانات من OpenStreetMap.",0
33.815902,27.2408255,10879800705,مدرسة السلام الاعدادية بنين,School,Education,"تقع مدرسة السلام الاعدادية بنين في القاهرة، مصر. نوع المنطقة: مدرسة. البيانات من OpenStreetMap.",0
31.1860839,27.1789641,10883658615,مستشفى دار السلام,Clinic,Health,"تقع مستشفى دار السلام في القاهرة، مصر. نوع المنطقة: عام. البيانات من OpenStreetMap.",0
30.7071597,28.3191358,10925249053,الراعي الصالح,Hospital,Health,"تقع الراعي الصالح في القاهرة، مصر. نوع المنطقة: مستشفى. البيانات من OpenStreetMap.",0
31.2970299,29.9610961,10974556796,الدكتور وائل نجار,Clinic,Health,"تقع الدكتور وائل نجار في القاهرة، مصر. نوع المنطقة: عام. البيانات من OpenStreetMap.",0
31.2002174,30.0093141,11005358021,مدرسة الشهيد هشام شتا الاعداديه بنات,School,Education,"تقع مدرسة الشهيد هشام شتا الاعداديه بنات في القاهرة، مصر. نوع المنطقة: مدرسة. البيانات من OpenStreetMap.",0
31.353375,30.2056407,11013647705,Nile Union Academy,School,Education,"تقع Nile Union Academy في القاهرة، مصر. نوع المنطقة: مدرسة. البيانات من OpenStreetMap.",0
31.6815243,30.3335304,11015978105,مدرسة الحى 28 مجاورة 5,School,Education,"تقع مدرسة الحى 28 مجاورة 5 في القاهرة، مصر. نوع المنطقة: مدرسة. البيانات من OpenStreetMap.",0
31.3724291,30.1223025,11027293553,مستشفى عين الحياة,Hospital,Health,"تقع مستشفى عين الحياة في القاهرة، مصر. نوع المنطقة: مستشفى. البيانات من OpenStreetMap.",0
31.3622837,30.8670766,11050720831,معهد الحاج السيد سالم الابتدائى بقرية دروة,School,Education,"تقع معهد الحاج السيد سالم الابتدائى بقرية دروة في القاهرة، مصر. نوع المنطقة: مدرسة. البيانات من OpenStreetMap.",0
31.3626514,30.8666416,11050730562,مدرسة محمد شندى الابتدائية بقرية دروة,School,Education,"تقع مدرسة محمد شندى الابتدائية بقرية دروة في القاهرة، مصر. نوع المنطقة: مدرسة. البيانات من OpenStreetMap.",0
31.3623926,30.8663667,11050738962,الوحدة الصحية بقرية دروة,Hospital,Health,"تقع الوحدة الصحية بقرية دروة في القاهرة، مصر. نوع المنطقة: مستشفى. البيانات من OpenStreetMap.",0
31.2249585,29.8844114,11111093358,معهد ابوصير إعدادى وثانوي بنين,School,Education,"تقع معهد ابوصير إعدادى وثانوي بنين في القاهرة، مصر. نوع المنطقة: مدرسة. البيانات من OpenStreetMap.",0
31.203011,29.9203936,11111101594,مدرسة نيو ديسكفري,School,Education,"تقع مدرسة نيو ديسكفري في القاهرة، مصر. نوع المنطقة: مدرسة. البيانات من OpenStreetMap.",0
31.2257283,29.8845062,11111107895,معهد الشيخ عليان الابتدائي,School,Education,"تقع معهد الشيخ عليان الابتدائي في القاهرة، مصر. نوع المنطقة: مدرسة. البيانات من OpenStreetMap.",0
31.2028177,29.9206162,11111117751,مدرسة فيوتشر,School,Education,"تقع مدرسة فيوتشر في القاهرة، مصر. نوع المنطقة: مدرسة. البيانات من OpenStreetMap.",0
30.5054933,30.3691065,11174211737,عيادة الدكتور محسن علام قلب وقسطرة,Clinic,Health,"تقع عيادة الدكتور محسن علام قلب وقسطرة في القاهرة، مصر. نوع المنطقة: عام. البيانات من OpenStreetMap.",0
31.133422,29.9922609,11187980813,مدرسة المعرفة الرسمية للغات,School,Education,"تقع مدرسة المعرفة الرسمية للغات في القاهرة، مصر. نوع المنطقة: مدرسة. البيانات من OpenStreetMap.",0
31.7320924,30.3238623,11210315591,university hospital,Hospital,Health,"تقع university hospital في القاهرة، مصر. نوع المنطقة: مستشفى. البيانات من OpenStreetMap.",0
31.4205015,29.9928277,11218755958,قيتباي الدولية,School,Education,"تقع قيتباي الدولية في القاهرة، مصر. نوع المنطقة: مدرسة. البيانات من OpenStreetMap.",0
31.2631753,29.9611824,11257108018,Maadi Maternity Hospital (Hossam Shalaby),Hospital,Health,"تقع Maadi Maternity Hospital (Hossam Shalaby) في القاهرة، مصر. نوع المنطقة: مستشفى. البيانات من OpenStreetMap.",0
31.3031698,30.0116999,11278273768,9th Street Clinic,Hospital,Health,"تقع 9th Street Clinic في القاهرة، مصر. نوع المنطقة: مستشفى. البيانات من OpenStreetMap.",0
31.2148917,29.8905895,11285783666,مدرسة الدكتور خليل اللمعي الابتدائية المشتركة بابوصير,School,Education,"تقع مدرسة الدكتور خليل اللمعي الابتدائية المشتركة بابوصير في القاهرة، مصر. نوع المنطقة: مدرسة. البيانات من OpenStreetMap.",0
31.1645229,29.9935876,11293369243,مدرسة الإيمان للتعليم الأساسي,School,Education,"تقع مدرسة الإيمان للتعليم الأساسي في القاهرة، مصر. نوع المنطقة: مدرسة. البيانات من OpenStreetMap.",0
31.3334192,29.9740094,11366207025,Pearl Hospitals,Hospital,Health,"تقع Pearl Hospitals في القاهرة، مصر. نوع المنطقة: مستشفى. البيانات من OpenStreetMap.",0
31.6476565,31.0432425,11374864371,مدرسة الديسة,School,Education,"تقع مدرسة الديسة في القاهرة، مصر. نوع المنطقة: مدرسة. البيانات من OpenStreetMap.",0
31.619052,22.3489148,11385674029,Abu Simbel International Hospital,Hospital,Health,"تقع Abu Simbel International Hospital في القاهرة، مصر. نوع المنطقة: مستشفى. البيانات من OpenStreetMap.",0
31.3705459,29.8287012,11390282369,معهد الفتيات الازهري,School,Education,"تقع معهد الفتيات الازهري في القاهرة، مصر. نوع المنطقة: مدرسة. البيانات من OpenStreetMap.",0
31.1706338,30.1809032,11417287069,حورس للغات,School,Education,"تقع حورس للغات في القاهرة، مصر. نوع المنطقة: مدرسة. البيانات من OpenStreetMap.",0
30.0062183,31.2749094,11428395042,مستشفي الإمام,Hospital,Health,"تقع مستشفي الإمام في القاهرة، مصر. نوع المنطقة: مستشفى. البيانات من OpenStreetMap.",0
31.2761418,29.8479348,11436935506,مدرسة البدرشين الثانوية الصناعية بنين,School,Education,"تقع مدرسة البدرشين الثانوية الصناعية بنين في القاهرة، مصر. نوع المنطقة: مدرسة. البيانات من OpenStreetMap.",0
31.275259,29.8475575,11436946104,مدرسة أحمد عرابي الابتدائية,School,Education,"تقع مدرسة أحمد عرابي الابتدائية في القاهرة، مصر. نوع المنطقة: مدرسة. البيانات من OpenStreetMap.",0
31.2760188,29.8476702,11437031389,مدرسة الشهيد مصطفى محمد ابوزيد الثانوية للبنات,School,Education,"تقع مدرسة الشهيد مصطفى محمد ابوزيد الثانوية للبنات في القاهرة، مصر. نوع المنطقة: مدرسة. البيانات من OpenStreetMap.",0
31.6681392,26.4571363,11483346640,Sohag University,University,Education,"تقع Sohag University في القاهرة، مصر. نوع المنطقة: عام. البيانات من OpenStreetMap.",0
31.3081906,29.8817535,11498990369,صيدليه ضحي,Hospital,Health,"تقع صيدليه ضحي في القاهرة، مصر. نوع المنطقة: مستشفى. البيانات من OpenStreetMap.",0
31.2223796,29.8867077,11524156701,الشيخ عبد الموجود عويان الإبتدائية,School,Education,"تقع الشيخ عبد الموجود عويان الإبتدائية في القاهرة، مصر. نوع المنطقة: مدرسة. البيانات من OpenStreetMap.",0
31.1750508,30.0168617,11547268078,مدرسة الشهيد أحمد جاد جميل الاعدادية,School,Education,"تقع مدرسة الشهيد أحمد جاد جميل الاعدادية في القاهرة، مصر. نوع المنطقة: مدرسة. البيانات من OpenStreetMap.",0
31.5113828,30.0673745,11627269469,مدرسة,School,Education,"تقع مدرسة في القاهرة، مصر. نوع المنطقة: مدرسة. البيانات من OpenStreetMap.",0
31.1916057,30.0141963,11627491032,مدرسة حمزة بن عبد المطلب الثانوية بنات,School,Education,"تقع مدرسة حمزة بن عبد المطلب الثانوية بنات في القاهرة، مصر. نوع المنطقة: مدرسة. البيانات من OpenStreetMap.",0
31.1987989,30.0543168,11637502470,مركز جزيرة العرب للعيون والليزك,Clinic,Health,"تقع مركز جزيرة العرب للعيون والليزك في القاهرة، مصر. نوع المنطقة: عام. البيانات من OpenStreetMap.",0
33.0095246,31.0102373,11638370069,السكن,School,Education,"تقع السكن في القاهرة، مصر. نوع المنطقة: مدرسة. البيانات من OpenStreetMap.",0
31.2204031,29.8925338,11687442021,الوحده الصحيه بأبو صير,Hospital,Health,"تقع الوحده الصحيه بأبو صير في القاهرة، مصر. نوع المنطقة: مستشفى. البيانات من OpenStreetMap.",0
33.8205613,27.1640234,11771936828,"Русская школа ""Мир знаний""",School,Education,"تقع Русская школа ""Мир знаний"" في القاهرة، مصر. نوع المنطقة: مدرسة. البيانات من OpenStreetMap.",0
33.820238,27.1505892,11771936829,"Русская школа ""Наши традиции""",School,Education,"تقع Русская школа ""Наши традиции"" في القاهرة، مصر. نوع المنطقة: مدرسة. البيانات من OpenStreetMap.",0
32.2771431,30.6208917,11844645733,كلية الاداب,University,Education,"تقع كلية الاداب في القاهرة، مصر. نوع المنطقة: عام. البيانات من OpenStreetMap.",0
31.3203773,30.092557,11886593370,عيادة الدكتور طارق مأمون استشاري العيون والرمد,Clinic,Health,"تقع عيادة الدكتور طارق مأمون استشاري العيون والرمد في القاهرة، مصر. نوع المنطقة: عام. البيانات من OpenStreetMap.",0
31.0683862,30.598202,11898182016,مدرسة الشهيد محمد الدسوقى الابتدائية,School,Education,"تقع مدرسة الشهيد محمد الدسوقى الابتدائية في القاهرة، مصر. نوع المنطقة: مدرسة. البيانات من OpenStreetMap.",0
31.0758625,30.5997889,11898182031,معهد الدبايبة الابتدائي الأزهري,School,Education,"تقع معهد الدبايبة الابتدائي الأزهري في القاهرة، مصر. نوع المنطقة: مدرسة. البيانات من OpenStreetMap.",0
31.0751998,30.5998064,11898182033,مدرسة الدبايبة الثانوية العامة,School,Education,"تقع مدرسة الدبايبة الثانوية العامة في القاهرة، مصر. نوع المنطقة: مدرسة. البيانات من OpenStreetMap.",0
31.0745737,30.5997766,11898182034,مدرسة الشهيد محمود طلعت الاعدادية المشتركة,School,Education,"تقع مدرسة الشهيد محمود طلعت الاعدادية المشتركة في القاهرة، مصر. نوع المنطقة: مدرسة. البيانات من OpenStreetMap.",0
31.5618704,31.2830958,11931719017,مدرسة أبو جلال الابتدائية رقم 1,School,Education,"تقع مدرسة أبو جلال الابتدائية رقم 1 في القاهرة، مصر. نوع المنطقة: مدرسة. البيانات من OpenStreetMap.",0
31.5615652,31.283925,11931719018,مدرسة أبو جلال الإعدادية,School,Education,"تقع مدرسة أبو جلال الإعدادية في القاهرة، مصر. نوع المنطقة: مدرسة. البيانات من OpenStreetMap.",0
31.5606422,31.2885452,11931752493,مدرسة أبو جلال الابتدائية رقم 2,School,Education,"تقع مدرسة أبو جلال الابتدائية رقم 2 في القاهرة، مصر. نوع المنطقة: مدرسة. البيانات من OpenStreetMap.",0
31.5597574,31.288459,11931752494,مدرسة أبو جلال الثانوية المشتركة,School,Education,"تقع مدرسة أبو جلال الثانوية المشتركة في القاهرة، مصر. نوع المنطقة: مدرسة. البيانات من OpenStreetMap.",0
31.0728408,29.9330864,11942826773,STEM High School for Boys-6th of October,School,Education,"تقع STEM High School for Boys-6th of October في القاهرة، مصر. نوع المنطقة: مدرسة. البيانات من OpenStreetMap.",0
31.1917095,30.0104051,11959610699,مستشفى الجابري,Hospital,Health,"تقع مستشفى الجابري في القاهرة، مصر. نوع المنطقة: مستشفى. البيانات من OpenStreetMap.",0
31.1923522,30.0101478,11959624386,مستشفى الجزيرة,Hospital,Health,"تقع مستشفى الجزيرة في القاهرة، مصر. نوع المنطقة: مستشفى. البيانات من OpenStreetMap.",0
31.3575096,31.0348308,12006457469,Nawal Ahmed,Clinic,Health,"تقع Nawal Ahmed في القاهرة، مصر. نوع المنطقة: عام. البيانات من OpenStreetMap.",0
30.9299433,30.4679512,12043578527,Dr Diaa Nour Dental Clinic,Clinic,Health,"تقع Dr Diaa Nour Dental Clinic في القاهرة، مصر. نوع المنطقة: عام. البيانات من OpenStreetMap.",0
33.8066829,27.2581771,12086908690,Phisical Therapy Center,Hospital,Health,"تقع Phisical Therapy Center في القاهرة، مصر. نوع المنطقة: مستشفى. البيانات من OpenStreetMap.",0
31.4559443,31.4606344,12087636614,New Mansoura University,University,Education,"تقع New Mansoura University في القاهرة، مصر. نوع المنطقة: عام. البيانات من OpenStreetMap.",0
32.9004733,24.1068137,12099138380,Aswan Oncology Center,Clinic,Health,"تقع Aswan Oncology Center في القاهرة، مصر. نوع المنطقة: عام. البيانات من OpenStreetMap.",0
33.8378595,27.2182798,12101394522,Hurghada Medical Center,Clinic,Health,"تقع Hurghada Medical Center في القاهرة، مصر. نوع المنطقة: عام. البيانات من OpenStreetMap.",0
31.3598438,30.0685605,12113482884,Advanced Technical School,School,Education,"تقع Advanced Technical School في القاهرة، مصر. نوع المنطقة: مدرسة. البيانات من OpenStreetMap.",0
30.9199779,29.8611466,12151116312,جامعة بادية,University,Education,"تقع جامعة بادية في القاهرة، مصر. نوع المنطقة: عام. البيانات من OpenStreetMap.",0
31.6267694,30.1517332,12205946881,Kaissar Clinic,Hospital,Health,"تقع Kaissar Clinic في القاهرة، مصر. نوع المنطقة: مستشفى. البيانات من OpenStreetMap.",0
31.6267945,30.1515997,12205946883,Alfa Labs,Hospital,Health,"تقع Alfa Labs في القاهرة، مصر. نوع المنطقة: مستشفى. البيانات من OpenStreetMap.",0
31.1898273,29.9444682,12213655599,الشهيد محمود عبد العظيم محجوب الابتدائية,School,Education,"تقع الشهيد محمود عبد العظيم محجوب الابتدائية في القاهرة، مصر. نوع المنطقة: مدرسة. البيانات من OpenStreetMap.",0
29.9321321,31.2211084,12230077236,Khaled Abo Ismael Official Language School,School,Education,"تقع Khaled Abo Ismael Official Language School في القاهرة، مصر. نوع المنطقة: مدرسة. البيانات من OpenStreetMap.",0
31.3447414,30.0587447,12237223201,Kibeida Academy,School,Education,"تقع Kibeida Academy في القاهرة، مصر. نوع المنطقة: مدرسة. البيانات من OpenStreetMap.",0
30.422803,31.4054588,12278326848,مدرسة ام المصرين الابتدائية,School,Education,"تقع مدرسة ام المصرين الابتدائية في القاهرة، مصر. نوع المنطقة: مدرسة. البيانات من OpenStreetMap.",0
30.4193311,31.4069122,12278326902,مستشفى رشيد العام,Hospital,Health,"تقع مستشفى رشيد العام في القاهرة، مصر. نوع المنطقة: مستشفى. البيانات من OpenStreetMap.",0
31.5051498,26.7630087,12297065092,مدرسة عمر بن الخطاب,School,Education,"تقع مدرسة عمر بن الخطاب في القاهرة، مصر. نوع المنطقة: مدرسة. البيانات من OpenStreetMap.",0
28.9651522,28.3500404,12357083901,وحدة الرعاية الصحية الأولية بالقبالة,Clinic,Health,"تقع وحدة الرعاية الصحية الأولية بالقبالة في القاهرة، مصر. نوع المنطقة: عام. البيانات من OpenStreetMap.",0
32.5426569,30.0294752,12402732939,Project Land,Hospital,Health,"تقع Project Land في القاهرة، مصر. نوع المنطقة: مستشفى. البيانات من OpenStreetMap.",0
31.3071538,30.0890097,12403238001,مدرسة عاطف صدقي,School,Education,"تقع مدرسة عاطف صدقي في القاهرة، مصر. نوع المنطقة: مدرسة. البيانات من OpenStreetMap.",0
31.3073849,30.0886265,12403250301,عيادات كيميت,Clinic,Health,"تقع عيادات كيميت في القاهرة، مصر. نوع المنطقة: عام. البيانات من OpenStreetMap.",0
31.2792099,27.2728281,12433858301,مدرسه النيل الدوليه لغات,School,Education,"تقع مدرسه النيل الدوليه لغات في القاهرة، مصر. نوع المنطقة: مدرسة. البيانات من OpenStreetMap.",0
31.1173645,29.0311584,12463345101,مدرسة الشروق,School,Education,"تقع مدرسة الشروق في القاهرة، مصر. نوع المنطقة: مدرسة. البيانات من OpenStreetMap.",0
31.5066992,30.0012223,12543690310,101 Clinics,Clinic,Health,"تقع 101 Clinics في القاهرة، مصر. نوع المنطقة: عام. البيانات من OpenStreetMap.",0
31.151763,30.0111053,12615891745,مدرسة الاصدقاء الخاصة,School,Education,"تقع مدرسة الاصدقاء الخاصة في القاهرة، مصر. نوع المنطقة: مدرسة. البيانات من OpenStreetMap.",0
31.6455018,31.1218512,12718981943,دكتور خالد عبد الفتاح السعدني,Clinic,Health,"تقع دكتور خالد عبد الفتاح السعدني في القاهرة، مصر. نوع المنطقة: عام. البيانات من OpenStreetMap.",0
34.6382658,25.5390061,12862484135,Clinic,Clinic,Health,"تقع Clinic في القاهرة، مصر. نوع المنطقة: عام. البيانات من OpenStreetMap.",0
34.3597439,25.9649067,12864285153,Clinic,Clinic,Health,"تقع Clinic في القاهرة، مصر. نوع المنطقة: عام. البيانات من OpenStreetMap.",0
31.2283781,29.854076,12876534034,مدرسة الوحدة المحلية بسقارة,School,Education,"تقع مدرسة الوحدة المحلية بسقارة في القاهرة، مصر. نوع المنطقة: مدرسة. البيانات من OpenStreetMap.",0
31.3721061,30.1219136,12887250139,مركز طبي النزهة الجديدة,Hospital,Health,"تقع مركز طبي النزهة الجديدة في القاهرة، مصر. نوع المنطقة: مستشفى. البيانات من OpenStreetMap.",0
31.3444783,30.0784848,12895489801,مستشفى عبدالقادر فهمي,Hospital,Health,"تقع مستشفى عبدالقادر فهمي في القاهرة، مصر. نوع المنطقة: مستشفى. البيانات من OpenStreetMap.",0
31.2284755,30.0316047,12952190988,عيادة الذكورة,Hospital,Health,"تقع عيادة الذكورة في القاهرة، مصر. نوع المنطقة: مستشفى. البيانات من OpenStreetMap.",0
31.228866,30.0317477,12952190989,عيادة العلاج الطبيغى,Hospital,Health,"تقع عيادة العلاج الطبيغى في القاهرة، مصر. نوع المنطقة: مستشفى. البيانات من OpenStreetMap.",0
31.2285843,30.0317811,12952190990,عيادة الجلدية,Hospital,Health,"تقع عيادة الجلدية في القاهرة، مصر. نوع المنطقة: مستشفى. البيانات من OpenStreetMap.",0
31.2290907,30.0320338,12952190991,عيادة السكر و عيادة الغدد و عيادة السمنة و التغذية,Hospital,Health,"تقع عيادة السكر و عيادة الغدد و عيادة السمنة و التغذية في القاهرة، مصر. نوع المنطقة: مستشفى. البيانات من OpenStreetMap.",0
31.2286432,30.0319818,12952190992,عيادة الرمد,Hospital,Health,"تقع عيادة الرمد في القاهرة، مصر. نوع المنطقة: مستشفى. البيانات من OpenStreetMap.",0
31.2291704,30.0311244,12952212926,مسجد كلية الطب,Hospital,Health,"تقع مسجد كلية الطب في القاهرة، مصر. نوع المنطقة: مستشفى. البيانات من OpenStreetMap.",0
31.2284692,30.0318111,12952212932,عيادة الجراحة,Hospital,Health,"تقع عيادة الجراحة في القاهرة، مصر. نوع المنطقة: مستشفى. البيانات من OpenStreetMap.",0
31.2282933,30.0318742,12952212933,عيادة الجراحة,Hospital,Health,"تقع عيادة الجراحة في القاهرة، مصر. نوع المنطقة: مستشفى. البيانات من OpenStreetMap.",0
31.2281655,30.0319308,12952212934,عيادة الباطنة و عيادة جراحة مخ و اعصاب,Hospital,Health,"تقع عيادة الباطنة و عيادة جراحة مخ و اعصاب في القاهرة، مصر. نوع المنطقة: مستشفى. البيانات من OpenStreetMap.",0
31.227904,30.0320253,12952409489,عيادة العظام,Hospital,Health,"تقع عيادة العظام في القاهرة، مصر. نوع المنطقة: مستشفى. البيانات من OpenStreetMap.",0
31.2280885,30.0317355,12952409490,عيادة الباطنة و القلب و المتوطنة,Hospital,Health,"تقع عيادة الباطنة و القلب و المتوطنة في القاهرة، مصر. نوع المنطقة: مستشفى. البيانات من OpenStreetMap.",0
31.2277924,30.0318302,12952409491,عيادة الروماتزم,Hospital,Health,"تقع عيادة الروماتزم في القاهرة، مصر. نوع المنطقة: مستشفى. البيانات من OpenStreetMap.",0
31.2283203,30.0321163,12952409492,عيادة مخ و أعصاب و الصدر,Hospital,Health,"تقع عيادة مخ و أعصاب و الصدر في القاهرة، مصر. نوع المنطقة: مستشفى. البيانات من OpenStreetMap.",0
31.2280005,30.0322389,12952409493,عيادة العلاج الطبيعى,Hospital,Health,"تقع عيادة العلاج الطبيعى في القاهرة، مصر. نوع المنطقة: مستشفى. البيانات من OpenStreetMap.",0
31.2282452,30.0316704,12952409494,عيادة السمعيات,Hospital,Health,"تقع عيادة السمعيات في القاهرة، مصر. نوع المنطقة: مستشفى. البيانات من OpenStreetMap.",0
31.2284404,30.0323652,12952409495,عيادة أمراض الدم,Hospital,Health,"تقع عيادة أمراض الدم في القاهرة، مصر. نوع المنطقة: مستشفى. البيانات من OpenStreetMap.",0
31.2282301,30.032434,12952409496,ليزر الجلدية,Hospital,Health,"تقع ليزر الجلدية في القاهرة، مصر. نوع المنطقة: مستشفى. البيانات من OpenStreetMap.",0
31.2286979,30.0315237,12952435106,ليزر الرمد,Hospital,Health,"تقع ليزر الرمد في القاهرة، مصر. نوع المنطقة: مستشفى. البيانات من OpenStreetMap.",0
31.2291979,30.0314661,12952440615,مبنى بنك الدم و عيادة طب الأسرة,Hospital,Health,"تقع مبنى بنك الدم و عيادة طب الأسرة في القاهرة، مصر. نوع المنطقة: مستشفى. البيانات من OpenStreetMap.",0
31.2050636,30.0385996,12959320901,Dar El Oyun Hospitals,Hospital,Health,"تقع Dar El Oyun Hospitals في القاهرة، مصر. نوع المنطقة: مستشفى. البيانات من OpenStreetMap.",0
32.7219566,25.8984282,13031156201,مستشفي النيل نقادة,Hospital,Health,"تقع مستشفي النيل نقادة في القاهرة، مصر. نوع المنطقة: مستشفى. البيانات من OpenStreetMap.",0
33.8216081,27.1546089,13083912855,Al Haya Hospital,Hospital,Health,"تقع Al Haya Hospital في القاهرة، مصر. نوع المنطقة: مستشفى. البيانات من OpenStreetMap.",0
31.480921,31.4486944,13103824401,جامعة المنصورة الأهلية,University,Education,"تقع جامعة المنصورة الأهلية في القاهرة، مصر. نوع المنطقة: عام. البيانات من OpenStreetMap.",0
32.6424326,25.7000072,13110393001,مستشفي كليوباترا,Hospital,Health,"تقع مستشفي كليوباترا في القاهرة، مصر. نوع المنطقة: مستشفى. البيانات من OpenStreetMap.",0
31.3360994,29.8504006,13116008690,مدرسة حلوان الأعدادية بنات,School,Education,"تقع مدرسة حلوان الأعدادية بنات في القاهرة، مصر. نوع المنطقة: مدرسة. البيانات من OpenStreetMap.",0
31.3590828,30.0340923,13117051501,الجامعة المصرية الصينية فرع مدينة نصر,University,Education,"تقع الجامعة المصرية الصينية فرع مدينة نصر في القاهرة، مصر. نوع المنطقة: عام. البيانات من OpenStreetMap.",0
31.3590828,30.0340923,13117053401,الجامعة المصرية الصينية فرع مدينة نصر,University,Education,"تقع الجامعة المصرية الصينية فرع مدينة نصر في القاهرة، مصر. نوع المنطقة: عام. البيانات من OpenStreetMap.",0
31.2271378,30.0221976,13119302915,مكتب صحة - المنيل,Clinic,Health,"تقع مكتب صحة - المنيل في القاهرة، مصر. نوع المنطقة: عام. البيانات من OpenStreetMap.",0
31.2538745,30.0397371,13119302916,مكتب صحة - الدرب الاحمر,Clinic,Health,"تقع مكتب صحة - الدرب الاحمر في القاهرة، مصر. نوع المنطقة: عام. البيانات من OpenStreetMap.",0
29.9196193,31.1903114,13124929501,مدرسة محرم بك الإعدادية - بنين,School,Education,"تقع مدرسة محرم بك الإعدادية - بنين في القاهرة، مصر. نوع المنطقة: مدرسة. البيانات من OpenStreetMap.",0
31.3365605,29.8511443,13135892861,مستشفى أمان,Hospital,Health,"تقع مستشفى أمان في القاهرة، مصر. نوع المنطقة: مستشفى. البيانات من OpenStreetMap.",0
30.9717987,29.9698057,13167213431,مدرسة سمارت فيجين,School,Education,"تقع مدرسة سمارت فيجين في القاهرة، مصر. نوع المنطقة: مدرسة. البيانات من OpenStreetMap.",0
30.9831511,29.983664,13167384000,مستشفى كابيتال كير,Hospital,Health,"تقع مستشفى كابيتال كير في القاهرة، مصر. نوع المنطقة: مستشفى. البيانات من OpenStreetMap.",0
30.9835779,29.9840365,13167398939,مستشفى نيوراسبتاليا,Hospital,Health,"تقع مستشفى نيوراسبتاليا في القاهرة، مصر. نوع المنطقة: مستشفى. البيانات من OpenStreetMap.",0
30.9840008,29.984212,13169325310,مستشفى فوقية,Hospital,Health,"تقع مستشفى فوقية في القاهرة، مصر. نوع المنطقة: مستشفى. البيانات من OpenStreetMap.",0
29.943345,31.1717453,13169518887,مستشفى إليت,Hospital,Health,"تقع مستشفى إليت في القاهرة، مصر. نوع المنطقة: مستشفى. البيانات من OpenStreetMap.",0
33.8374661,27.220846,13177009411,Queens Clinics,Clinic,Health,"تقع Queens Clinics في القاهرة، مصر. نوع المنطقة: عام. البيانات من OpenStreetMap.",0
31.2229923,30.0625121,13254088901,مدرسة دار التربية زمالك,School,Education,"تقع مدرسة دار التربية زمالك في القاهرة، مصر. نوع المنطقة: مدرسة. البيانات من OpenStreetMap.",0
31.2220437,30.05679,13254103601,مدرسة دار الطفل زمالك,School,Education,"تقع مدرسة دار الطفل زمالك في القاهرة، مصر. نوع المنطقة: مدرسة. البيانات من OpenStreetMap.",0
33.8312906,27.1891749,13257159826,Sindbad Club Clinic,Clinic,Health,"تقع Sindbad Club Clinic في القاهرة، مصر. نوع المنطقة: عام. البيانات من OpenStreetMap.",0
32.8907274,24.9878581,13300032702,Alkashef Specialized Hospital,Clinic,Health,"تقع Alkashef Specialized Hospital في القاهرة، مصر. نوع المنطقة: عام. البيانات من OpenStreetMap.",0
31.1801785,27.1810638,13322682624,Al Rowad,Hospital,Health,"تقع Al Rowad في القاهرة، مصر. نوع المنطقة: مستشفى. البيانات من OpenStreetMap.",0
31.2531683,29.95673,13327722417,مستشفى الجارم,Hospital,Health,"تقع مستشفى الجارم في القاهرة، مصر. نوع المنطقة: مستشفى. البيانات من OpenStreetMap.",0
30.9963025,30.0092376,13333741524,مستشفى المحور,Hospital,Health,"تقع مستشفى المحور في القاهرة، مصر. نوع المنطقة: مستشفى. البيانات من OpenStreetMap.",0
31.0739437,30.0199114,13333753876,Maverick International School,School,Education,"تقع Maverick International School في القاهرة، مصر. نوع المنطقة: مدرسة. البيانات من OpenStreetMap.",0
31.2226023,29.8930557,13334724503,Alnesr Medical Hospital,Hospital,Health,"تقع Alnesr Medical Hospital في القاهرة، مصر. نوع المنطقة: مستشفى. البيانات من OpenStreetMap.",0
31.1668985,29.930476,13336039003,crown college international school,School,Education,"تقع crown college international school في القاهرة، مصر. نوع المنطقة: مدرسة. البيانات من OpenStreetMap.",0
31.147942,29.9785986,13337095902,Shorouk Hospital,Hospital,Health,"تقع Shorouk Hospital في القاهرة، مصر. نوع المنطقة: مستشفى. البيانات من OpenStreetMap.",0
30.5057936,30.3692667,13419397901,مستشفى السادات التخصصي,Hospital,Health,"تقع مستشفى السادات التخصصي في القاهرة، مصر. نوع المنطقة: مستشفى. البيانات من OpenStreetMap.",0
31.3132198,30.0616227,13449981901,Faculty of Islamic Sciences for Non-Arabic Speaking International Students,University,Education,"تقع Faculty of Islamic Sciences for Non-Arabic Speaking International Students في القاهرة، مصر. نوع المنطقة: عام. البيانات من OpenStreetMap.",0
31.4805316,30.1936833,13495307601,اليابنيه,School,Education,"تقع اليابنيه في القاهرة، مصر. نوع المنطقة: مدرسة. البيانات من OpenStreetMap.",0
31.4771099,30.1968052,13495733201,احمد الشريف,School,Education,"تقع احمد الشريف في القاهرة، مصر. نوع المنطقة: مدرسة. البيانات من OpenStreetMap.",0
31.4579867,30.0632596,13527746457,مدرسة مجدي يعقوب,School,Education,"تقع مدرسة مجدي يعقوب في القاهرة، مصر. نوع المنطقة: مدرسة. البيانات من OpenStreetMap.",0
31.4593942,30.0682839,13527746869,مدرسة بنت الشاطئ,School,Education,"تقع مدرسة بنت الشاطئ في القاهرة، مصر. نوع المنطقة: مدرسة. البيانات من OpenStreetMap.",0
31.484062,30.1939439,13540632002,مسجد النور,School,Education,"تقع مسجد النور في القاهرة، مصر. نوع المنطقة: مدرسة. البيانات من OpenStreetMap.",0
30.5057935,30.369251,13566406801,مستشفى السادات التخصصي,Hospital,Health,"تقع مستشفى السادات التخصصي في القاهرة، مصر. نوع المنطقة: مستشفى. البيانات من OpenStreetMap.",0
31.0889468,29.0768838,13569028101,عيادة بني سويف الشاملة التأمين الصحي,Clinic,Health,"تقع عيادة بني سويف الشاملة التأمين الصحي في القاهرة، مصر. نوع المنطقة: عام. البيانات من OpenStreetMap.",0
32.2776803,31.2678964,13593146701,مستشفى النصر,Hospital,Health,"تقع مستشفى النصر في القاهرة، مصر. نوع المنطقة: مستشفى. البيانات من OpenStreetMap.",0
32.292383,31.269511,13593159801,ال سليمان,Hospital,Health,"تقع ال سليمان في القاهرة، مصر. نوع المنطقة: مستشفى. البيانات من OpenStreetMap.",0
31.8121822,30.1477101,13603907701,مدرسة الزهور الابتدائية,School,Education,"تقع مدرسة الزهور الابتدائية في القاهرة، مصر. نوع المنطقة: مدرسة. البيانات من OpenStreetMap.",0
30.8410742,28.1271756,13617582801,جامعة لوتس بالمنيا,University,Education,"تقع جامعة لوتس بالمنيا في القاهرة، مصر. نوع المنطقة: عام. البيانات من OpenStreetMap.",0
31.3198047,30.0900972,411899155,البنك الأهلي,Bank,Bank,"تقع البنك الأهلي في القاهرة، مصر. نوع المنطقة: بنك. البيانات من :contentReference[oaicite:1]{index=1}.",1
31.3408621,30.0622125,436151752,سي أي بي,Bank,Bank,"تقع سي أي بي في القاهرة، مصر. نوع المنطقة: بنك. البيانات من :contentReference[oaicite:1]{index=1}.",1
31.3444132,30.0651879,442290069,أن أس جي بي,Bank,Bank,"تقع أن أس جي بي في القاهرة، مصر. نوع المنطقة: بنك. البيانات من :contentReference[oaicite:1]{index=1}.",1
31.339088,30.0620134,442338219,Crédit Agricole,Bank,Bank,"تقع Crédit Agricole في القاهرة، مصر. نوع المنطقة: بنك. البيانات من :contentReference[oaicite:1]{index=1}.",1
31.3448102,30.0692966,443265261,عودة,Bank,Bank,"تقع عودة في القاهرة، مصر. نوع المنطقة: بنك. البيانات من :contentReference[oaicite:1]{index=1}.",1
31.3259961,30.0623848,500103158,أن أس جي بي,Bank,Bank,"تقع أن أس جي بي في القاهرة، مصر. نوع المنطقة: بنك. البيانات من :contentReference[oaicite:1]{index=1}.",1
31.3199657,30.1099496,500360508,أن أس جي بي,Bank,Bank,"تقع أن أس جي بي في القاهرة، مصر. نوع المنطقة: بنك. البيانات من :contentReference[oaicite:1]{index=1}.",1
31.3193059,30.0907142,677779939,بنك مصر,Bank,Bank,"تقع بنك مصر في القاهرة، مصر. نوع المنطقة: بنك. البيانات من :contentReference[oaicite:1]{index=1}.",1
31.3313055,30.0897928,679752598,بنك قناة السويس,Bank,Bank,"تقع بنك قناة السويس في القاهرة، مصر. نوع المنطقة: بنك. البيانات من :contentReference[oaicite:1]{index=1}.",1
31.3253903,30.0956232,679752607,بنك عودة,Bank,Bank,"تقع بنك عودة في القاهرة، مصر. نوع المنطقة: بنك. البيانات من :contentReference[oaicite:1]{index=1}.",1
31.2279759,30.0608923,1133540821,بنك مصر,Bank,Bank,"تقع بنك مصر في القاهرة، مصر. نوع المنطقة: بنك. البيانات من :contentReference[oaicite:1]{index=1}.",1
31.2388535,30.0478628,1262216201,بنك ابو ظبى,Bank,Bank,"تقع بنك ابو ظبى في القاهرة، مصر. نوع المنطقة: بنك. البيانات من :contentReference[oaicite:1]{index=1}.",1
31.238993,30.0480719,1262216221,كريدي اجريكول مصر,Bank,Bank,"تقع كريدي اجريكول مصر في القاهرة، مصر. نوع المنطقة: بنك. البيانات من :contentReference[oaicite:1]{index=1}.",1
31.3247314,30.0964886,1283653296,بي أن بي باريبا,Bank,Bank,"تقع بي أن بي باريبا في القاهرة، مصر. نوع المنطقة: بنك. البيانات من :contentReference[oaicite:1]{index=1}.",1
31.3249138,30.0968646,1283653498,أن أس جي بي,Bank,Bank,"تقع أن أس جي بي في القاهرة، مصر. نوع المنطقة: بنك. البيانات من :contentReference[oaicite:1]{index=1}.",1
31.334282,30.0872532,1338005146,البنك الاهلى,Bank,Bank,"تقع البنك الاهلى في القاهرة، مصر. نوع المنطقة: بنك. البيانات من :contentReference[oaicite:1]{index=1}.",1
31.3308188,30.0841956,1341391152,CAE BANK فرع الميرغنى,Bank,Bank,"تقع CAE BANK فرع الميرغنى في القاهرة، مصر. نوع المنطقة: بنك. البيانات من :contentReference[oaicite:1]{index=1}.",1
31.3306955,30.0842517,1343901865,بي أن بي باريبا,Bank,Bank,"تقع بي أن بي باريبا في القاهرة، مصر. نوع المنطقة: بنك. البيانات من :contentReference[oaicite:1]{index=1}.",1
31.340369,30.0803627,1370639168,البنك العربي الافريقي,Bank,Bank,"تقع البنك العربي الافريقي في القاهرة، مصر. نوع المنطقة: بنك. البيانات من :contentReference[oaicite:1]{index=1}.",1
31.3405233,30.0812083,1370639171,البنك العربي,Bank,Bank,"تقع البنك العربي في القاهرة، مصر. نوع المنطقة: بنك. البيانات من :contentReference[oaicite:1]{index=1}.",1
31.3327675,30.0880577,1373306816,CIB BANK فرع الثورة,Bank,Bank,"تقع CIB BANK فرع الثورة في القاهرة، مصر. نوع المنطقة: بنك. البيانات من :contentReference[oaicite:1]{index=1}.",1
31.4913653,30.0586897,1685258848,بنك مصر الوطني,Bank,Bank,"تقع بنك مصر الوطني في القاهرة، مصر. نوع المنطقة: بنك. البيانات من :contentReference[oaicite:1]{index=1}.",1
31.4916486,30.0586398,1685258849,أن أس جي بي,Bank,Bank,"تقع أن أس جي بي في القاهرة، مصر. نوع المنطقة: بنك. البيانات من :contentReference[oaicite:1]{index=1}.",1
31.4919477,30.0586874,1685258850,البنك العربي الإفريقي الدولي,Bank,Bank,"تقع البنك العربي الإفريقي الدولي في القاهرة، مصر. نوع المنطقة: بنك. البيانات من :contentReference[oaicite:1]{index=1}.",1
31.2177999,30.0610029,1765953952,Barclays,Bank,Bank,"تقع Barclays في القاهرة، مصر. نوع المنطقة: بنك. البيانات من :contentReference[oaicite:1]{index=1}.",1
31.4391942,29.9862888,2228885084,Emirates NBD Bank,Bank,Bank,"تقع Emirates NBD Bank في القاهرة، مصر. نوع المنطقة: بنك. البيانات من :contentReference[oaicite:1]{index=1}.",1
31.2178348,30.0277325,2229198584,NSGB,Bank,Bank,"تقع NSGB في القاهرة، مصر. نوع المنطقة: بنك. البيانات من :contentReference[oaicite:1]{index=1}.",1
31.2202627,30.056631,2229244904,البنك العربي الأفريقي الدولي,Bank,Bank,"تقع البنك العربي الأفريقي الدولي في القاهرة، مصر. نوع المنطقة: بنك. البيانات من :contentReference[oaicite:1]{index=1}.",1
31.2203398,30.0558326,2229244918,Citibank,Bank,Bank,"تقع Citibank في القاهرة، مصر. نوع المنطقة: بنك. البيانات من :contentReference[oaicite:1]{index=1}.",1
31.4132435,30.0170217,2287575529,بنك كريدى أجريكول,Bank,Bank,"تقع بنك كريدى أجريكول في القاهرة، مصر. نوع المنطقة: بنك. البيانات من :contentReference[oaicite:1]{index=1}.",1
31.4118027,30.0167711,2297596468,بنك إن إس جى بى,Bank,Bank,"تقع بنك إن إس جى بى في القاهرة، مصر. نوع المنطقة: بنك. البيانات من :contentReference[oaicite:1]{index=1}.",1
31.4230815,30.0187286,2310832938,البنك التجاري الدولي,Bank,Bank,"تقع البنك التجاري الدولي في القاهرة، مصر. نوع المنطقة: بنك. البيانات من :contentReference[oaicite:1]{index=1}.",1
31.3698206,30.1223298,2448358089,البنك الأهلي,Bank,Bank,"تقع البنك الأهلي في القاهرة، مصر. نوع المنطقة: بنك. البيانات من :contentReference[oaicite:1]{index=1}.",1
31.4270224,30.0168938,2589739629,البنك الأهلى المتحد,Bank,Bank,"تقع البنك الأهلى المتحد في القاهرة، مصر. نوع المنطقة: بنك. البيانات من :contentReference[oaicite:1]{index=1}.",1
31.2445571,30.0306466,2955198827,بنك فيصل الاسلامى,Bank,Bank,"تقع بنك فيصل الاسلامى في القاهرة، مصر. نوع المنطقة: بنك. البيانات من :contentReference[oaicite:1]{index=1}.",1
31.423166,30.0186963,3223255753,Barclays,Bank,Bank,"تقع Barclays في القاهرة، مصر. نوع المنطقة: بنك. البيانات من :contentReference[oaicite:1]{index=1}.",1
31.2242462,30.0586714,3323245673,Piraeus Bank,Bank,Bank,"تقع Piraeus Bank في القاهرة، مصر. نوع المنطقة: بنك. البيانات من :contentReference[oaicite:1]{index=1}.",1
31.4833764,30.0249878,3371343060,CIB,Bank,Bank,"تقع CIB في القاهرة، مصر. نوع المنطقة: بنك. البيانات من :contentReference[oaicite:1]{index=1}.",1
31.2158919,30.0639251,3450921719,HSBC,Bank,Bank,"تقع HSBC في القاهرة، مصر. نوع المنطقة: بنك. البيانات من :contentReference[oaicite:1]{index=1}.",1
31.341062,30.0914988,3665763952,Crédit Agricole,Bank,Bank,"تقع Crédit Agricole في القاهرة، مصر. نوع المنطقة: بنك. البيانات من :contentReference[oaicite:1]{index=1}.",1
31.3422818,30.0770775,3665818165,البنك الأهلي المصري,Bank,Bank,"تقع البنك الأهلي المصري في القاهرة، مصر. نوع المنطقة: بنك. البيانات من :contentReference[oaicite:1]{index=1}.",1
31.3376897,30.0574853,3730502357,COMMERCIAL INTERNATIONAL BANK,Bank,Bank,"تقع COMMERCIAL INTERNATIONAL BANK في القاهرة، مصر. نوع المنطقة: بنك. البيانات من :contentReference[oaicite:1]{index=1}.",1
31.2179423,30.0651553,3796781106,البنك الأهلى,Bank,Bank,"تقع البنك الأهلى في القاهرة، مصر. نوع المنطقة: بنك. البيانات من :contentReference[oaicite:1]{index=1}.",1
31.2423949,30.0571632,3905349889,ماكينة صرافة البنك الأهلي,Atm,Bank,"تقع ماكينة صرافة البنك الأهلي في القاهرة، مصر. نوع المنطقة: بنك. البيانات من :contentReference[oaicite:1]{index=1}.",1
31.2176645,30.0277543,4261106898,Arab International Bank,Bank,Bank,"تقع Arab International Bank في القاهرة، مصر. نوع المنطقة: بنك. البيانات من :contentReference[oaicite:1]{index=1}.",1
31.3443913,30.0719319,4292369097,بنك الاسكندرية,Bank,Bank,"تقع بنك الاسكندرية في القاهرة، مصر. نوع المنطقة: بنك. البيانات من :contentReference[oaicite:1]{index=1}.",1
31.2819367,30.0702149,4317958954,CIB Bank,Bank,Bank,"تقع CIB Bank في القاهرة، مصر. نوع المنطقة: بنك. البيانات من :contentReference[oaicite:1]{index=1}.",1
31.4230325,30.0186974,4444670689,البنك المصري الخليجي,Bank,Bank,"تقع البنك المصري الخليجي في القاهرة، مصر. نوع المنطقة: بنك. البيانات من :contentReference[oaicite:1]{index=1}.",1
31.3196323,30.09581,4579918091,بنك التعمير والاسكان,Bank,Bank,"تقع بنك التعمير والاسكان في القاهرة، مصر. نوع المنطقة: بنك. البيانات من :contentReference[oaicite:1]{index=1}.",1
31.4753859,30.0373786,4612661998,البنك المصرى لتنمية الصادرات فرع ستيلا,Bank,Bank,"تقع البنك المصرى لتنمية الصادرات فرع ستيلا في القاهرة، مصر. نوع المنطقة: بنك. البيانات من :contentReference[oaicite:1]{index=1}.",1
31.342363,30.082503,4612691301,HSBC,Bank,Bank,"تقع HSBC في القاهرة، مصر. نوع المنطقة: بنك. البيانات من :contentReference[oaicite:1]{index=1}.",1
31.217463,30.0413958,4612718293,HSBC,Bank,Bank,"تقع HSBC في القاهرة، مصر. نوع المنطقة: بنك. البيانات من :contentReference[oaicite:1]{index=1}.",1
31.4755763,30.0371244,4612718895,SAIB BANK فرع ستلا,Bank,Bank,"تقع SAIB BANK فرع ستلا في القاهرة، مصر. نوع المنطقة: بنك. البيانات من :contentReference[oaicite:1]{index=1}.",1
31.4923531,30.0573919,4612910089,HSBC BANK فرع الرحاب,Bank,Bank,"تقع HSBC BANK فرع الرحاب في القاهرة، مصر. نوع المنطقة: بنك. البيانات من :contentReference[oaicite:1]{index=1}.",1
31.3969617,30.1192392,4621453993,EG BANK البنك المصرى الخليجى فرع المطار,Bank,Bank,"تقع EG BANK البنك المصرى الخليجى فرع المطار في القاهرة، مصر. نوع المنطقة: بنك. البيانات من :contentReference[oaicite:1]{index=1}.",1
31.2220334,30.0403848,4621469790,CAE BANK فرع قصر النيل,Bank,Bank,"تقع CAE BANK فرع قصر النيل في القاهرة، مصر. نوع المنطقة: بنك. البيانات من :contentReference[oaicite:1]{index=1}.",1
31.2216754,30.0577543,4621469792,EDBE BANK البنك المصرى لتنميةالصادرات فرع الزمالك,Bank,Bank,"تقع EDBE BANK البنك المصرى لتنميةالصادرات فرع الزمالك في القاهرة، مصر. نوع المنطقة: بنك. البيانات من :contentReference[oaicite:1]{index=1}.",1
31.3314363,30.0908959,4621469793,EG BANK البنك المصرى الخليجى فرع بيروت,Bank,Bank,"تقع EG BANK البنك المصرى الخليجى فرع بيروت في القاهرة، مصر. نوع المنطقة: بنك. البيانات من :contentReference[oaicite:1]{index=1}.",1
31.2259709,30.0537326,4621470790,نادى الجزيرة,Bank,Bank,"تقع نادى الجزيرة في القاهرة، مصر. نوع المنطقة: بنك. البيانات من :contentReference[oaicite:1]{index=1}.",1
31.2808608,30.0149419,4621497890,HSBC ATM مترو المقطم,Bank,Bank,"تقع HSBC ATM مترو المقطم في القاهرة، مصر. نوع المنطقة: بنك. البيانات من :contentReference[oaicite:1]{index=1}.",1
31.2811865,30.0161194,4621497989,HSBC BANK فرع المقطم,Bank,Bank,"تقع HSBC BANK فرع المقطم في القاهرة، مصر. نوع المنطقة: بنك. البيانات من :contentReference[oaicite:1]{index=1}.",1
31.2180945,30.028062,4621498089,EDBE BANK البنك المصرى لتنمية الصادرات,Bank,Bank,"تقع EDBE BANK البنك المصرى لتنمية الصادرات في القاهرة، مصر. نوع المنطقة: بنك. البيانات من :contentReference[oaicite:1]{index=1}.",1
31.2181021,30.045853,4621498090,HSBC,Bank,Bank,"تقع HSBC في القاهرة، مصر. نوع المنطقة: بنك. البيانات من :contentReference[oaicite:1]{index=1}.",1
31.3758289,30.1017998,4621498091,HSBC,Bank,Bank,"تقع HSBC في القاهرة، مصر. نوع المنطقة: بنك. البيانات من :contentReference[oaicite:1]{index=1}.",1
31.3772219,30.1028339,4621498092,CAE BANK بنك كريدي اجريكول فرع شيراتون,Bank,Bank,"تقع CAE BANK بنك كريدي اجريكول فرع شيراتون في القاهرة، مصر. نوع المنطقة: بنك. البيانات من :contentReference[oaicite:1]{index=1}.",1
31.3399282,30.0970575,4621498094,HSBC,Bank,Bank,"تقع HSBC في القاهرة، مصر. نوع المنطقة: بنك. البيانات من :contentReference[oaicite:1]{index=1}.",1
31.3278442,30.1028947,4621498189,HSBC BANK فرع الحجاز,Bank,Bank,"تقع HSBC BANK فرع الحجاز في القاهرة، مصر. نوع المنطقة: بنك. البيانات من :contentReference[oaicite:1]{index=1}.",1
31.246668,30.054696,4622036391,البنك المركزي المصري,Bank,Bank,"تقع البنك المركزي المصري في القاهرة، مصر. نوع المنطقة: بنك. البيانات من :contentReference[oaicite:1]{index=1}.",1
31.3437016,30.105897,4627188889,CAE BANK بنك كريدي اجريكول فرع سانت فاتيما,Bank,Bank,"تقع CAE BANK بنك كريدي اجريكول فرع سانت فاتيما في القاهرة، مصر. نوع المنطقة: بنك. البيانات من :contentReference[oaicite:1]{index=1}.",1
31.3439472,30.1143525,4647806391,القطرى,Bank,Bank,"تقع القطرى في القاهرة، مصر. نوع المنطقة: بنك. البيانات من :contentReference[oaicite:1]{index=1}.",1
31.332021,30.1050034,4657338189,البنك التجارى الدولى,Bank,Bank,"تقع البنك التجارى الدولى في القاهرة، مصر. نوع المنطقة: بنك. البيانات من :contentReference[oaicite:1]{index=1}.",1
31.2416301,30.048579,4688097289,العربي الإفريقي,Bank,Bank,"تقع العربي الإفريقي في القاهرة، مصر. نوع المنطقة: بنك. البيانات من :contentReference[oaicite:1]{index=1}.",1
31.2415134,30.048344,4688097389,البنك العربي الإفريقي,Bank,Bank,"تقع البنك العربي الإفريقي في القاهرة، مصر. نوع المنطقة: بنك. البيانات من :contentReference[oaicite:1]{index=1}.",1
31.4201221,30.0167074,4736355921,HSBC BANK فرع التجمع,Bank,Bank,"تقع HSBC BANK فرع التجمع في القاهرة، مصر. نوع المنطقة: بنك. البيانات من :contentReference[oaicite:1]{index=1}.",1
31.3224832,30.0897941,4736356222,HSBC,Bank,Bank,"تقع HSBC في القاهرة، مصر. نوع المنطقة: بنك. البيانات من :contentReference[oaicite:1]{index=1}.",1
31.2258508,30.0237967,4777662825,عوده المنيل,Bank,Bank,"تقع عوده المنيل في القاهرة، مصر. نوع المنطقة: بنك. البيانات من :contentReference[oaicite:1]{index=1}.",1
31.4088572,29.9962801,4855784921,بنك فرع القطامية غولف التجمع,Bank,Bank,"تقع بنك فرع القطامية غولف التجمع في القاهرة، مصر. نوع المنطقة: بنك. البيانات من :contentReference[oaicite:1]{index=1}.",1
31.214589,30.0469135,4889545864,البنك الأهلي المصري,Bank,Bank,"تقع البنك الأهلي المصري في القاهرة، مصر. نوع المنطقة: بنك. البيانات من :contentReference[oaicite:1]{index=1}.",1
31.2406131,30.0392946,4959644223,بنك مصر,Bank,Bank,"تقع بنك مصر في القاهرة، مصر. نوع المنطقة: بنك. البيانات من :contentReference[oaicite:1]{index=1}.",1
31.2464846,30.0626867,4959844623,البنك الأهلي المصري,Bank,Bank,"تقع البنك الأهلي المصري في القاهرة، مصر. نوع المنطقة: بنك. البيانات من :contentReference[oaicite:1]{index=1}.",1
31.2230622,30.0198208,4973328026,بنك البركة - فرع المنيل,Bank,Bank,"تقع بنك البركة - فرع المنيل في القاهرة، مصر. نوع المنطقة: بنك. البيانات من :contentReference[oaicite:1]{index=1}.",1
31.2271571,30.0146046,4973361621,Banque du Caire,Bank,Bank,"تقع Banque du Caire في القاهرة، مصر. نوع المنطقة: بنك. البيانات من :contentReference[oaicite:1]{index=1}.",1
31.3539089,30.0610037,4992471221,Hsbc bank,Bank,Bank,"تقع Hsbc bank في القاهرة، مصر. نوع المنطقة: بنك. البيانات من :contentReference[oaicite:1]{index=1}.",1
31.335828,30.0794589,5007697422,صيرفة,Bank,Bank,"تقع صيرفة في القاهرة، مصر. نوع المنطقة: بنك. البيانات من :contentReference[oaicite:1]{index=1}.",1
31.3183138,30.1018296,5119779826,بنك الاسكان والتعمير,Bank,Bank,"تقع بنك الاسكان والتعمير في القاهرة، مصر. نوع المنطقة: بنك. البيانات من :contentReference[oaicite:1]{index=1}.",1
31.3387739,30.0534997,5129741230,بنك الاستثمار العربي,Bank,Bank,"تقع بنك الاستثمار العربي في القاهرة، مصر. نوع المنطقة: بنك. البيانات من :contentReference[oaicite:1]{index=1}.",1
31.3465281,30.0543108,5134666141,بنك الكويت الوطنى,Bank,Bank,"تقع بنك الكويت الوطنى في القاهرة، مصر. نوع المنطقة: بنك. البيانات من :contentReference[oaicite:1]{index=1}.",1
31.3476219,30.0545614,5134666143,بنك باركليز,Bank,Bank,"تقع بنك باركليز في القاهرة، مصر. نوع المنطقة: بنك. البيانات من :contentReference[oaicite:1]{index=1}.",1
31.3434086,30.0541249,5134666529,البنك الاهلي المصرى,Bank,Bank,"تقع البنك الاهلي المصرى في القاهرة، مصر. نوع المنطقة: بنك. البيانات من :contentReference[oaicite:1]{index=1}.",1
31.338763,30.0534269,5134667830,CIB,Bank,Bank,"تقع CIB في القاهرة، مصر. نوع المنطقة: بنك. البيانات من :contentReference[oaicite:1]{index=1}.",1
31.2161252,30.0667379,5188725104,BLOM Bank Egypt,Bank,Bank,"تقع BLOM Bank Egypt في القاهرة، مصر. نوع المنطقة: بنك. البيانات من :contentReference[oaicite:1]{index=1}.",1
31.2173007,30.0244169,5214611623,البنك العربي الأفريقي,Bank,Bank,"تقع البنك العربي الأفريقي في القاهرة، مصر. نوع المنطقة: بنك. البيانات من :contentReference[oaicite:1]{index=1}.",1
31.245137,30.077021,5219621324,Bank Du Caire (Shoubra),Bank,Bank,"تقع Bank Du Caire (Shoubra) في القاهرة، مصر. نوع المنطقة: بنك. البيانات من :contentReference[oaicite:1]{index=1}.",1
31.4190331,30.0195445,5249514971,البنك الأهلي المتحد,Bank,Bank,"تقع البنك الأهلي المتحد في القاهرة، مصر. نوع المنطقة: بنك. البيانات من :contentReference[oaicite:1]{index=1}.",1
31.3409791,30.0996144,5275318321,بنك فيصل الأسلامي,Bank,Bank,"تقع بنك فيصل الأسلامي في القاهرة، مصر. نوع المنطقة: بنك. البيانات من :contentReference[oaicite:1]{index=1}.",1
31.3026288,30.1027923,5312663122,بنك مصر فرع السواح,Bank,Bank,"تقع بنك مصر فرع السواح في القاهرة، مصر. نوع المنطقة: بنك. البيانات من :contentReference[oaicite:1]{index=1}.",1
31.3136243,30.0905568,5314815223,بنك قطر الوطنى,Bank,Bank,"تقع بنك قطر الوطنى في القاهرة، مصر. نوع المنطقة: بنك. البيانات من :contentReference[oaicite:1]{index=1}.",1
31.3431023,30.1148064,5314819219,بنك كريدى اجريكول,Bank,Bank,"تقع بنك كريدى اجريكول في القاهرة، مصر. نوع المنطقة: بنك. البيانات من :contentReference[oaicite:1]{index=1}.",1
31.3384597,30.1104293,5314820044,البنك العربى,Bank,Bank,"تقع البنك العربى في القاهرة، مصر. نوع المنطقة: بنك. البيانات من :contentReference[oaicite:1]{index=1}.",1
31.321332,30.0909764,5314820048,بنك مصر,Bank,Bank,"تقع بنك مصر في القاهرة، مصر. نوع المنطقة: بنك. البيانات من :contentReference[oaicite:1]{index=1}.",1
31.3333783,30.105625,5314820049,البنك الاهلي المصري,Bank,Bank,"تقع البنك الاهلي المصري في القاهرة، مصر. نوع المنطقة: بنك. البيانات من :contentReference[oaicite:1]{index=1}.",1
31.3159908,30.0945715,5314820050,مصرف ابو ظبى الاسلامى,Bank,Bank,"تقع مصرف ابو ظبى الاسلامى في القاهرة، مصر. نوع المنطقة: بنك. البيانات من :contentReference[oaicite:1]{index=1}.",1
31.3420247,30.1162443,5314820370,البنك الاهلى المصرى,Bank,Bank,"تقع البنك الاهلى المصرى في القاهرة، مصر. نوع المنطقة: بنك. البيانات من :contentReference[oaicite:1]{index=1}.",1
31.3207188,30.0963168,5314820375,البنك المصرى لتنمية الصادرات,Bank,Bank,"تقع البنك المصرى لتنمية الصادرات في القاهرة، مصر. نوع المنطقة: بنك. البيانات من :contentReference[oaicite:1]{index=1}.",1
31.3391414,30.0896986,5314820721,البنك العقاري,Bank,Bank,"تقع البنك العقاري في القاهرة، مصر. نوع المنطقة: بنك. البيانات من :contentReference[oaicite:1]{index=1}.",1
31.3210893,30.0909338,5314820722,بنك مصر,Bank,Bank,"تقع بنك مصر في القاهرة، مصر. نوع المنطقة: بنك. البيانات من :contentReference[oaicite:1]{index=1}.",1
31.3437701,30.1036246,5314820723,بنك مصر,Bank,Bank,"تقع بنك مصر في القاهرة، مصر. نوع المنطقة: بنك. البيانات من :contentReference[oaicite:1]{index=1}.",1
31.2459069,30.0472448,5348048523,Banco MAR cambio,Bank,Bank,"تقع Banco MAR cambio في القاهرة، مصر. نوع المنطقة: بنك. البيانات من :contentReference[oaicite:1]{index=1}.",1
31.2297056,30.0247787,5780394453,بنك التعمير و الاسكان,Bank,Bank,"تقع بنك التعمير و الاسكان في القاهرة، مصر. نوع المنطقة: بنك. البيانات من :contentReference[oaicite:1]{index=1}.",1
31.2202365,30.1052431,5810571454,بنك الأهلي المصري,Bank,Bank,"تقع بنك الأهلي المصري في القاهرة، مصر. نوع المنطقة: بنك. البيانات من :contentReference[oaicite:1]{index=1}.",1
31.3076037,30.0872021,5824368849,CIB Bank,Bank,Bank,"تقع CIB Bank في القاهرة، مصر. نوع المنطقة: بنك. البيانات من :contentReference[oaicite:1]{index=1}.",1
31.3110861,30.0889548,5854789060,National Bank of Egypt,Bank,Bank,"تقع National Bank of Egypt في القاهرة، مصر. نوع المنطقة: بنك. البيانات من :contentReference[oaicite:1]{index=1}.",1
31.3380706,30.0883885,5860416042,Bank ABC,Bank,Bank,"تقع Bank ABC في القاهرة، مصر. نوع المنطقة: بنك. البيانات من :contentReference[oaicite:1]{index=1}.",1
31.2461701,30.0624322,6123241397,ماكينة صراف آلى البنك الأهلى,Bank,Bank,"تقع ماكينة صراف آلى البنك الأهلى في القاهرة، مصر. نوع المنطقة: بنك. البيانات من :contentReference[oaicite:1]{index=1}.",1
31.2278468,30.0106866,6123242596,البنك الأهلى المصرى,Bank,Bank,"تقع البنك الأهلى المصرى في القاهرة، مصر. نوع المنطقة: بنك. البيانات من :contentReference[oaicite:1]{index=1}.",1
31.3430174,30.0389744,6259751729,National Bank of Egypt,Bank,Bank,"تقع National Bank of Egypt في القاهرة، مصر. نوع المنطقة: بنك. البيانات من :contentReference[oaicite:1]{index=1}.",1
31.3380475,30.0588127,6576132785,بنك عودة - فرع عباس العقاد,Bank,Bank,"تقع بنك عودة - فرع عباس العقاد في القاهرة، مصر. نوع المنطقة: بنك. البيانات من :contentReference[oaicite:1]{index=1}.",1
31.3448191,30.1016725,6632311237,CIB - Commercial International Bank,Bank,Bank,"تقع CIB - Commercial International Bank في القاهرة، مصر. نوع المنطقة: بنك. البيانات من :contentReference[oaicite:1]{index=1}.",1
31.3341571,30.0873384,7198313593,البنك الأهلي المصري,Bank,Bank,"تقع البنك الأهلي المصري في القاهرة، مصر. نوع المنطقة: بنك. البيانات من :contentReference[oaicite:1]{index=1}.",1
31.2580562,30.0653497,8476405354,بنك مصر,Bank,Bank,"تقع بنك مصر في القاهرة، مصر. نوع المنطقة: بنك. البيانات من :contentReference[oaicite:1]{index=1}.",1
31.2812334,30.0157855,9229876427,الأهلي للصرافة,Bank,Bank,"تقع الأهلي للصرافة في القاهرة، مصر. نوع المنطقة: بنك. البيانات من :contentReference[oaicite:1]{index=1}.",1
31.2351847,30.0471334,9312931771,Ahli United Bank,Bank,Bank,"تقع Ahli United Bank في القاهرة، مصر. نوع المنطقة: بنك. البيانات من :contentReference[oaicite:1]{index=1}.",1
31.2461979,30.0493113,9318123798,التجاري وفا بنك,Bank,Bank,"تقع التجاري وفا بنك في القاهرة، مصر. نوع المنطقة: بنك. البيانات من :contentReference[oaicite:1]{index=1}.",1
31.3307059,30.0851304,10165806948,FAB,Bank,Bank,"تقع FAB في القاهرة، مصر. نوع المنطقة: بنك. البيانات من :contentReference[oaicite:1]{index=1}.",1
31.2139716,30.0344473,10268408550,saib Bank - Mesaha Branch,Bank,Bank,"تقع saib Bank - Mesaha Branch في القاهرة، مصر. نوع المنطقة: بنك. البيانات من :contentReference[oaicite:1]{index=1}.",1
31.3444494,30.0687876,10280904839,بنك القاهرة,Bank,Bank,"تقع بنك القاهرة في القاهرة، مصر. نوع المنطقة: بنك. البيانات من :contentReference[oaicite:1]{index=1}.",1
31.4401802,30.0623788,10765882805,بلوك هه,Bank,Bank,"تقع بلوك هه في القاهرة، مصر. نوع المنطقة: بنك. البيانات من :contentReference[oaicite:1]{index=1}.",1
31.3530131,30.1158084,11040164581,البنك الاهلي الكويتي - مصر,Bank,Bank,"تقع البنك الاهلي الكويتي - مصر في القاهرة، مصر. نوع المنطقة: بنك. البيانات من :contentReference[oaicite:1]{index=1}.",1
31.4394955,29.9853035,11195233190,CIB Bank,Bank,Bank,"تقع CIB Bank في القاهرة، مصر. نوع المنطقة: بنك. البيانات من :contentReference[oaicite:1]{index=1}.",1
31.2355743,30.0354554,11994099965,CIB Central International Bank,Bank,Bank,"تقع CIB Central International Bank في القاهرة، مصر. نوع المنطقة: بنك. البيانات من :contentReference[oaicite:1]{index=1}.",1
31.3446124,30.0744806,12085923209,Banque MISR,Bank,Bank,"تقع Banque MISR في القاهرة، مصر. نوع المنطقة: بنك. البيانات من :contentReference[oaicite:1]{index=1}.",1
31.2203107,30.0567284,12278516454,Emirates NBD,Bank,Bank,"تقع Emirates NBD في القاهرة، مصر. نوع المنطقة: بنك. البيانات من :contentReference[oaicite:1]{index=1}.",1
31.2230636,30.0614111,12278567031,Ahli United Bank,Bank,Bank,"تقع Ahli United Bank في القاهرة، مصر. نوع المنطقة: بنك. البيانات من :contentReference[oaicite:1]{index=1}.",1
31.2188937,30.054397,12287881445,Banque Misr,Bank,Bank,"تقع Banque Misr في القاهرة، مصر. نوع المنطقة: بنك. البيانات من :contentReference[oaicite:1]{index=1}.",1
31.2188853,30.0538776,12287886366,Crédit Agricole,Bank,Bank,"تقع Crédit Agricole في القاهرة، مصر. نوع المنطقة: بنك. البيانات من :contentReference[oaicite:1]{index=1}.",1
31.2153162,30.0193253,12517805300,البنك الاهلي المصري,Bank,Bank,"تقع البنك الاهلي المصري في القاهرة، مصر. نوع المنطقة: بنك. البيانات من :contentReference[oaicite:1]{index=1}.",1
31.3421456,30.1005014,13059683802,البنك الاهلي المصري تريومف,Bank,Bank,"تقع البنك الاهلي المصري تريومف في القاهرة، مصر. نوع المنطقة: بنك. البيانات من :contentReference[oaicite:1]{index=1}.",1
31.3647395,30.1221238,13169228901,Cib,Bank,Bank,"تقع Cib في القاهرة، مصر. نوع المنطقة: بنك. البيانات من :contentReference[oaicite:1]{index=1}.",1
31.3659024,30.1219918,13177651907,Qnb,Bank,Bank,"تقع Qnb في القاهرة، مصر. نوع المنطقة: بنك. البيانات من :contentReference[oaicite:1]{index=1}.",1
31.2425493,30.0505583,13177652002,Egbank,Bank,Bank,"تقع Egbank في القاهرة، مصر. نوع المنطقة: بنك. البيانات من :contentReference[oaicite:1]{index=1}.",1
31.2311114,30.036932,13230448229,Alex Bank,Bank,Bank,"تقع Alex Bank في القاهرة، مصر. نوع المنطقة: بنك. البيانات من :contentReference[oaicite:1]{index=1}.",1
31.2353798,30.0414679,13230457354,Banque Misr,Bank,Bank,"تقع Banque Misr في القاهرة، مصر. نوع المنطقة: بنك. البيانات من :contentReference[oaicite:1]{index=1}.",1
31.2353338,30.0412093,13230457355,The United Bank,Bank,Bank,"تقع The United Bank في القاهرة، مصر. نوع المنطقة: بنك. البيانات من :contentReference[oaicite:1]{index=1}.",1
31.4744984,30.0721851,13495685856,Banque Misr,Bank,Bank,"تقع Banque Misr في القاهرة، مصر. نوع المنطقة: بنك. البيانات من :contentReference[oaicite:1]{index=1}.",1
31.2392026,30.0459891,573794410,النخيلي,Mall,Mall,"تقع هذه المنشأة في القاهرة، مصر. نوع المنطقة: مول تجاري (Mall). البيانات من OpenStreetMap.",1
31.2842341,29.9776148,2199534862,بندر المعادى مول,Mall,Mall,"تقع هذه المنشأة في القاهرة، مصر. نوع المنطقة: مول تجاري (Mall). البيانات من OpenStreetMap.",1
31.4819901,30.0081998,2657083153,مدرسة ال ياسر,Mall,Mall,"تقع هذه المنشأة في القاهرة، مصر. نوع المنطقة: مول تجاري (Mall). البيانات من OpenStreetMap.",1
31.2821522,30.0704821,4317958955,عمر افندي,Mall,Mall,"تقع هذه المنشأة في القاهرة، مصر. نوع المنطقة: مول تجاري (Mall). البيانات من OpenStreetMap.",1
31.5227372,30.0439393,4573091465,مول تجاري,Mall,Mall,"تقع هذه المنشأة في القاهرة، مصر. نوع المنطقة: مول تجاري (Mall). البيانات من OpenStreetMap.",1
31.4969689,30.0297716,4855442042,مول ماكسيم,Mall,Mall,"تقع هذه المنشأة في القاهرة، مصر. نوع المنطقة: مول تجاري (Mall). البيانات من OpenStreetMap.",1
31.4176124,30.0140257,5817986012,جى اوت مول,Mall,Mall,"تقع هذه المنشأة في القاهرة، مصر. نوع المنطقة: مول تجاري (Mall). البيانات من OpenStreetMap.",1
31.4084134,30.0259916,6280290892,parking_entrance,Mall,Mall,"تقع هذه المنشأة في القاهرة، مصر. نوع المنطقة: مول تجاري (Mall). البيانات من OpenStreetMap.",1
31.7034869,30.1113397,6976490259,بدر بلازا مول - Badr Plaza Mall,Mall,Mall,"تقع هذه المنشأة في القاهرة، مصر. نوع المنطقة: مول تجاري (Mall). البيانات من OpenStreetMap.",1
31.5961938,30.1709753,7035274148,Sky Mall,Mall,Mall,"تقع هذه المنشأة في القاهرة، مصر. نوع المنطقة: مول تجاري (Mall). البيانات من OpenStreetMap.",1
31.4211553,30.0043182,8142449266,Life Mall,Mall,Mall,"تقع هذه المنشأة في القاهرة، مصر. نوع المنطقة: مول تجاري (Mall). البيانات من OpenStreetMap.",1
31.633175,30.1391051,8230672463,Marbella Mall,Mall,Mall,"تقع هذه المنشأة في القاهرة، مصر. نوع المنطقة: مول تجاري (Mall). البيانات من OpenStreetMap.",1
31.6515309,30.1644417,8237574063,FUTURE MALL,Mall,Mall,"تقع هذه المنشأة في القاهرة، مصر. نوع المنطقة: مول تجاري (Mall). البيانات من OpenStreetMap.",1
31.640448,30.1558008,8244886901,Value Mall,Mall,Mall,"تقع هذه المنشأة في القاهرة، مصر. نوع المنطقة: مول تجاري (Mall). البيانات من OpenStreetMap.",1
31.4259845,30.003628,9179082666,XS79 Mall,Mall,Mall,"تقع هذه المنشأة في القاهرة، مصر. نوع المنطقة: مول تجاري (Mall). البيانات من OpenStreetMap.",1
31.2674153,30.0281646,9819935629,Citadel Plaza,Mall,Mall,"تقع هذه المنشأة في القاهرة، مصر. نوع المنطقة: مول تجاري (Mall). البيانات من OpenStreetMap.",1
31.348158,30.0509552,9837910512,تكنولوجي مول,Mall,Mall,"تقع هذه المنشأة في القاهرة، مصر. نوع المنطقة: مول تجاري (Mall). البيانات من OpenStreetMap.",1
31.4754327,30.030603,10269809222,The v mall,Mall,Mall,"تقع هذه المنشأة في القاهرة، مصر. نوع المنطقة: مول تجاري (Mall). البيانات من OpenStreetMap.",1
31.2513715,30.0533553,10298573002,Sednaoui Mall,Mall,Mall,"تقع هذه المنشأة في القاهرة، مصر. نوع المنطقة: مول تجاري (Mall). البيانات من OpenStreetMap.",1
31.6383059,30.1638052,10940868834,TOWN CENTER MALL,Mall,Mall,"تقع هذه المنشأة في القاهرة، مصر. نوع المنطقة: مول تجاري (Mall). البيانات من OpenStreetMap.",1
31.6452436,30.1669556,10940868835,Car Parking Area,Mall,Mall,"تقع هذه المنشأة في القاهرة، مصر. نوع المنطقة: مول تجاري (Mall). البيانات من OpenStreetMap.",1
31.3454451,30.07201,11328937379,parking_entrance,Mall,Mall,"تقع هذه المنشأة في القاهرة، مصر. نوع المنطقة: مول تجاري (Mall). البيانات من OpenStreetMap.",1
31.3453858,30.0719803,11328937397,parking_entrance,Mall,Mall,"تقع هذه المنشأة في القاهرة، مصر. نوع المنطقة: مول تجاري (Mall). البيانات من OpenStreetMap.",1
31.4071842,30.0258971,11329127787,parking_entrance,Mall,Mall,"تقع هذه المنشأة في القاهرة، مصر. نوع المنطقة: مول تجاري (Mall). البيانات من OpenStreetMap.",1
31.4065716,30.026164,11329127791,parking_entrance,Mall,Mall,"تقع هذه المنشأة في القاهرة، مصر. نوع المنطقة: مول تجاري (Mall). البيانات من OpenStreetMap.",1
31.407277,30.0258566,11329127810,parking_entrance,Mall,Mall,"تقع هذه المنشأة في القاهرة، مصر. نوع المنطقة: مول تجاري (Mall). البيانات من OpenStreetMap.",1
31.3673626,30.0815711,11350734146,parking_entrance,Mall,Mall,"تقع هذه المنشأة في القاهرة، مصر. نوع المنطقة: مول تجاري (Mall). البيانات من OpenStreetMap.",1
31.3673345,30.0816003,11350734164,parking_entrance,Mall,Mall,"تقع هذه المنشأة في القاهرة، مصر. نوع المنطقة: مول تجاري (Mall). البيانات من OpenStreetMap.",1
31.3673086,30.0816273,11350734165,parking_entrance,Mall,Mall,"تقع هذه المنشأة في القاهرة، مصر. نوع المنطقة: مول تجاري (Mall). البيانات من OpenStreetMap.",1
31.3672822,30.0816548,11350734187,parking_entrance,Mall,Mall,"تقع هذه المنشأة في القاهرة، مصر. نوع المنطقة: مول تجاري (Mall). البيانات من OpenStreetMap.",1
31.3664929,30.0825893,11350804167,parking_entrance,Mall,Mall,"تقع هذه المنشأة في القاهرة، مصر. نوع المنطقة: مول تجاري (Mall). البيانات من OpenStreetMap.",1
31.6283992,30.1091303,11379179095,parking_entrance,Mall,Mall,"تقع هذه المنشأة في القاهرة، مصر. نوع المنطقة: مول تجاري (Mall). البيانات من OpenStreetMap.",1
31.5092596,30.0589658,11503306511,parking_entrance,Mall,Mall,"تقع هذه المنشأة في القاهرة، مصر. نوع المنطقة: مول تجاري (Mall). البيانات من OpenStreetMap.",1
31.5093433,30.0589751,11503306523,parking_entrance,Mall,Mall,"تقع هذه المنشأة في القاهرة، مصر. نوع المنطقة: مول تجاري (Mall). البيانات من OpenStreetMap.",1
31.5090872,30.0579935,11522088972,parking_entrance,Mall,Mall,"تقع هذه المنشأة في القاهرة، مصر. نوع المنطقة: مول تجاري (Mall). البيانات من OpenStreetMap.",1
31.6404358,30.1628789,12631281167,مول البوابة,Mall,Mall,"تقع هذه المنشأة في القاهرة، مصر. نوع المنطقة: مول تجاري (Mall). البيانات من OpenStreetMap.",1
31.6405639,30.1621841,12631312638,الشروق سيتي مول ٥,Mall,Mall,"تقع هذه المنشأة في القاهرة، مصر. نوع المنطقة: مول تجاري (Mall). البيانات من OpenStreetMap.",1
31.6401449,30.1639161,12631319791,مون يارد مول,Mall,Mall,"تقع هذه المنشأة في القاهرة، مصر. نوع المنطقة: مول تجاري (Mall). البيانات من OpenStreetMap.",1
31.7290139,29.9963649,13114276395,I Business Park | ARQA,Mall,Mall,"تقع هذه المنشأة في القاهرة، مصر. نوع المنطقة: مول تجاري (Mall). البيانات من OpenStreetMap.",1
31.6120259,30.163781,13475698341,كانتري مول Country Mall,Mall,Mall,"تقع هذه المنشأة في القاهرة، مصر. نوع المنطقة: مول تجاري (Mall). البيانات من OpenStreetMap.",1
31.4453889,29.9865325,11199580923,parking_entrance,Industrial,Industrial,"تقع هذه المنشأة في القاهرة، مصر. نوع المنطقة: مبنى صناعي (Industrial Building). البيانات من OpenStreetMap.",2
31.4077763,30.0169056,11348002079,parking_entrance,Industrial,Industrial,"تقع هذه المنشأة في القاهرة، مصر. نوع المنطقة: مبنى صناعي (Industrial Building). البيانات من OpenStreetMap.",2
31.4077769,30.0169509,11348002093,parking_entrance,Industrial,Industrial,"تقع هذه المنشأة في القاهرة، مصر. نوع المنطقة: مبنى صناعي (Industrial Building). البيانات من OpenStreetMap.",2
31.4084414,30.0169038,11348002095,parking_entrance,Industrial,Industrial,"تقع هذه المنشأة في القاهرة، مصر. نوع المنطقة: مبنى صناعي (Industrial Building). البيانات من OpenStreetMap.",2
31.4084415,30.0169447,11348002097,parking_entrance,Industrial,Industrial,"تقع هذه المنشأة في القاهرة، مصر. نوع المنطقة: مبنى صناعي (Industrial Building). البيانات من OpenStreetMap.",2
31.4452603,29.9874303,11371013471,parking_entrance,Industrial,Industrial,"تقع هذه المنشأة في القاهرة، مصر. نوع المنطقة: مبنى صناعي (Industrial Building). البيانات من OpenStreetMap.",2
31.4443033,29.9875091,11371013473,parking_entrance,Industrial,Industrial,"تقع هذه المنشأة في القاهرة، مصر. نوع المنطقة: مبنى صناعي (Industrial Building). البيانات من OpenStreetMap.",2
31.4447711,29.9874466,11371013475,parking_entrance,Industrial,Industrial,"تقع هذه المنشأة في القاهرة، مصر. نوع المنطقة: مبنى صناعي (Industrial Building). البيانات من OpenStreetMap.",2
31.4443996,29.9876474,11371013477,parking_entrance,Industrial,Industrial,"تقع هذه المنشأة في القاهرة، مصر. نوع المنطقة: مبنى صناعي (Industrial Building). البيانات من OpenStreetMap.",2
31.4448765,29.9875974,11371013479,parking_entrance,Industrial,Industrial,"تقع هذه المنشأة في القاهرة، مصر. نوع المنطقة: مبنى صناعي (Industrial Building). البيانات من OpenStreetMap.",2
31.4452301,29.9862417,11391804366,parking_entrance,Industrial,Industrial,"تقع هذه المنشأة في القاهرة، مصر. نوع المنطقة: مبنى صناعي (Industrial Building). البيانات من OpenStreetMap.",2
